-- MariaDB dump 10.19  Distrib 10.5.19-MariaDB, for debian-linux-gnu (x86_64)
--
-- Host: localhost    Database: mihogar
-- ------------------------------------------------------
-- Server version	10.5.19-MariaDB-0+deb11u2

/*!40101 SET @OLD_CHARACTER_SET_CLIENT=@@CHARACTER_SET_CLIENT */;
/*!40101 SET @OLD_CHARACTER_SET_RESULTS=@@CHARACTER_SET_RESULTS */;
/*!40101 SET @OLD_COLLATION_CONNECTION=@@COLLATION_CONNECTION */;
/*!40101 SET NAMES utf8mb4 */;
/*!40103 SET @OLD_TIME_ZONE=@@TIME_ZONE */;
/*!40103 SET TIME_ZONE='+00:00' */;
/*!40014 SET @OLD_UNIQUE_CHECKS=@@UNIQUE_CHECKS, UNIQUE_CHECKS=0 */;
/*!40014 SET @OLD_FOREIGN_KEY_CHECKS=@@FOREIGN_KEY_CHECKS, FOREIGN_KEY_CHECKS=0 */;
/*!40101 SET @OLD_SQL_MODE=@@SQL_MODE, SQL_MODE='NO_AUTO_VALUE_ON_ZERO' */;
/*!40111 SET @OLD_SQL_NOTES=@@SQL_NOTES, SQL_NOTES=0 */;

--
-- Table structure for table `ad_addresses`
--

DROP TABLE IF EXISTS `ad_addresses`;
/*!40101 SET @saved_cs_client     = @@character_set_client */;
/*!40101 SET character_set_client = utf8 */;
CREATE TABLE `ad_addresses` (
  `ad_id` varchar(36) NOT NULL,
  `ad_dpi` varchar(20) NOT NULL,
  `ad_fullname` varchar(100) NOT NULL,
  `ad_address` varchar(100) NOT NULL,
  `ad_relationship` varchar(50) NOT NULL,
  `ad_phone` varchar(20) NOT NULL,
  `ad_workaddress` varchar(150) NOT NULL,
  `ad_status` tinyint(1) NOT NULL DEFAULT 1,
  `ad_regdate` datetime NOT NULL DEFAULT current_timestamp(),
  `at_id` int(11) NOT NULL,
  `ci_id` int(11) NOT NULL,
  `pe_id` varchar(36) NOT NULL,
  PRIMARY KEY (`ad_id`),
  KEY `pe_id` (`pe_id`),
  KEY `ci_id` (`ci_id`),
  KEY `at_id` (`at_id`),
  CONSTRAINT `ad_addresses_ibfk_1` FOREIGN KEY (`pe_id`) REFERENCES `pe_persons` (`pe_id`),
  CONSTRAINT `ad_addresses_ibfk_2` FOREIGN KEY (`ci_id`) REFERENCES `ci_cities` (`ci_id`),
  CONSTRAINT `ad_addresses_ibfk_3` FOREIGN KEY (`at_id`) REFERENCES `at_addresstypes` (`at_id`)
) ENGINE=InnoDB DEFAULT CHARSET=utf8mb4 COLLATE=utf8mb4_general_ci;
/*!40101 SET character_set_client = @saved_cs_client */;

--
-- Dumping data for table `ad_addresses`
--

LOCK TABLES `ad_addresses` WRITE;
/*!40000 ALTER TABLE `ad_addresses` DISABLE KEYS */;
INSERT INTO `ad_addresses` VALUES ('02012bd7-a2fa-4992-8b87-92c1cc1dd5d2','2388 75237 0301','Luis Alfredo Fernández','6 calle 3-03 zona 1','','3012-0301','Ideas creativas ciudad vieja',1,'2023-07-19 17:13:23',1001,1003,'969a16b4-2bda-4a8a-b18c-d9b25c25af34'),('0206b7b3-6302-4b22-81c5-d88e0285b5d8','2607 49338 0312','Martina Gonzalez Gomez De Acajabon','Frente al callejon del vivero, san lorenzo el cubo','','0000-0000','Comerciante',1,'2023-07-28 15:32:07',1001,1003,'4a74af44-1648-44d0-bc82-42b8cd1683a8'),('02c5a45c-11c9-4276-abe8-7e0978233d48',' ','Aura Marina García','','','4284-1359','',1,'2023-07-28 12:41:58',1002,1002,'6b7aa1e7-afea-455a-a080-3399e4d654c6'),('03066bc0-6cd0-4ceb-80b4-73d387e352a4',' ','Amilcar Alfredo García Vásquez','','','5741-2195','',1,'2023-07-31 20:09:52',1002,1002,'1c11057e-22d8-42f2-b9f4-0e5d214a922c'),('03b331d0-af4a-4a51-bbd7-3474ca40d777','1950 24478 0312','Florencio Jimenez Reyes','Callejon isidro garcia, san lorenzo el cubo','','3398-9456','',1,'2023-07-28 17:55:51',1001,1003,'c34cb3da-c11b-43b1-a7ea-503c5540918b'),('0415633b-7a16-41fb-b0e2-f165bb342b1c',' ','Juana Francisca De Alvarez','','','3620-3733','',1,'2023-07-28 12:23:38',1002,1002,'15a92600-eb41-4172-9e38-633f4879d17d'),('04177168-be6e-4b70-a185-d50bb4f28efb',' ','Dinora Olayo','','','4308-7902','',1,'2023-07-31 21:47:16',1002,1002,'cbe07eec-5317-4832-b2cc-1cc88ca1c115'),('0538d9aa-7c5f-4e99-91bd-43dd69484391','1598 32098 0501','Leonel Francisco Florez Hernandez','Calle principal casa 47 aldea guadalupe el zapote','','sin telefono','Panificador, finca el zapote',1,'2023-07-25 14:42:01',1001,1006,'110f5b95-d887-4217-94aa-011ae3a74406'),('067a489f-de99-44c1-9151-0bf26b19e36f','2911 91409 0301','Julia Celeste Ramirez Sanchez','5 av. 5-13 a zona 1','','5171-3362/5568-4005','Dependiente de farmacia, farmaclis',1,'2023-07-31 11:32:51',1001,1003,'c04c07ca-7fab-48dd-833a-c0c567f3819d'),('070fb491-0459-4c58-a8be-58aec7c9922b',' ','Concepción Vásquez','','','0000-0000','',1,'2023-07-31 14:49:57',1002,1002,'2e65c65f-2656-4ca5-8126-e4fb9f85e23b'),('075a382f-b43b-47d5-b99f-40f619b04647','3062 46422 0311','Miriam Fabiola Ciriaco Sunún','Callejon pechugas 4 l. 6 aldea san lorenzo el cubo','','4260-9403','',1,'2023-07-18 18:56:53',1001,1003,'ebfce75c-674f-4773-805a-f219f9f9ca98'),('08197c59-f8f6-4aef-911e-5f0aaffe4922','2550 02335 0312','Hilda Violeta Tajtaj González','Callejon de la comunidad, san lorenzo el cubo','','0000-0000','Comerciante',1,'2023-07-31 15:06:23',1001,1003,'ce5a819d-1e24-415e-ab24-c81fb8bf0bc6'),('081c4309-1129-4ee1-8df5-a704d166f417','1629 48905 0312','Luky Doricelda Olayo Rodriguez','Callejon la limonada san lorenzo el cubo','','4111-4767','Ama de casa',1,'2023-07-27 14:40:02',1001,1003,'c7b528ea-ada9-4be3-b14d-c33b0b921598'),('0850ea5f-cd47-4bf5-9478-8ee92d1d8181','3072 78805 0412','Miguel Francisco Hernandez Ordoñez','Callejon la limonada, aldea san lorenzo el cubo','','4115-9047','Albañil, callejon finca san sebastian, san miguel dueñas',1,'2023-07-28 15:07:41',1001,1003,'3869f488-5fcf-4628-97a3-443238162319'),('08d5c670-19ee-4ad1-84a1-ad2a2f068d98',' ','Silvia Jiménez','','','4748-0153','',1,'2023-07-19 17:20:34',1002,1002,'a240c6f0-b3c4-4d32-9ae8-52f0441e9560'),('090e73f5-2202-437e-89ff-6543bf667681',' ','Blanca Salama','Ciudad vieja','Vecina','5053-6813','',1,'2023-07-18 16:52:22',1002,1003,'72255d26-f2c7-40db-a314-2a77dd37f8c2'),('095cfd02-e68a-4914-9b63-f7763e8239a7',' ','Vilma López','','','4695-9608','',1,'2023-07-31 15:19:29',1002,1002,'53257d03-7ff4-4081-a440-1ed96ba03892'),('09de80b8-6c4e-4da4-8f39-d0b6491b5b6c','1903 11290 0311','Alberto Vásquez Hernández','Sector sabana chiquita 2 canton 2-94','','5423-8403','Comerciante',1,'2023-07-31 11:19:34',1001,1008,'0ab15e11-9213-43bc-89b2-e6119a8d4679'),('09e114ff-61da-401b-9b13-00f54ddc8d04',' ','Elva Vasquez Ortiz','','','5932-8746','',1,'2023-07-31 11:19:55',1002,1002,'0ab15e11-9213-43bc-89b2-e6119a8d4679'),('0a9eeebe-68c0-4996-a12c-a18d3ff3c0d2','2846 24977 0301','Israel Alejandro Pol Lopez','Calle principal san lorenzo el cubo ciudad vieja sac','','3273-4861','Comerciante, taller electrico alfa y omega',1,'2023-07-25 15:16:17',1001,1003,'0e2f5cff-9708-4b7b-9ea3-aff816377176'),('0b7a456f-dac5-401f-bd32-1230e18ee461','2709 46063 0313','Handersson Geovany Perez Arenales','San lorenzo el cubo','','4268-5314','',1,'2023-07-18 18:55:34',1001,1003,'a5cdb768-5b85-4db0-837b-a4fbd8c145ad'),('0b993b6f-2bbf-45c8-a302-e9c62c077d8c','2193 76352 0312','Adelaida Patzán Pérez De López','Calle de la sanja','','5972-0466','Ama de casa',1,'2023-07-31 14:57:28',1001,1005,'e7e7bfe7-62b9-4dd6-a65b-167368b5f518'),('0c2943f7-8416-4492-89b7-bc18593fcf43','1669 09661 0301','Carlos Gabino Alvarez Yuc','','','4588-6035','',1,'2023-08-01 18:28:58',1001,1005,'b80b933f-1970-4800-bafa-a5752f5e1b34'),('0c92a3d3-a919-4a6b-8f27-75b8a0853394',' ','Jonathan  Josue Godinez Sinay','','','4735-0464','',1,'2023-07-31 21:00:51',1002,1002,'b1b8e378-3466-479c-acf6-cefc0ef01aec'),('0e68e192-07b6-4a00-98c4-6f37684cf543',' ','Fredy Turu','','','4882-1434','',1,'2023-07-31 14:16:45',1002,1002,'8010577f-7741-4824-aa16-382fbb74c50a'),('0ea7c9cd-d387-4dc2-96af-f2c0eb0514d1',' ','Daniel Lopez','','','5056-4215','',1,'2023-07-25 15:16:48',1002,1002,'0e2f5cff-9708-4b7b-9ea3-aff816377176'),('0fc68427-18fe-4442-b118-dc4c28fb4ce0',' ','Victor Taj','','','3486-2568','',1,'2023-07-19 20:22:13',1002,1002,'091a809e-edd6-4213-ae79-7ef4505ff530'),('0fd8cbff-5357-4734-b31f-84b35a24a604',' ','Lesly Moscoso','','','4523-1002','',1,'2023-07-31 20:31:16',1002,1002,'fbc9222e-1656-4368-900c-61b0697fb32b'),('105b8c3e-1c50-4e54-b2f7-7fe0339dfbe2',' ','Jovani Martinez','','','5928-0527','',1,'2023-07-28 17:27:30',1002,1002,'1bf4378f-8539-4fcd-baaf-40be3dd6781a'),('12088c5c-1f0c-4a84-b5bf-aa047200b39c',' ','Jonathan Barela','','','4714-1393','',1,'2023-07-28 12:58:20',1002,1002,'553d2032-02b9-42aa-a6d1-8b199600efe7'),('12514d76-dcea-4ddf-9f81-3da9fbd60654',' ','Brenda Pérez Hernández','','','3383-9641','',1,'2023-07-19 20:27:52',1002,1002,'9729f6f7-27a5-4a3f-896f-e872e0e1c63b'),('12571a25-043f-46ca-8463-8f8284eadc21','2508 70169 0312','Carlos Omar Jimenez Lopez','Callejon de la comunidad, san lorenzo el cubo','','3530-0886','Carpintero',1,'2023-07-28 12:47:23',1001,1003,'21bd4cc6-7a25-43fe-8e96-c84b7f0cbd03'),('1346cd01-758e-4536-978e-ddb13363c432',' ','Silvia Aracely Vásquez','','','3680-3881','',1,'2023-07-31 11:14:08',1002,1002,'6dc9affd-972b-4830-9460-6f94c2711ce6'),('1368130a-5b9e-43ad-bc33-6dba87041732','3060 18268 0302','Jaquelin Roxana Castellanos Azurdia','Callejon de la comunidad 2 av 4-76 zona 2 san lorenzo el cubo','','5867-5772','',1,'2023-07-26 18:25:43',1001,1003,'be46434b-09a5-4ca2-bb5f-7b1460b2c402'),('13e60226-0c30-4077-a422-e023482cdd3e',' ','Jairo Santos','San lorenzo el cubo','Hermano','4176-7003','',1,'2023-08-01 17:10:31',1002,1003,'496196ab-1bd4-4b5b-8cbe-25ca7e00cec7'),('1426926c-ad5b-499b-9c3f-f52212dcb98d','2715 14752 0312','Gilberto Everardo González Chapel','Carretera nueva a san lorenzo l. 45 crio. bosarreyes','','3812-2777','',1,'2023-07-28 16:04:25',1003,1003,'f5b3c21d-81f6-4d37-bbd4-f39b8584de15'),('143135ab-79c8-4967-80d1-200f2f21277a','2593 93215 0101','Esdras Josue Larios Villela','Manzana c lote 16 cañadas de guatelinda','','5622-0589','Cobros, corporacion s,a.',1,'2023-07-31 17:48:36',1001,1006,'0f8cc267-191e-4bc0-a66e-c48bbeab6982'),('15825a9d-1acd-4262-b9b5-de1d044f1d96','3062 78790 0312','Josue Nehemias Godinez Gomez','Camino a san antonio no.15 aldea san lorenzo el cubo','','4474-3314','Pollo campero',1,'2023-07-25 17:36:04',1001,1003,'68d2815d-1075-406d-bac6-cd4faea8dd0b'),('15a79ff1-34a9-4b65-a0f4-7eb793ee0dad',' ','Marvin Daniel González Chapel','','','3255-9877','',1,'2023-07-28 16:03:23',1002,1002,'f5b3c21d-81f6-4d37-bbd4-f39b8584de15'),('17b89250-f183-4b53-ab84-7b7a54ec044d',' ','Elvia Vega','','','4389-9538','',1,'2023-07-19 20:38:55',1002,1002,'e47e1ec9-f331-4ce4-ac20-3b8e14d9945f'),('17d280f4-90af-481d-94f5-35519fb3dec7',' ','Bernardo Lopez','','','5555-9024','',1,'2023-07-25 16:27:30',1002,1002,'58f37bcf-3f14-4b0b-b264-3f3b9e0fa91a'),('17f9b0c7-00be-4fe5-8fd2-416d920c3a09',' ','Francisca Ordoñez','','','3086-9338','',1,'2023-07-19 17:17:37',1002,1002,'68a42481-5c71-4550-bfbe-cd299488c9bb'),('184898f2-46bf-4119-872e-2a8013a48bbb','2069 59303 0312','Melsin Renato Gómez Hernández','Calle principal no. 21 san lorenzo el cubo (cjon. la limonada)','','3625-4922','Albañil',1,'2023-07-31 15:16:10',1001,1003,'f7aa4c32-abbe-4135-b5f6-f02e544102ce'),('187870ac-6ee1-4404-a135-6919a3d4917b',' ','Amabilia González','','','4297-2164','',1,'2023-07-28 15:53:21',1002,1002,'352f083f-79ce-4c6c-9fc9-49782cc56439'),('194e01d2-8e12-4008-bc17-3f401d5797eb',' ','Luisa López','','','5456-2553','',1,'2023-07-31 12:19:51',1002,1002,'a30e82c5-4f97-4ee8-aca2-fce3afd80d52'),('1a9abb7e-719e-4251-94c3-90ab940a9288',' ','Royer Ariel Gomez Lopez','','','5399-6480','',1,'2023-07-31 15:16:44',1002,1002,'f7aa4c32-abbe-4135-b5f6-f02e544102ce'),('1b795018-350f-485f-ab59-9437a7b44c5f',' ','Paola Herrera Caná','','','5635-9549','',1,'2023-07-19 20:26:20',1002,1002,'89f6d914-2124-429e-ae10-bd92a4e27a76'),('1c42af52-4a5b-41c5-a141-1065d345987d',' ','Irma Caná','','','5074-7006','',1,'2023-07-19 20:51:00',1002,1002,'1d298f36-ba20-44f3-b9ec-fefcb05e02e4'),('1c7423b6-2868-4766-980f-af613838d70b',' ','Merbelyn Yadira Galindo','','','3700-8635','',1,'2023-07-25 17:19:46',1002,1002,'b2521ae2-6862-4d7c-9214-8dfb2ba60e7c'),('1e805db1-ca2d-4cf5-ab9a-05a1034439c6',' ','Cesar Barrientos','','','5951-0770','',1,'2023-07-28 12:58:32',1002,1002,'553d2032-02b9-42aa-a6d1-8b199600efe7'),('1f69f225-04c5-4402-b0b8-643232643da4',' ','Diviam','','','5497-4803','',1,'2023-07-19 20:22:00',1002,1002,'091a809e-edd6-4213-ae79-7ef4505ff530'),('201af260-f088-4798-9779-588c5327c261',' ','Deivin Olayo','','','4645-6187','',1,'2023-07-28 16:03:38',1002,1002,'f5b3c21d-81f6-4d37-bbd4-f39b8584de15'),('20a918d2-8020-4b30-93e3-d1294d48b776',' ','Edwin Orlando Patzán','','','5122-7665','',1,'2023-07-31 14:57:41',1002,1002,'e7e7bfe7-62b9-4dd6-a65b-167368b5f518'),('20bdf943-768c-4fa6-8591-ea42f8c0f499',' ','Glendy Yosmari Hernandez Ordoñez','','','3956-4139','',1,'2023-07-28 15:08:08',1002,1002,'3869f488-5fcf-4628-97a3-443238162319'),('212c88bd-cee2-4567-8671-a50babedfff6','2183 74976 0312','Martin Celada Voz','Segundo callejon atras de la iglesia catolica  5 av 3-46 san lorenzo el cubo','','4197-4168','Albañil, antigua gardens',1,'2023-07-24 14:49:20',1001,1003,'735c6789-5199-46aa-a0b9-94a5bbabc2d8'),('2157c76a-ccfb-4058-87dd-94f5de63bd44',' ','Lady Castellanos','','','5568-0501','',1,'2023-07-25 14:11:15',1002,1002,'81c2f770-6e69-46f3-819c-f56c3e33a0dd'),('219ba18c-4858-4ad4-bfd3-96d2d207a801',' ','Edgar Daniel López Ramírez','','','4535-8636','',1,'2023-07-19 17:24:43',1002,1002,'b3d64882-65da-492e-94cd-7d721cf8b069'),('219df197-2bef-4e64-9741-bfaf0c843a2a','1654 27108 0301','Diana Maribel Pérez Pérez De Pérez','2 calle zona 0 san lorenzo el cubo','','4034-2644','Comerciante',1,'2023-07-31 11:36:00',1001,1003,'38d5d1ef-c47d-4a9c-9d64-9e57b730c792'),('2241645e-f7ce-4852-b6ae-a7a118f51a0d',' ','Jessica Lourdes Lopez','','','5596-4919','',1,'2023-07-31 21:30:33',1002,1002,'aee26f35-94d3-4a2c-bc69-f61e3dcf24b6'),('226b7084-e48e-472f-ba4a-f3051985c432',' ','Arib Lopez','','','5421-0107','',1,'2023-07-25 15:16:32',1002,1002,'0e2f5cff-9708-4b7b-9ea3-aff816377176'),('22dab501-85b2-4893-80d7-914fe3f7ef0f','2871 60734 0312','Erika Azucena Morales Gonzales','San lorenzo el cubo','','3852-4580','Ama de casa',1,'2023-07-31 20:33:35',1001,1003,'b49aff67-0d38-41c1-990e-69dc6214f696'),('2380a69c-56de-4a98-a3dc-03e56e5dcfa4','2459 92596 0301','Luis Jeremías Pérez Jiménez','3 calle zona 3 ciudad vieja','','5003-6320','Comerciante',1,'2023-07-19 17:18:51',1001,1003,'75674e31-bdc3-47ab-aa5a-5879313c2fac'),('23a2bae7-acb2-494d-9792-e06863c85437',' ','Norma Vasquez Gomez','San lorenzo el cubo','','3415-2310','',1,'2023-08-01 17:08:33',1002,1003,'496196ab-1bd4-4b5b-8cbe-25ca7e00cec7'),('241c8a9f-8c5c-4959-aae5-6716930204d7','3057 21771 0301','Michelle Adriana Figueroa Gomez','2 av,5-83 san lorenzo el cubo','','3789-3599','Ama de casa',1,'2023-07-31 14:16:32',1001,1003,'8010577f-7741-4824-aa16-382fbb74c50a'),('2432e309-2585-4472-a3b5-26036bcc4b12',' ','Lourdes Camargo','Ciudad vieja','Hermana','3898-7069','',1,'2023-07-18 16:53:36',1001,1003,'72255d26-f2c7-40db-a314-2a77dd37f8c2'),('24500c14-2caa-400e-9aac-e364f17242b1','2638 05786 0312','Edgar Eduardo Caná Perez','Calle del cause no. 3 san lorenzo el cubo','','5191-5388','Jornalero',1,'2023-07-19 20:25:32',1001,1003,'89f6d914-2124-429e-ae10-bd92a4e27a76'),('24b75e53-737e-45a8-b86c-2ea8d1dece0f',' ','Rafael Gonzalez','','','3772-2922','',1,'2023-07-31 21:35:42',1002,1002,'c7161a62-0dbb-4b7e-af74-f5b9ab01ee5b'),('24c87a05-8b2a-47df-8947-eb90d333e1db','2229 92344 1710','Edras Calet Velez Monrroy','Escuela de la comunidad, san lorenzo el cubo','','4285-0985','Ayudante de ferretería, ferreteria bethesda',1,'2023-07-25 14:52:56',1001,1003,'5bbbf059-4879-41a9-bd39-4b441ba5ea95'),('25104e5b-3b34-41fe-87fd-1734a86d884f',' ','Hector González','','','5748-2055','',1,'2023-07-31 15:19:49',1002,1002,'53257d03-7ff4-4081-a440-1ed96ba03892'),('261e0e57-09a4-44fd-a992-3964d36d9cd4',' ','Pedro Pú','','','sin numero','',1,'2023-07-19 17:22:24',1002,1002,'748e9fdc-7514-4b02-b49a-6c500136c8ea'),('265acb80-bfda-4e3f-9961-82d72a30ed7c','2775 33406 0301','Cesar Anibal Cana Mendoza','2 calle no. 46 san lorenzo el cubo','','4686-1868','',1,'2023-08-07 10:56:12',1001,1003,'e674cb64-bdb6-4e12-add9-ccfd1de434e5'),('26d46875-53f7-49e8-83f6-2b9fda4f7077',' ','Rafael Hernández','','','3780-9338','',1,'2023-07-19 17:17:15',1002,1002,'68a42481-5c71-4550-bfbe-cd299488c9bb'),('28b861cd-00b8-4e19-a957-a93471547835',' ','Blanca Quixan','','','4033-4914','',1,'2023-07-31 15:26:31',1002,1002,'bea73bb6-655d-4e1c-a360-f21485d48834'),('2a0ccc57-1207-4eb0-8059-dc0ff8aa6e64','1775 96449 2107','Ana Consuelo Garcia Juarez De Gonzalez','Diagonal norte 5-58 zona 1','','3010-3942','Ama de casa',1,'2023-07-31 21:35:20',1001,1009,'c7161a62-0dbb-4b7e-af74-f5b9ab01ee5b'),('2ac80dc0-4fa2-46b2-9806-27d7d3669bde',' ','Carmen Acajabon','','','3081-7504','',1,'2023-07-28 15:39:59',1002,1002,'4a74af44-1648-44d0-bc82-42b8cd1683a8'),('2acf9500-b292-4cc0-af15-ca823df6eb8a',' ','Jesus Yuc','','','5827-2720','',1,'2023-07-28 16:18:55',1002,1002,'5eeb4b61-ba99-4d21-9895-80b227f8af72'),('2afd6d28-7c68-4b13-a1eb-6f6759861e2b',' ','Mayra Perez','','','3134-2668','',1,'2023-07-25 16:27:17',1002,1002,'58f37bcf-3f14-4b0b-b264-3f3b9e0fa91a'),('2bb66277-5b10-40cd-9532-bd497fcc272f',' ','Cristina Vásquez','','','4418-4408','',1,'2023-07-31 14:50:09',1002,1002,'2e65c65f-2656-4ca5-8126-e4fb9f85e23b'),('2bc56809-17f8-4339-8b88-46f25bf26eab',' ','Rene Alexander','','','3412-7110','',1,'2023-08-10 18:58:59',1002,1002,'7e8041f6-556d-43fa-b5b7-159acda6068a'),('2bc68f67-47ae-4150-a64e-01a478a4767b',' ','Marleni Vega','','','4137-8819','',1,'2023-07-19 20:38:41',1002,1002,'e47e1ec9-f331-4ce4-ac20-3b8e14d9945f'),('2cdd8509-216d-46f4-a47e-21db08cc48f6','3057 38860 0301','Wilmer Ezequiel García Vásquez','Callejon de la comunidad san lorenzo el cubo','','4050-3658/4749-0564','Marranero, marraneria merly',1,'2023-07-31 20:09:40',1001,1003,'1c11057e-22d8-42f2-b9f4-0e5d214a922c'),('2d24b64a-73ed-41e2-a7bd-ed0a7981699c',' ','Elizabeth Caná','','','4894-7937','',1,'2023-07-19 20:51:21',1002,1002,'1d298f36-ba20-44f3-b9ec-fefcb05e02e4'),('2f213af7-02be-4cf4-b275-32b30a6eb5f7',' ','Heidy Hernandez','','','4916-5682','',1,'2023-07-31 11:45:06',1002,1002,'b2a09b38-7cda-41f5-8cd6-16462d029bcc'),('30444420-8ba5-4f32-89d2-1ac4363fb222',' ','Nemesio Pérez','','','7792-2588','',1,'2023-07-31 21:12:32',1002,1002,'4ceae599-40aa-4a72-811d-e6faac16539d'),('30956faf-130c-48fe-8d5e-0ec743bc0c36',' ','Marta Gómez','','','5434-5697','',1,'2023-07-19 20:42:42',1002,1002,'608a7794-1deb-4e6b-876a-9e1d123ad6e4'),('30aee3b4-2e41-4a48-8030-7c7350cc563a','1787 30467 0313','Carlos Humberto Otoy Quexel','2 av. 6-38 a san lorenzo el cubo','','4943-1902','Operador, finca medina, ruta 14',1,'2023-07-19 20:46:55',1001,1003,'bafe5bef-9684-4249-9a06-23462c9a1afc'),('30b7b3a1-9671-4e0b-8b18-7764d04a4615','1981 81329 0312','Wilfredo González Rodríguez','C. principal no. 17 san lorenzo el cubo','','5535-5150','Comerciante, aserradero san miguel',1,'2023-07-25 17:19:10',1001,1003,'b2521ae2-6862-4d7c-9214-8dfb2ba60e7c'),('30ce1310-b7f5-4c0b-9c0c-fe09b9332c6e',' ','Yuli Alejandra Perez Payola','','','3166-1835','',1,'2023-07-31 17:42:30',1002,1002,'5f49ec8b-de96-4ee0-8eff-40edda51b500'),('30efb31e-f73b-4855-91bd-8a3fcba09f75',' ','Leidy Hernandez','','','3623-3667','',1,'2023-07-31 11:44:57',1002,1002,'b2a09b38-7cda-41f5-8cd6-16462d029bcc'),('3107ef77-821e-45d6-aa2e-1177666b9e3e',' ','Gloria Godinez','','','4349-9748','',1,'2023-07-25 17:36:33',1002,1002,'68d2815d-1075-406d-bac6-cd4faea8dd0b'),('31569ad3-d563-4bc8-8b03-4958e67d6554',' ','Maritza Zacarias Zacarias','','','4241-9784','',1,'2023-07-28 14:43:09',1002,1002,'1c17b367-5858-4092-abcc-62b889f38b3e'),('31751e1d-213c-482c-80ae-d3024be7a959',' ','Mariana Carolina Vásquez Santos','','','4748-7855','',1,'2023-07-31 17:48:49',1002,1002,'0f8cc267-191e-4bc0-a66e-c48bbeab6982'),('32c94248-c395-47c7-8472-fdce8b7c09b8','CF','Patricia Vasquez','San lorenzo el cubo','','3199-6119','',1,'2023-07-22 01:05:00',1001,1003,'c1b07586-b53a-45e3-9142-031062ac7875'),('34c0b535-e57e-49c2-8fa2-43997c17f6dd','2889 74239 0401','Josue Armando Atz Chuy','Carretera principal no. 6 calle j zona 0 aldea san lorenzo el cubo','','5879-2679','Operario, aicsa',1,'2023-07-28 17:51:34',1001,1003,'4b9b2920-4981-4f4d-9f00-99c18c28e3bf'),('366ccd1c-cf9a-47fb-bf6b-5e5b56bdd80a',' ','Esmeralda Flores','','','4054-6325','',1,'2023-07-25 15:08:01',1002,1002,'17bb4930-3ccb-498f-b07c-1d6b6ee3084d'),('36d00da7-2ce1-4a76-a38e-1b8f692bcd47',' ','Jenifer Tereso Gómez López','','','5861-4806','',1,'2023-07-19 20:42:14',1002,1002,'608a7794-1deb-4e6b-876a-9e1d123ad6e4'),('37fa6401-3c1e-4af3-9f6b-2de821d4e8db',' ','Luis Eduardo Orenos Morán','','','5004-7133','',1,'2023-07-28 16:25:00',1002,1002,'a601fa79-54d2-476c-8936-c23b0bc47972'),('38094fc5-c8da-4d29-af69-44dbcd0bdfd2','CF','Esdras Calet Velez Monrroy','Guatemala','','0000-0000','',1,'2023-07-31 21:17:07',1001,1002,'959d5f13-ba9b-46b1-bc97-b4ae7f6d9093'),('381dd083-af05-454c-9f45-43707ce44582',' ','Raquel Hernández','','','3726-2390','',1,'2023-07-31 20:31:25',1002,1002,'fbc9222e-1656-4368-900c-61b0697fb32b'),('38580834-df7c-45c9-9c04-ab914cb45378',' ','Magda Caná','','','4772-4912','',1,'2023-07-19 20:47:32',1002,1002,'bafe5bef-9684-4249-9a06-23462c9a1afc'),('39aec905-4924-49d4-b570-4c873a2ef0c7','CF','Yesica Doriselda Hernandez Cruz','San lorenzo el cubo','',' ','',1,'2023-07-21 00:32:51',1001,1003,'3b6aa0c3-13d9-4c6a-9410-ea1e2e9c816a'),('3a37bac6-a473-42f1-a5b5-7a839a4cdf65','3428 19844 2205','José Alejandro González Romero','Zona 1','','3593-2766','Barnizador',1,'2023-07-31 20:53:22',1001,1003,'10b9d983-db1e-4606-b069-368682b5afa1'),('3aa1065b-1bc1-496d-b82a-7120086565af',' ','Timoteo Martinez','','','3840-6918','',1,'2023-07-28 16:18:42',1002,1002,'5eeb4b61-ba99-4d21-9895-80b227f8af72'),('3ab35810-8885-44df-bd0a-cb84e17fd77b','3056 00397 0301','Jessika Alejandra Vasquez González','3 av. 4-65 apto. d zona 4','','5774-4940','Oficios domesticos',1,'2023-07-28 17:34:56',1001,1003,'7b942996-c712-4189-b33f-bf8053da1f42'),('3ae478aa-4043-4f71-a461-47259239d2a5',' ','Norvi Velez','','','4676-2504','',1,'2023-07-25 14:53:36',1002,1002,'5bbbf059-4879-41a9-bd39-4b441ba5ea95'),('3c2fe2f8-0330-4fca-ade1-5f8efcdff230',' ','Javier Figueroa','','','3626-3754','',1,'2023-07-25 16:57:55',1002,1002,'7d900c5a-dfe7-48b8-8f74-db2c71457de9'),('3c3c55c3-ba21-4c35-aabb-486ab9fe5976',' ','Filomena Gonzalez','','','4064-7868','',1,'2023-07-25 17:19:56',1002,1002,'b2521ae2-6862-4d7c-9214-8dfb2ba60e7c'),('3c978ab3-dde0-41df-927d-33132769fda1',' ','Jose Alfredo Chutá','','','4569-7184','',1,'2023-07-25 15:03:20',1002,1002,'083d7c0e-0a16-44df-b813-d15098089d29'),('3d33108a-9f69-4aaf-9c79-508086982ea8','1584 28307 0312','Timoteo Paredes Hernandez','Calle de medina casa 1 aldea san lorenzo el cubo','','5592-9550','Albañil',1,'2023-07-25 14:58:05',1001,1003,'4ba80cdd-2902-4ec3-b72d-ac07b014f09d'),('3f6b0c0f-f35a-40b2-a3c8-0d0d66270805','2916 34958 0501','Manolo Eduardo Yaquit','Aldea guadalupe el sapote,','','3684-0788','Operario, ingenio el pedregal s,a.',1,'2023-07-28 15:45:52',1001,1006,'20d39326-806b-468b-b076-3aca8d6b8904'),('3fd883b1-881d-4a18-adb6-96f3bf31ca9f',' ','Selvin Ramirez','','','5691-8382','',1,'2023-07-19 20:49:27',1002,1002,'148e27a0-b5b5-442c-b87d-4968ec353333'),('3fe9c2c7-35b0-4d7e-aa75-f55d34b64319',' ','Maria Antonia Luis','','','4221-0896','',1,'2023-07-31 21:30:16',1002,1002,'aee26f35-94d3-4a2c-bc69-f61e3dcf24b6'),('405284ef-3e6c-4d6a-8e58-6e8389bd305d',' ','Luis Eduardo Hernández Luis','','','4750-3947','',1,'2023-07-31 21:30:25',1002,1002,'aee26f35-94d3-4a2c-bc69-f61e3dcf24b6'),('413058c1-91a7-457b-ace8-2e0fe6a1f332',' ','Fidel Iyescas','','','4719-9483','',1,'2023-07-28 17:35:32',1002,1002,'7b942996-c712-4189-b33f-bf8053da1f42'),('41c93ac6-1353-4bf5-8fb1-8de406c00f01',' ','Eliza Cordova','','','5357-3954','',1,'2023-07-25 14:42:22',1002,1002,'110f5b95-d887-4217-94aa-011ae3a74406'),('439e9dcc-27dd-4371-865a-0b8366d71eb4',' ','Mynor Pérez','','','4156-3416','',1,'2023-07-31 12:08:22',1002,1002,'17f19aa7-bd8c-4b45-a052-23c3817e02b9'),('45369b17-ff5e-4d4a-b1c7-50767d0028fe','1935 81507 0312','Esvin Lorenzo Flores Lopez','Calle real san lorezo el cubo, callejon ferca','','5385-5523','Carpintero',1,'2023-07-25 15:07:50',1001,1003,'17bb4930-3ccb-498f-b07c-1d6b6ee3084d'),('45f5a49b-0aff-4ebf-9f0b-4dc5c5e35e95',' ','Forjas Noemí Solís López','','','5430-3841','',1,'2023-07-19 20:44:29',1002,1002,'f468c827-8a81-48ab-8031-b08562b986ba'),('47546c66-be73-46f8-a5f7-c4669fc0b694',' ','Vivian Perez Jimenez','','','4494-4248','',1,'2023-07-25 16:27:06',1002,1002,'58f37bcf-3f14-4b0b-b264-3f3b9e0fa91a'),('479ab6e1-1b7b-4258-810c-84d60a46b13b',' ','Celia Aspuac','','','5587-3492','',1,'2023-07-28 15:13:33',1002,1002,'18e1aa7f-d0c6-4512-891d-25b6eb9f109a'),('47e4b0d4-0df3-41bd-9f76-44eeb85a079d',' ','Elizabeth Gómez','','','5537-3719','',1,'2023-07-19 20:24:29',1002,1002,'84993d6e-cf70-488b-a92e-51154be22c36'),('47fb4ded-1045-45a6-9519-cfd7cfac977e',' ','Henry Flores','','','4845-3354','',1,'2023-07-19 20:24:55',1002,1002,'84993d6e-cf70-488b-a92e-51154be22c36'),('480a7452-cf71-41a6-9ef1-d40794522531','CF','Blanca Aracely Quixan Mendoza','Guatemala','','0000-0000','',1,'2023-07-31 20:51:14',1001,1002,'d60cccff-5d3c-4f67-bfbb-6c1086c4974b'),('48ae5ae0-41e4-4ea4-874b-15cef5f091f3',' ','Javier Figueroa','','','3626-3754','',1,'2023-07-28 16:24:51',1002,1002,'a601fa79-54d2-476c-8936-c23b0bc47972'),('49297cac-bc8c-41d1-a360-9e8c36059593','1692 53848 0312','Maria De Los Angeles Sinay Hernandez','Calle de medina no.3, san lorenzo el cubo','','5867-2675','Ama de casa',1,'2023-07-31 21:00:38',1001,1003,'b1b8e378-3466-479c-acf6-cefc0ef01aec'),('4963f4d9-7129-4a73-87f6-02d53131ef04','CF','Hector Vinicio Reyes Mendoza','Guatemala','','0000-0000','',1,'2023-07-31 17:38:06',1001,1002,'73626ba8-4cb2-496e-bea0-c5e97440bb06'),('49d92cb3-9baa-4af6-b9d3-42a2e415c6ab',' ','Giovanny Gómez','','','3860-4488','',1,'2023-07-19 20:39:06',1002,1002,'e47e1ec9-f331-4ce4-ac20-3b8e14d9945f'),('4a1ca81f-ba33-458c-a69c-0c602da4686d',' ','Silvestre Perez','','','3790-3710','',1,'2023-07-28 15:13:57',1002,1002,'18e1aa7f-d0c6-4512-891d-25b6eb9f109a'),('4adec762-b9d9-43ea-ae9f-c5669cb86d71',' ','Ana Gabriela Pérez Hernández','','','4282-8242','',1,'2023-07-19 20:27:42',1002,1002,'9729f6f7-27a5-4a3f-896f-e872e0e1c63b'),('4af1f9c9-bbdf-40b9-8028-add28499cd34','CF','Kevin David Velásquez Camey','Guatemala','','0000-0000','',1,'2023-07-31 15:23:15',1001,1002,'afb48654-1306-4f20-b3a0-6dfc7b7d96b1'),('4c1d651d-f06c-40d2-b960-4f50eb4db6c2',' ','Edwin Quixan','','','5956-6818','',1,'2023-07-31 15:26:40',1002,1002,'bea73bb6-655d-4e1c-a360-f21485d48834'),('4d622e55-defe-48e5-a56b-9800300e3cc3',' ','Emerson Noe Xulu Perez','','','5955-5981','',1,'2023-07-28 15:25:41',1002,1002,'3586e7b9-f5e4-4a4e-b9bd-b52f06bee097'),('4e2e6cb9-c19e-40ef-a9e4-4bc95a7532e0',' ','Jhonatan Perez','','','5929-8781','',1,'2023-07-25 17:36:42',1002,1002,'68d2815d-1075-406d-bac6-cd4faea8dd0b'),('4eb24540-0142-4b9c-8d89-004e3897698c','2141 92660 0501','Maria Antonia Maricela Lopez','El infiernito aldea el zapote','','3684 0788','',1,'2023-08-07 12:05:38',1001,1006,'f4264995-88eb-4e64-9919-a3af4151616f'),('4f21c4c9-5932-4962-bdb8-7d5c09af7d87','2205 50867 1224','Geiny Osberto Gómez Ortiz','Calle principal segunda esquina, san lorenzo el cubo','','5203-6320','Taqueria san lorenzo',1,'2023-07-19 17:20:03',1001,1003,'a240c6f0-b3c4-4d32-9ae8-52f0441e9560'),('4f864cf9-51a9-4d9e-aaba-35b1ec5718e5','1675 87544 0920','Marvin Rocael Ramírez Pérez','Callejon los pechugas casa numero 15 san lorenzo el cubo','','4817-6459','Albañil',1,'2023-07-19 20:48:46',1001,1003,'148e27a0-b5b5-442c-b87d-4968ec353333'),('50790568-33cd-459b-a816-a3e6451922dd',' ','Mayra Corina Payola','','','4491-3359','',1,'2023-07-31 17:42:08',1002,1002,'5f49ec8b-de96-4ee0-8eff-40edda51b500'),('5277fc87-a5c0-4e5f-9351-b8c0fb3aa6fe',' ','Alvaro Monroy','','','3291-6728','',1,'2023-07-31 12:00:57',1002,1002,'3da19bb7-72ca-45d9-bdfa-a367fc88b892'),('54c25d83-d22c-4909-b5e2-1b2ad62d047a','3656046-4','Mario Andrade','Km 38.5 carretera interamericana','','5902-1958','',1,'2023-07-08 19:49:31',1001,1002,'00168a7f-444c-4d59-8a9f-bcb3bbc62da8'),('55655189-c178-425f-a2c3-65a5ad116d64',' ','Irma Garcia','','','4465-2911','',1,'2023-07-28 12:47:43',1002,1002,'21bd4cc6-7a25-43fe-8e96-c84b7f0cbd03'),('55c8068d-9255-4299-b027-306b9e892d31',' ','Rutilia Ortíz','','','4812-1249','',1,'2023-07-19 17:20:45',1002,1002,'a240c6f0-b3c4-4d32-9ae8-52f0441e9560'),('570c9f56-3c58-4e44-bd99-10e01157c0c5',' ','Ingrid Gomez','','','3581-3394','',1,'2023-07-25 17:36:18',1002,1002,'68d2815d-1075-406d-bac6-cd4faea8dd0b'),('576abf0b-d813-434a-b4e6-18663f21f341',' ','Gladys Perez','','','3836-4354','',1,'2023-07-28 17:52:23',1002,1002,'4b9b2920-4981-4f4d-9f00-99c18c28e3bf'),('5afc2d30-d4bc-4ef3-a319-7a42baf1595e','1914 17742 0312','Armando Pérez Melgar','Calle de medina casa no. 3 aldea san lorenzo el cubo','','5130-2920','Albañil,en lo propio',1,'2023-07-31 17:41:54',1001,1003,'5f49ec8b-de96-4ee0-8eff-40edda51b500'),('5b6118cc-b5f8-44d3-bf29-fb5d66ea13f5','3162 11559 0504','Milvia Vivas Lopez','Calle principal lote 40 aldea guadalupe el zapote','','4088-4313','',1,'2023-07-22 00:25:39',1001,1006,'81afa2a8-9b92-4cf6-b1a4-8c9dc27b6257'),('5b82ae63-bf2f-4085-8bd8-1fceb872b113',' ','Gerardo Godinez Sinay','','','5971-3836','',1,'2023-07-31 21:01:09',1002,1002,'b1b8e378-3466-479c-acf6-cefc0ef01aec'),('5bd3456b-3781-4818-a59c-d1a42e3ed257','2257 36241 0312','Nelson Estuardo Bosarreyes López','2 calle 1-90, zona 1, san lorenzo el cubo','','5996-5372','Electricista, cooperativa agricola integral unión de 4 pinos',1,'2023-07-19 20:26:56',1001,1003,'9729f6f7-27a5-4a3f-896f-e872e0e1c63b'),('5c5c9b22-d2c9-4c69-8757-d17d7718cbe9','2251 92160 0312','Ana Patricia Gómez Rodríguez','Calle de medina no. 34 san lorenzo el cubo','','5592-3093','Cocinera, jardines pérez, san andres ceballos',1,'2023-07-19 20:23:47',1001,1003,'84993d6e-cf70-488b-a92e-51154be22c36'),('5ccc5fdc-2a1c-4e09-b5d8-9b8ddc8c1967','2175 17749 0301','Eva Emilsa Gerónimo Texmal De Morales','3 c. 5-59 zona 1','','3349-6526','Ama de casa',1,'2023-07-28 12:52:08',1001,1003,'b16de89d-1378-4253-a397-6fb4f83d6ff9'),('5d99db2d-5888-4b85-bb38-3f69069fe0a0',' ','Doriselda Rodriguez','','','5369-7003','',1,'2023-07-25 14:42:44',1002,1002,'110f5b95-d887-4217-94aa-011ae3a74406'),('5da3de01-d02e-4acc-a525-85bb6bb722e0',' ','Maynor Flores','','','3954-9746','',1,'2023-07-25 15:08:14',1002,1002,'17bb4930-3ccb-498f-b07c-1d6b6ee3084d'),('5dff6d79-477e-403e-b172-8a3294208e48',' ','Yakelin Reyes','','','5367-6805','',1,'2023-07-19 17:12:06',1002,1002,'221ddeea-f9b6-44be-ae34-403148b9d605'),('5e0346fa-4a0e-466c-ab54-3b83f98db267',' ','Dora Caná  Pérez','','','3621-7465','',1,'2023-07-19 20:26:07',1002,1002,'89f6d914-2124-429e-ae10-bd92a4e27a76'),('5f51fc81-2e28-4e4e-8b54-2aa0071248f1',' ','José Veliz','','','3040-3898','',1,'2023-07-19 17:14:27',1002,1002,'969a16b4-2bda-4a8a-b18c-d9b25c25af34'),('5f7551dc-32cb-42a9-aff4-16d0ceb3cb5f','2373 93840 0312','Carlos Enrique Santos Cordova','3a. esquina calle principal, san lorenzo el cubo','','3020-9549','Electricista',1,'2023-07-31 11:53:39',1001,1003,'d15fa57d-4d59-45d1-ad67-3d93819111ba'),('5f9770f0-89eb-4024-bd5a-e11f877284c7','2911 00961 0301','Josué David Rodríguez Hernández','Calle principal 2-76 la bomba, san lorenzo el cubo','','5863-7213','Estudiante y carnicero, carnicería la nueva bendición',1,'2023-07-31 10:52:21',1001,1003,'9e87b6b7-9f4b-4f20-b572-24a22ebf06cb'),('614bf782-26b4-4230-9ebe-ebe43dedd53e','3057 28180 0301','Juan Fernando Lopez Ramirez','8 calle 1-50 a zona 2, ciudad vieja','','5123-6325','Electricista',1,'2023-07-19 17:24:04',1001,1003,'b3d64882-65da-492e-94cd-7d721cf8b069'),('616d8f57-d8c0-4648-812b-53ad9e615478','CF','Sonia Griselda Civil Rodriguez','Guatemala','','0000-0000','',1,'2023-07-31 20:38:45',1001,1002,'4c73ed07-c567-46b4-bbfd-58e6a5797460'),('619c78a5-8d2d-401c-84a5-1e1b93a9b4e9','1683 72622 0312','Miriam Magalí Pérez Sulú','4 c. c 1-23 san lorenzo el cubo','','3856-2970','Comerciante',1,'2023-07-28 18:13:08',1001,1003,'6c567e9e-c030-4147-8410-338c234f684b'),('6320cbd2-5664-4cab-960f-eae06eda174f',' ','Edgar Caguay','','','5201-5640','',1,'2023-07-19 17:12:24',1002,1002,'221ddeea-f9b6-44be-ae34-403148b9d605'),('63ab35f8-d279-441e-8607-222266c0ab1a','3057 84641 0301','Mabelyn Edith Santos Vasquez','Callejon 8 lote 19 zona 0 san lorenzo el cubo','','3098-6973','',1,'2023-08-01 16:59:44',1001,1003,'496196ab-1bd4-4b5b-8cbe-25ca7e00cec7'),('641d109f-743b-4121-9d26-96daf4e54412','3018 76010 0101','Angelica Maria Hernandez','Calle de la pila seca casa 38 san lorenzo el cubo','','4091-4103','Oficios domesticos',1,'2023-07-31 18:12:03',1001,1003,'136c1dfb-1541-406b-a981-b3af3e282382'),('643995e9-6f3f-4b49-899f-45869ab5fefd','3062 79509 0312','Bryan Estuardo Pérez García','Callejon el relampago, san lorenzo el cubo','','5294-6185','Artesano',1,'2023-07-31 11:13:34',1001,1003,'6dc9affd-972b-4830-9460-6f94c2711ce6'),('653795b1-6113-4606-8015-cccb2a209247',' ','Melvin Caná','','','5440-2223','',1,'2023-07-19 20:51:09',1002,1002,'1d298f36-ba20-44f3-b9ec-fefcb05e02e4'),('6604d86a-9347-43c1-93ae-8cb04879b963','1804 23290 0312','Edurado Hernández Santos','Calle real, san lorenzo el cubo','','4340-7547','Piloto, transporte',1,'2023-07-31 21:30:04',1001,1003,'aee26f35-94d3-4a2c-bc69-f61e3dcf24b6'),('66b793b9-532c-43de-a17b-dbfc970e5f7a','CF','Karla Sucely Torres Rodriguez','San lorenzo el cubo','','3804-6624','',1,'2023-07-26 18:47:20',1001,1003,'e2080fa9-b23d-491a-b9ee-ea93ac878404'),('66ff719c-2a6c-4266-a45f-4e233451ca4e',' ','Mirna Odilia','','','4789-0896','',1,'2023-07-31 12:00:32',1002,1002,'3da19bb7-72ca-45d9-bdfa-a367fc88b892'),('67dc0743-962c-482e-9604-72893f6a0507',' ','Jenifer Hernandez','','','5875-4427','',1,'2023-07-31 21:35:51',1002,1002,'c7161a62-0dbb-4b7e-af74-f5b9ab01ee5b'),('68ae9619-c9fc-401b-addd-cb7ff0f819ea',' ','Aura Marina González Chapel','','','5814-7235','',1,'2023-07-28 16:03:51',1002,1002,'f5b3c21d-81f6-4d37-bbd4-f39b8584de15'),('68b6deb1-2233-4d12-8930-bdf857a497d4','1654 39181 0301','Reina María González López','Caserío bosarreyes casa no. 73','','3254-3470','',1,'2023-07-31 15:19:15',1001,1003,'53257d03-7ff4-4081-a440-1ed96ba03892'),('698a1359-8e2b-4ad2-ad06-c81e3a1775e0',' ','David Morales','','','5816-0088','',1,'2023-07-28 12:52:42',1002,1002,'b16de89d-1378-4253-a397-6fb4f83d6ff9'),('6a20591d-e91f-4dec-838e-3e65bc718eb7',' ','Nancy Gabriela','','','3620-3953','',1,'2023-08-10 18:59:17',1002,1002,'7e8041f6-556d-43fa-b5b7-159acda6068a'),('6add776a-460c-4f38-8d09-1d0c0da5f241',' ','Carolina Urizar','','','4240-9240','',1,'2023-07-31 20:18:19',1002,1002,'9450021c-32ee-4547-9fa7-5ecf6a48befa'),('6b83a214-1c47-4dd3-92c1-03efc48601d1','CF','Rene David Gonzalez Taj','San lorenzo el cubo','','3875-5751','',1,'2023-07-28 11:27:46',1001,1003,'05dd05df-9619-4e83-b075-603703ad43c4'),('6d57108c-0734-4518-aaf3-df3894d5509b',' ','William Moran','','','4279-7933','',1,'2023-07-28 16:25:10',1002,1002,'a601fa79-54d2-476c-8936-c23b0bc47972'),('6dc2912e-ed08-4376-b04d-c2eeac7d4bd2',' ','Hector Velez','','','3586-6259','',1,'2023-07-25 14:53:14',1002,1002,'5bbbf059-4879-41a9-bd39-4b441ba5ea95'),('6e4d5493-cea5-4fd1-be3b-66fc2a678399','CF','Esmeralda Emidia Perez Miranda','Guatemala','','0000-0000','',1,'2023-07-31 21:02:52',1001,1002,'8c3d77fd-b571-4837-88cc-a2e9316a8ac9'),('6ec32d0b-ca79-48fc-9fc0-4b87b03eacb8','2359 47725 0312','Ervin Geovani Gómez López','Calle del cause no. 35, aldea san lorenzo el cubo','','3860-4488','Municipalidad de ciudad vieja',1,'2023-07-19 20:41:55',1001,1003,'608a7794-1deb-4e6b-876a-9e1d123ad6e4'),('6ec989ad-473d-4e93-b317-8bf29b95153c','1950 15274 0312','María Magdalena Caná Cucuy','Calle de la pila seca casa 40 san lorenzo el cubo','','sin numero','Ama de casa',1,'2023-07-19 20:50:43',1001,1003,'1d298f36-ba20-44f3-b9ec-fefcb05e02e4'),('6f1c6897-b5c8-427c-8bc2-e57ac57e7b56',' ','Dora González','','','4597-7421','',1,'2023-07-28 17:35:12',1002,1002,'7b942996-c712-4189-b33f-bf8053da1f42'),('6f931b48-0b86-4081-87db-0e1d0d89bd5f',' ','Denis Andri Jimenez','','','3598-9830','',1,'2023-07-31 11:28:55',1002,1002,'0808b5b5-94d6-4e32-a895-88de6bb00454'),('6fc725e7-3c12-4e70-be45-a948d638e1a3','1796 67157 0312','Lilian Esperanza Lopez Perez De Gomez','San lorenzo el cubo','','5203-6320','',1,'2023-07-25 15:41:24',1001,1003,'63ced801-99a8-48fb-b2ed-f613d2581bda'),('6fd859cd-a70b-43a7-b7b3-89d0010e22a3',' ','Emanuel Hernandez','','','3992-2721','',1,'2023-07-31 14:16:53',1002,1002,'8010577f-7741-4824-aa16-382fbb74c50a'),('707069e2-ebe0-4464-8b86-e517522f7a79','2574 14495 05001','Yolanda Milene González Chapel','Carretera nueva a san lorenzo l. 45 crio. bosarreyes','','0000-0000','Ama de casa',1,'2023-07-28 16:03:06',1001,1003,'f5b3c21d-81f6-4d37-bbd4-f39b8584de15'),('71229893-3a35-4dd5-80f0-3b63747d81aa',' ','Silvia Nohemi Ciriaco','','','5787-9822','',1,'2023-07-19 20:35:17',1002,1002,'ebfce75c-674f-4773-805a-f219f9f9ca98'),('71e11306-0339-4f2d-a4c4-da99e1322178',' ','Rafael Santos','','','5692-8057','',1,'2023-07-28 16:18:31',1002,1002,'5eeb4b61-ba99-4d21-9895-80b227f8af72'),('720f14f4-afd4-4d21-b45f-2e144aa0001e',' ','Alberto Alvarez Sipaque','','','3566-2974','',1,'2023-07-28 17:27:18',1002,1002,'1bf4378f-8539-4fcd-baaf-40be3dd6781a'),('725ff59a-4e5a-44f9-9705-82b42008b3b7',' ','Noemi Gonzalez','','','4773-3559','',1,'2023-07-31 21:35:34',1002,1002,'c7161a62-0dbb-4b7e-af74-f5b9ab01ee5b'),('72a1f444-ab45-43bf-a787-5adb97ef7a44','1842 07789 0301','Estuardo Alejandro Perez Jimenez','Caserio bosarreyes no. 17-b san lorenzo el cubo','','4503-0259','Técnico de aprovisamiento, innova',1,'2023-07-25 16:25:51',1001,1003,'58f37bcf-3f14-4b0b-b264-3f3b9e0fa91a'),('733bc77f-cb60-4674-a75a-aa657482a06d',' ','Elías','','','3058-2760','',1,'2023-07-31 12:08:38',1002,1002,'17f19aa7-bd8c-4b45-a052-23c3817e02b9'),('743a08b0-69fa-4ff1-90eb-84b710ddca83',' ','Jose Godínez','','','4108-7069','',1,'2023-07-31 15:19:37',1002,1002,'53257d03-7ff4-4081-a440-1ed96ba03892'),('75117e56-1d01-4f70-bae6-ddb805215446','CF','Minel Luis Avila','Guatemala','','0000-0000','',1,'2023-07-31 21:19:33',1001,1002,'dbd09a40-926c-4b4f-ac95-e99c87f46e7b'),('7588e7d0-43bf-47c8-9610-dcd516c8fa1a','2612 90878 0312','Ana Gricelda Galindo Jiménez De Pérez','2a. calle san lorenzo el cubo','','0000-0000','Ama de casa',1,'2023-07-31 12:03:42',1001,1003,'bba5f261-e423-4590-9c28-8018ebffd548'),('7709d195-ab20-4516-993d-90a87fc40ebe',' ','Corina Olayo','','','4284-8998','',1,'2023-07-31 21:47:34',1002,1002,'cbe07eec-5317-4832-b2cc-1cc88ca1c115'),('78db9f5d-9a9e-468c-9c7d-8cb9fa44bcf2','3412 77215 1416','Estela Candelaria Castro Pu','','','5014-4917','Cocinera, recidencial san luquitas',1,'2023-07-28 12:23:10',1001,1005,'15a92600-eb41-4172-9e38-633f4879d17d'),('79fb3f99-fa51-4112-8922-b3e48f9cd7b4',' ','Eva Emilsa Gerónimo','','','3349-6526','',1,'2023-07-31 11:49:22',1002,1002,'170b616c-943d-4b33-8db3-eb3ffbc299e2'),('7b64c3c1-45f5-4c90-b9c0-434a2cdad1fc',' ','Dora Elizabeth Con García','','','5964-2796','',1,'2023-07-25 14:31:51',1002,1002,'8953ab35-3c34-4673-90ff-0e9ec806d819'),('7c709adb-49f0-4417-a5fe-f15fe8f69d17','1895 83827 0312','Hugo Rogelio Sanchez Godinez','Ciudad vieja 3-87 zona 4 ciudad vieja','','5685-4206','',1,'2023-08-05 12:12:24',1001,1003,'16cda1a6-08ef-4064-8c0d-546b2b42af82'),('7ce252f5-c6ef-431f-96fe-fa7d817d308a','1733 83270 0708','Abelino Salazar Churunel','Callejon la comunidad primer callejon lado derecho san lorenzo el cubo','','3809-4059','Tienda frente al callejon la comunidad',1,'2023-07-18 18:50:42',1001,1003,'5b12d439-1ef0-40df-a8b4-66645a7c8e24'),('7df23de1-0b1b-41dd-b02f-6f73831a06a4',' ','Damaris Hernández','','','5339-7737','',1,'2023-07-19 17:11:49',1002,1002,'221ddeea-f9b6-44be-ae34-403148b9d605'),('7e1cd5ce-6346-4012-a9ee-bcaefef2f3e6',' ','Elder Geovani','','','5139-7294','',1,'2023-07-31 11:00:25',1002,1002,'04dc4197-b038-4d0f-891e-c642214153cb'),('7e1fe2a7-7e76-452e-90d3-967a819de24b',' ','Maria Aleyda Pérez Melgar','','','5447-6432','',1,'2023-07-31 11:13:58',1002,1002,'6dc9affd-972b-4830-9460-6f94c2711ce6'),('7f4db68a-f4e7-4739-b801-ce7f439f4220',' ','Jenifer Cóbar','','','5971-1166','',1,'2023-07-28 12:52:33',1002,1002,'b16de89d-1378-4253-a397-6fb4f83d6ff9'),('7f6eece8-05ef-4621-a115-c2073f3ce412',' ','Aurelio Martinez','','','5814-5180','',1,'2023-07-31 20:53:36',1002,1002,'10b9d983-db1e-4606-b069-368682b5afa1'),('7f9dcc1d-9296-4eed-a207-c4c48db5b31e','2615 63106 0312','Jenifer Tereso Gómez López','Calle principal callejon la limonada, aldea san lorenzo el cubo','','5861-4806','Electricista',1,'2023-07-19 20:38:31',1001,1003,'e47e1ec9-f331-4ce4-ac20-3b8e14d9945f'),('7fbf5186-2225-4c36-9935-62504571931a','97976-7','Kevin Rodolfo Herrera Garza','1 calle 7-66 zona 9 edificio plaza uno','','5710-2562','Guatemala',1,'2023-07-08 19:42:55',1001,1001,'0f3ab69b-b9ef-45b8-b6d5-2c3b983b2f41'),('80907fc2-5e48-4fc8-8052-95c669df02f8','0','Alejandro Soch','','','4273-8486','',1,'2023-07-18 22:18:59',1001,1004,'3e967167-f7cc-4844-a9da-793e4c61fce5'),('80ae4c66-8417-4f0d-a371-d4454f5547e8',' ','Brenda Marisol Godinez Sinay','','','5976-8600','',1,'2023-07-31 21:01:00',1002,1002,'b1b8e378-3466-479c-acf6-cefc0ef01aec'),('80eaafe0-32fa-4607-b8c5-6d8c6b923d7c',' ','Jenifer Barrientos','','','5951-1085','',1,'2023-07-28 12:58:09',1002,1002,'553d2032-02b9-42aa-a6d1-8b199600efe7'),('81a859d0-c75a-4a79-b525-04ad8c80e8e2','2446 32421 0303','Manuel Amilcar Chún García','Calle de medina callejon al campo casa no. 26 san lorenzo el cubo','','3678-9508','Carpintero',1,'2023-07-19 20:40:36',1001,1003,'f461c98e-33f4-42c4-ba99-c39ea3ba3b58'),('824704ae-5f40-447b-97ff-d8c3a70878a4',' ','Nilda Damaris Velez','','','4734-6686','',1,'2023-07-25 14:53:23',1002,1002,'5bbbf059-4879-41a9-bd39-4b441ba5ea95'),('83b5b697-4c53-460f-91e0-c9691c62fbdc',' ','Alberto Alvarez Sipaque','','','3566-2974','',1,'2023-07-28 12:23:27',1002,1002,'15a92600-eb41-4172-9e38-633f4879d17d'),('83b9b584-f38e-4bf1-88b7-cfd1af7cc3dc','2553 18715 0312','Brenda Isabel Hernandez Perez De Chavac','6 c. b 1-62 apto. a san lorenzo el cubo','','5836-4322','Ama de casa',1,'2023-07-31 21:40:33',1001,1003,'f571693c-94c9-4587-afdf-fb0b3c8a0e01'),('846b958e-b37b-4c83-b8d9-acc4c2f9af72',' ','Cristofer Gabriel Hernández Jiménez','','','3141-2953','',1,'2023-07-25 15:02:51',1002,1002,'083d7c0e-0a16-44df-b813-d15098089d29'),('84bb33e2-e66b-4970-b839-830d36d7a363','2613 60507 0101','Edwin Salvador Maeda Alvarado','Residencial el panorama casa 1, san pedro el panorama','','4173-1520','Comerciante',1,'2023-07-31 20:17:57',1001,1011,'9450021c-32ee-4547-9fa7-5ecf6a48befa'),('852cf616-42cb-46fd-801f-6768fbec6aec',' ','Erick Lorenzana','','Esposo','4088-4313','',1,'2023-07-22 00:26:54',1002,1007,'81afa2a8-9b92-4cf6-b1a4-8c9dc27b6257'),('854ae172-bac2-4e10-b8b2-a199650ea5fb',' ','Elvis Taj','','','5542-4924','',1,'2023-07-19 20:22:26',1002,1002,'091a809e-edd6-4213-ae79-7ef4505ff530'),('85ddeae7-5e62-421f-a707-26ec29e79b72','1618 64155 0301','Manuel Alberto Lopez Xicay','1 av. 3-34','','5739-2562','',1,'2023-07-27 19:22:14',1001,1005,'64dee968-76c7-4a02-83e4-d0c5d944aacc'),('860532ae-3a26-4f94-84e2-9f8ee863b7b8','2504 82673 0312','Jose Magdaleno Reyes Gomez','Callejon los pechugas san lorenzo el cubo no.15','','4493-1505','Albañil',1,'2023-07-28 14:48:08',1001,1003,'bfccb37f-a98f-4db1-a42b-5a52dcd56fc3'),('86789b89-edf3-4655-8de9-7030db5849fe',' ','Lourdes Olayo','','','3949-8551','',1,'2023-07-28 14:33:52',1002,1002,'154813f2-1dc6-4924-9f8c-8cf1bc3728e6'),('88aaac03-9fe4-4197-9a8b-b0377ff022af',' ','Jorge Jimenez','','','4657-6295','',1,'2023-07-28 12:47:58',1002,1002,'21bd4cc6-7a25-43fe-8e96-c84b7f0cbd03'),('8912635f-a792-4cbd-91e3-1067d47c48bf',' ','Dinora Olayo','San lorenzo el cubo','','4308-7902','',1,'2023-07-27 14:40:54',1002,1003,'c7b528ea-ada9-4be3-b14d-c33b0b921598'),('8ad65239-a594-4678-8c33-f2a74650676d','2519 51553 0312','José Marco Tulio González Chicay','Calle del cause, san lorenzo el cubo','','3652-4541','Chofer de bus, transportes esmeralda',1,'2023-07-28 15:53:05',1001,1003,'352f083f-79ce-4c6c-9fc9-49782cc56439'),('8c57dbc5-53b7-4143-a5bb-c5a1c6a7fb66',' ','Corina Olayo','','','4284-8998','',1,'2023-07-28 14:34:04',1002,1002,'154813f2-1dc6-4924-9f8c-8cf1bc3728e6'),('8c9ef38d-c007-47dc-800b-47cd17b57758','1857 39989 0101','Alberto Alvarez Sipaque','1 av. 5-13 san andres ceballos','','3566-2974','Mantenimiento, ministerio la esperanza, san andres ceballos',1,'2023-07-31 14:41:39',1001,1005,'4adf6495-cff1-4bc6-878e-f3dfca531659'),('8cce4f71-e31b-4e30-a444-2e2a6d63d552',' ','Gladys Quixan','','','5265-0441','',1,'2023-07-31 15:26:49',1002,1002,'bea73bb6-655d-4e1c-a360-f21485d48834'),('8de8fec5-899e-4557-bc50-77e0892482e7',' ','Dora Cana','','','3621-7463','',1,'2023-07-31 12:16:43',1002,1002,'49fb7a5f-5c2c-49e8-8b35-6e7ab6012029'),('8e18daab-2ee4-4ed7-b231-070efcb4fa44',' ','Lidia Jimenez','','','3161-8157','',1,'2023-07-28 17:52:44',1002,1002,'4b9b2920-4981-4f4d-9f00-99c18c28e3bf'),('8e38930d-baa4-44eb-bfe1-bf389909bb0d','CF','Edgar Daniel López Ramírez','8 calle 1-50 a zona 2','','4535-8636','',1,'2023-07-31 20:58:02',1001,1003,'cbbdf686-dbdc-4246-b5bb-ce6c2c4702dc'),('8f9e747e-024e-45f9-ab22-a0b9fd4523c3','3748 94779 0101','Julia Gabriela Rosales Reyes','Calle real san lorenzo el cubo','','5951-0770','Estilista',1,'2023-07-28 12:57:56',1001,1003,'553d2032-02b9-42aa-a6d1-8b199600efe7'),('900f2cad-c153-4076-b55b-d5497dc1b668',' ','Juan Poron','','','3245-4700','',1,'2023-07-31 12:08:30',1002,1002,'17f19aa7-bd8c-4b45-a052-23c3817e02b9'),('90962f43-82f4-4ff3-b5c2-1f62a9741433',' ','Maria Jose Figueroa','','','3790-7177','',1,'2023-07-31 14:17:02',1002,1002,'8010577f-7741-4824-aa16-382fbb74c50a'),('911333f4-cee9-40e4-b3a3-5943d954b4e4','1813 23591 0312','Dinora Marilis Olayo Rodriguez','Calle real san callejon los pechugas lorenzo el cubo','','4308-7902','Comerciante',1,'2023-07-28 14:33:23',1001,1003,'154813f2-1dc6-4924-9f8c-8cf1bc3728e6'),('9137ee74-0927-4162-aabc-08b9268a4663',' ','Ana González','','','3766-5391','',1,'2023-07-31 20:53:52',1002,1002,'10b9d983-db1e-4606-b069-368682b5afa1'),('91a6be9f-f0ce-448f-98be-6d9f93b312df',' ','Marlon Estuardon López Taj','','','4200-5650','',1,'2023-07-25 14:32:02',1002,1002,'8953ab35-3c34-4673-90ff-0e9ec806d819'),('91bda549-2f4b-441b-acb8-a976fd6afd23',' ','Noemi Diaz','','','4621-5041','',1,'2023-07-26 19:02:15',1002,1002,'4be08e6d-9575-4201-8a87-162f1e3d10ac'),('937bf714-f167-4c23-ae5e-48a6f35aa32d',' ','Paulina Vasquez Ortiz','','','4164-7254','',1,'2023-07-31 11:20:03',1002,1002,'0ab15e11-9213-43bc-89b2-e6119a8d4679'),('94b77073-ba96-4b98-bc84-3f7a38fea92c','1733 97042 0301','Diego Armando Xoc Jiménez','Callejon de la comunidad, san lorenzo el cubo','','4526-7317','Operador, la bodegona',1,'2023-07-31 14:49:44',1001,1003,'2e65c65f-2656-4ca5-8126-e4fb9f85e23b'),('96799d51-bd85-4114-99ed-3b8c031b6909',' ','Blanca Villela','','','4848-2363','',1,'2023-07-31 17:48:59',1002,1002,'0f8cc267-191e-4bc0-a66e-c48bbeab6982'),('97f7e116-4d8f-4794-b028-e91c495888cc','2365 02433 0301','Jenifer Paola Hernández Vásquez','2 av. 1-70 zona 2 barrio el costeño','','3781-9332','Recuperando datos. espere unos segundos e intente cortar o copiar de nuevo.',1,'2023-07-31 20:30:59',1001,1005,'fbc9222e-1656-4368-900c-61b0697fb32b'),('97fd96c9-9eb1-407b-ae88-f760a9699949',' ','Dexter Monroy','','','4426-8671','',1,'2023-07-31 12:00:24',1002,1002,'3da19bb7-72ca-45d9-bdfa-a367fc88b892'),('98437f34-ad2d-4c4d-804e-c30f6eded30f',' ','Tereza Díaz','','','3205-4909','',1,'2023-07-31 11:45:16',1002,1002,'b2a09b38-7cda-41f5-8cd6-16462d029bcc'),('98c9cfae-1a5b-4b3c-886e-faa8839f59d2',' ','Jorge González','','','4742-1919','',1,'2023-07-31 20:53:44',1002,1002,'10b9d983-db1e-4606-b069-368682b5afa1'),('999f6a6a-d484-418d-8d89-66c1752a3975','2463 71943 0301','Edilberto Favio Emanuel Gonzalez Lopez','1 av 3-37 san lorenzo el cubo','Sagalo','5149-2340','Artesano, jades emanuel',1,'2023-07-28 15:25:06',1001,1003,'3586e7b9-f5e4-4a4e-b9bd-b52f06bee097'),('999fb2a8-7046-4aa4-83e3-f4665dd3f8f9','2553 18715 0312','Benda Isabel Hernandez Perez De Chavac','6 calle 1-62 b apt a zona 2 san lorenzo el cubo','','5836-4322','Ama de casa',1,'2023-07-24 14:27:06',1001,1003,'c3785d2e-4340-47d2-a59c-7f88bb732623'),('99dedb87-e076-431b-8301-2460bd902e20','1823 88921 0507','Ana Luisa Calderon De Velasquez','Callejon la comunidad 2-21a san lorenzo el cubo','','5477-7583','',1,'2023-07-27 15:24:04',1001,1003,'ef7a1223-2e51-4e7f-9c2d-7635771e7e58'),('9a68781c-099b-4115-8a8e-5dac00e1351b',' ','Selvin Cordova','','','3463-3620','',1,'2023-07-28 12:48:08',1002,1002,'21bd4cc6-7a25-43fe-8e96-c84b7f0cbd03'),('9a7a8f31-9810-4731-8e97-47cc70e4b63d',' ','Alex Ruiz','','','3654-9139','',1,'2023-07-31 10:52:36',1002,1002,'9e87b6b7-9f4b-4f20-b572-24a22ebf06cb'),('9ac2efa7-36cf-4f4b-8c0e-339eb9031c2c',' ','Yeni Ramirez','','','3589-1185','',1,'2023-07-19 20:49:17',1002,1002,'148e27a0-b5b5-442c-b87d-4968ec353333'),('9ba383c8-44af-438c-b084-51870a8dfd5c','CF','Carmen Marisela Ramirez Itzol','Guatemala','','0000-0000','',1,'2023-07-31 21:09:57',1001,1002,'e93b18d9-9c36-4bc4-85a8-791bf09bab01'),('9c05deee-cd12-421a-975e-e1bd810764af','0','Leidy Rosmery Sajmoló Siquinajay','Calle del cause, san lorenzo el cubo','','5700-2844','Ventas propio',1,'2023-07-28 15:54:23',1003,1003,'352f083f-79ce-4c6c-9fc9-49782cc56439'),('9c0e880e-46a9-4f59-addc-2d8ebcf05b68',' ','Jakeline Marisol','','','4707-8204','',1,'2023-08-10 18:59:34',1002,1002,'7e8041f6-556d-43fa-b5b7-159acda6068a'),('9c7b5c48-f324-4d34-a552-173f43ed6af3','2462 26870 0301','Josué Daniel Yuc García','Calle del siguan lote 18 san lorenzo el cubo','','4166-7412','Albañil, hacienda el comendador',1,'2023-07-28 16:17:45',1001,1003,'5eeb4b61-ba99-4d21-9895-80b227f8af72'),('9df65870-426f-465b-87c3-96f64dc805bf',' ','William Moran','','','4279-7933','',1,'2023-07-25 16:58:16',1002,1002,'7d900c5a-dfe7-48b8-8f74-db2c71457de9'),('9ea01c55-8032-454c-b67e-883e833942c3','1813 24563 0312','Wellington Vinicio Felipe Tuchan','5 av. 5-31 b zona 1','','4770-9570','Comerciante, car wash los amigos, ciudad vieja',1,'2023-07-25 14:10:22',1001,1003,'81c2f770-6e69-46f3-819c-f56c3e33a0dd'),('9eeb615f-4af7-4b1c-89e8-e85f352c5377',' ','Kimberly Yesenia Hernández Jiménez','','','3016-7369','',1,'2023-07-25 15:03:09',1002,1002,'083d7c0e-0a16-44df-b813-d15098089d29'),('9f0bce70-eba2-428f-8085-d10c2f9d487c',' ','Maricela Lopez','','','3684-0788','',1,'2023-07-28 15:46:08',1002,1002,'20d39326-806b-468b-b076-3aca8d6b8904'),('9fb25b7d-4a65-445a-a255-4d43ffa2f148','2879 70477 0301','José Ricardo Orenos Morán','2 av. 9-63 zona 1, ciudad vieja sacatepéquez','','4286-3412','Técnico eléctrico y bodeguero, plus energy',1,'2023-07-28 16:24:37',1001,1003,'a601fa79-54d2-476c-8936-c23b0bc47972'),('9fe6038d-07b3-4af9-b5b2-584d4706cd4f','3062 78588 0312','Kevin Alexander Santos Peralta','Calle principal no.15 a san lorenzo el cubo','','3783-3745','Operario, electricista',1,'2023-07-31 20:21:31',1001,1003,'90ac0e5c-7bed-484c-8810-76777f119b06'),('a11b0cbe-7031-4919-9667-3ee30aca2a12','CF','Cesar Augusto Perez Santos','Guatemala','','0000-0000','',1,'2023-07-31 21:07:19',1001,1002,'c0eec65f-ffc9-4e20-89e8-8b9c41403a87'),('a1630a93-0356-4fed-8d73-4959d04365fa',' ','Priscila Pú','','','3138-1189','',1,'2023-07-19 17:22:08',1002,1002,'748e9fdc-7514-4b02-b49a-6c500136c8ea'),('a1a61edb-4437-4263-80ec-116e472c8b0f',' ','Reyna Vásquez','','','3061-2876','',1,'2023-07-31 14:50:19',1002,1002,'2e65c65f-2656-4ca5-8126-e4fb9f85e23b'),('a23b6ef8-dc95-4e64-934f-2cf80c646d6a',' ','Mauricio Sermeño','','','3654-3302','',1,'2023-07-28 14:43:21',1002,1002,'1c17b367-5858-4092-abcc-62b889f38b3e'),('a24e7afc-d3ab-4078-994b-a00023fae6e7',' ','Idania Lopez','','','4859-3537','',1,'2023-07-28 15:46:32',1002,1002,'20d39326-806b-468b-b076-3aca8d6b8904'),('a2836bd3-3777-4d18-a7f1-099ef43073a5',' ','Wendy Gonzalez','','','5538-8467','',1,'2023-07-19 17:13:55',1002,1002,'969a16b4-2bda-4a8a-b18c-d9b25c25af34'),('a2c1ea08-0642-4e87-a356-e1903e593517',' ','Ofelio Jimenez','','','5571-2424','',1,'2023-07-31 11:29:03',1002,1002,'0808b5b5-94d6-4e32-a895-88de6bb00454'),('a3612dfe-2029-4544-9411-d18b7ad36fb2','1979 71393 0316','Aaron Ordoñez López','C. principal no. 30 santa catarina barahona','','5927-7958','Piloto tuc tuc en santa catarina barahona',1,'2023-07-19 17:15:43',1001,1004,'68a42481-5c71-4550-bfbe-cd299488c9bb'),('a4b44d98-600f-4c7b-8af7-a1e2824692c9',' ','Marco Tulio Jiménez','','','4141-0561','',1,'2023-07-28 15:53:30',1002,1002,'352f083f-79ce-4c6c-9fc9-49782cc56439'),('a592b3e1-a4c3-466d-9447-593276e551b4',' ','Susana Maribel López Ramírez','','','5337-0157','',1,'2023-07-19 17:25:11',1002,1002,'b3d64882-65da-492e-94cd-7d721cf8b069'),('a5d593ca-4b34-4fcf-a404-fd363bc25808',' ','Lourdes Olayo','','','3949-8551','',1,'2023-07-31 21:47:26',1002,1002,'cbe07eec-5317-4832-b2cc-1cc88ca1c115'),('a6e0fd25-2ff5-4e1e-a3d7-b9175d4b852b',' ','Corina Olayo','San lorenzo el cubo','','4284-8998','',1,'2023-07-27 14:41:44',1002,1003,'c7b528ea-ada9-4be3-b14d-c33b0b921598'),('a6f40208-38ed-4cec-8a00-78c249ce7deb',' ','Irma Caná','','','5074-7006','',1,'2023-07-19 20:47:20',1002,1002,'bafe5bef-9684-4249-9a06-23462c9a1afc'),('a7b3bea6-770f-4ae9-8b0d-6900edfef50d','CF','Daniel Fernando Gomez','Guatemala','','0000-0000','',1,'2023-07-31 21:25:58',1001,1002,'34c68e0b-51ed-473f-a836-c402473ae4da'),('a7ca3705-3044-4461-8506-ed927df541a0','2805 73162 0301','Lesly Mishell Mornoy Juarez','3a. calle san lorenzo el cubo','','3875-5527','Ama de casa',1,'2023-07-31 12:00:12',1001,1003,'3da19bb7-72ca-45d9-bdfa-a367fc88b892'),('a8090d84-b251-49e5-a404-61eddb36f3c5','3056 76849 0301','Griselda Del Pilar Hernandez Diaz','Calle de la cuchilla, san lorenzo el cubo','','5126-4599','Cocina mi refa',1,'2023-07-26 19:01:30',1001,1003,'4be08e6d-9575-4201-8a87-162f1e3d10ac'),('a83d07a7-0955-4d43-8a74-272eb29e1409','CF','Jose Emilio Vasquez Santos','Guatemala','','0000-0000','',1,'2023-07-31 14:37:05',1001,1002,'40aa305e-ae98-4701-9d04-c0f8f7cf77c0'),('a884ca01-d89e-40b9-af17-64d15ed1265e',' ','Geydi Elizabeth Hernandez Paredes','','','5020-6291','',1,'2023-07-28 15:08:18',1002,1002,'3869f488-5fcf-4628-97a3-443238162319'),('a8e9a35c-ed23-45be-bb60-584b712ce415',' ','Maria Magdalena','','','5495-3605','',1,'2023-07-31 11:00:36',1002,1002,'04dc4197-b038-4d0f-891e-c642214153cb'),('a9bb539a-aac4-4ebb-acfd-36a7e83890fb',' ','Alejandro Pérez','','','4720-9112','',1,'2023-07-31 20:10:02',1002,1002,'1c11057e-22d8-42f2-b9f4-0e5d214a922c'),('aa9b3cb0-f1ac-45ee-8d33-5255363830b9',' ','Maria Guadalupe Lopez','','','4032-1452','',1,'2023-07-31 11:57:23',1002,1002,'1febfd79-ada6-4f9b-b504-91fe3ee2ad19'),('aacd7ca8-ee2b-4f33-baa2-543cbaaddd21',' ','Byron Joel Pérez Payola','','','5920-3383','',1,'2023-07-31 21:12:09',1002,1002,'4ceae599-40aa-4a72-811d-e6faac16539d'),('ab0b43c0-cfd6-425f-be4f-16ae59622352',' ','Bianka González','','','4988-1368','',1,'2023-07-28 17:35:21',1002,1002,'7b942996-c712-4189-b33f-bf8053da1f42'),('ab5fd27e-6aa6-4782-bec3-8331df5b2823',' ','Tereza García','','','3492-0452','',1,'2023-07-28 12:42:21',1002,1002,'6b7aa1e7-afea-455a-a080-3399e4d654c6'),('ab94e226-c9c9-4422-bfcf-1ab32c0cc6e7',' ','Alex Sanchez','','','3781-9332','',1,'2023-07-31 20:31:34',1002,1002,'fbc9222e-1656-4368-900c-61b0697fb32b'),('abed7bb9-5556-41bd-a4c6-4ea823d5d687',' ','Francisco Pú','','','5119-6007','',1,'2023-07-19 17:21:54',1002,1002,'748e9fdc-7514-4b02-b49a-6c500136c8ea'),('ac78e151-c2cf-4bf7-94fa-c0018150f276',' ','Esvin Estuardo Sinay','','','5626-0859','',1,'2023-07-31 15:16:25',1002,1002,'f7aa4c32-abbe-4135-b5f6-f02e544102ce'),('ad36ab6c-dbcd-4d8a-ae34-72a9f86cc8c7','3062 81899 0312','Harvis Adán López Hernández','3 calle pila seca, san lorenzo el cubo','','4596-1215','Albañil',1,'2023-07-31 20:43:38',1001,1003,'4ea886c7-f6a4-4b1b-9dc7-963bd200c101'),('ae14c133-9906-4386-9959-3cdf6f4cd3f3',' ','Carlota Cana','','','4766-6825','',1,'2023-07-31 12:16:35',1002,1002,'49fb7a5f-5c2c-49e8-8b35-6e7ab6012029'),('aecb6991-1c4d-4c08-af13-010e4d06078a','3057 55366 0301','Luis Eduardo Orenos Morán','2 av. 9-63 zona 1','','5004-7133','Mantenimiento,municipalidad de ciudad vieja',1,'2023-07-25 16:57:43',1001,1003,'7d900c5a-dfe7-48b8-8f74-db2c71457de9'),('aef0b7f7-c8ef-4b2d-9ece-4dec987f8bfe','2633 69021 0312','Maria Cristina García López','Calle de la bomba, san lorenzo el cubo','','3581-5370','Ama de casa',1,'2023-07-31 12:19:24',1001,1003,'a30e82c5-4f97-4ee8-aca2-fce3afd80d52'),('af78ab47-3a73-4b16-904e-357ee52d5ab6',' ','Vilsan Damaris Pérez','','','5636-7705','',1,'2023-07-25 17:19:22',1002,1002,'b2521ae2-6862-4d7c-9214-8dfb2ba60e7c'),('b049c84f-d774-4479-b3cd-e3b83b08523b',' ','Daily Eliza Xulu Perez','','','5927-3490','',1,'2023-07-28 15:25:31',1002,1002,'3586e7b9-f5e4-4a4e-b9bd-b52f06bee097'),('b0591e9e-855f-4195-9ba9-f2db6a29049d','3057 11210 0301','Luis Fernando Domingo Juan','Calle de medina callejon a la par del taller, san lorenzo el cubo','','3898-5007','Agricultor, finca medina, ruta 14',1,'2023-07-31 11:44:47',1001,1003,'b2a09b38-7cda-41f5-8cd6-16462d029bcc'),('b1692cb7-f1e9-4cd0-a4a2-38ba66d03166','2782 84299 0301','Jairo Joel Gonzalez Juarez','Calle real san lorenzo el cubo, ciudad vieja, sacatepequez','','5947-3426','Tienda de ropa',1,'2023-07-31 10:59:59',1001,1003,'04dc4197-b038-4d0f-891e-c642214153cb'),('b2285e6f-31fb-4a5e-beb9-09342a7d3e16','3057 32374 0301','Steven Alejandro Santos Conjolón','4c. c 1-64 san lorenzo el cubo','','3000-9989','Hotel santo domingo',1,'2023-07-19 17:08:48',1001,1003,'221ddeea-f9b6-44be-ae34-403148b9d605'),('b337a8f0-fd8f-4694-b8e3-68523038088f',' ','Wendy González','','','3058-9932','',1,'2023-07-28 15:53:46',1002,1002,'352f083f-79ce-4c6c-9fc9-49782cc56439'),('b37ba114-5ba5-4889-a2f6-127a886069f7',' ','Luz María Oralia Pérez','','','4239-1345','',1,'2023-07-31 11:13:48',1002,1002,'6dc9affd-972b-4830-9460-6f94c2711ce6'),('b4604d5a-20ff-4a71-a06d-710341ff9103',' ','Jose Manuel López','','','5191-8261','',1,'2023-07-28 12:42:10',1002,1002,'6b7aa1e7-afea-455a-a080-3399e4d654c6'),('b473c9ec-6736-4ef2-891c-fbfba88e5252',' ','Argelia Cardenas','','','4234-7472','',1,'2023-07-22 00:28:10',1002,1002,'81afa2a8-9b92-4cf6-b1a4-8c9dc27b6257'),('b4c40e02-94f0-40ab-8fad-17f48c03e31b',' ','Cindy Aracely Hernandez','','','4902-3711','',1,'2023-07-26 19:02:36',1002,1002,'4be08e6d-9575-4201-8a87-162f1e3d10ac'),('b4e2ded6-a439-4d56-8683-d86492e5f486',' ','José Vásquez','','','3129-3136','',1,'2023-07-31 20:10:10',1002,1002,'1c11057e-22d8-42f2-b9f4-0e5d214a922c'),('b58c013d-9126-4b8d-bd29-7156475f7ff7',' ','Francisca López','','','4195-4460','',1,'2023-07-31 12:19:41',1002,1002,'a30e82c5-4f97-4ee8-aca2-fce3afd80d52'),('b5ed6dc5-3c76-4539-b689-6376a324bb9b','2306 24154 0501','Hilda Violeta Camey Orizabal','3. calle final san lorenzo el cubo','','5665-0632','Farmacia doña hilda',1,'2023-07-26 18:31:35',1001,1003,'788e2c6b-33b4-4533-8899-56d9cce1ba24'),('b5f3eb11-c1d1-4c01-9052-d064c3185c5a',' ','Nieves Anayeli Gomez Hernandez','','','4928-5580','',1,'2023-07-31 15:16:35',1002,1002,'f7aa4c32-abbe-4135-b5f6-f02e544102ce'),('b67b0edf-21f2-437f-b244-309e7c291dff',' ','Maria Marta Ortiz Mixtun','','','4480-7634','',1,'2023-07-31 11:19:46',1002,1002,'0ab15e11-9213-43bc-89b2-e6119a8d4679'),('b795b25d-aa41-4764-89e4-ff72bbb46e99',' ','Juan Yuc','','','3620-3733','',1,'2023-07-28 17:27:41',1002,1002,'1bf4378f-8539-4fcd-baaf-40be3dd6781a'),('b82ce48f-aa19-4eee-ba4e-8b355dac1a21',' ','Verónica Vega','','','4137-8819','',1,'2023-07-19 20:42:30',1002,1002,'608a7794-1deb-4e6b-876a-9e1d123ad6e4'),('b89f099a-c72a-4b0d-acfc-0c00e76c9220','3271 54136 1017','Dany Alberto Pú López','Segunda calle al fondo, san lorenzo el cubo','','5538-7488','Jornalero finca retana',1,'2023-07-19 17:21:34',1001,1003,'748e9fdc-7514-4b02-b49a-6c500136c8ea'),('b8e3be39-7daa-4829-8310-3547870355b7','3598 13739 0301','Juan Antonio Santos Pérez','Callejon la comunidad, san lorenzo el cubo','','4243-0708','',1,'2023-08-04 17:26:45',1001,1003,'63f73bc1-7e8c-4edb-adf9-9f6c36079ca8'),('b9d4e7e7-e19e-467c-acda-e42c392aec98',' ','Pedro Armando López Pérez','Calle de la bomba, san lorenzo el cubo','','3581-5370','Agricultor',1,'2023-07-31 12:20:18',1003,1003,'a30e82c5-4f97-4ee8-aca2-fce3afd80d52'),('ba80378e-7442-42b2-a689-32acf506bcf1','2986 33949 0301','Ignacio Omar Hernández Nij','3 calle pila seca, san lorenzo el cubo','','4430-9646','',1,'2023-08-01 20:50:21',1001,1003,'dcd56c91-315b-4cc5-8de3-89e46ebda6bf'),('bacd383b-9e0b-4498-a9bb-eb95db251306',' ','Leonel García López','','','3855-4015','',1,'2023-07-31 12:19:34',1002,1002,'a30e82c5-4f97-4ee8-aca2-fce3afd80d52'),('bad2dfcf-85f7-4e85-b261-a5e5d33046a8','1942 56057 0312','Miguel Antonio Flores López','4 canton frente a gasolinera vieja','','3215-6757','Evanista',1,'2023-07-31 14:31:14',1001,1010,'edbefafb-2004-46e9-8912-710d2d785a49'),('bb9aa2e5-6537-4877-8abd-66d650d26861','1592 93324 0312','Amilcar Alfredo Garcia Vasquez','Callejon la comunidad san lorenzo el cubo','','5741-2195','Jades emmanuel',1,'2023-07-24 18:15:41',1001,1003,'7db60ec9-d0d6-4d7e-bdea-797698d3d1a7'),('bbe513ee-6d7c-43d2-b1ec-12d7172284bb','2633 15045 0301','Reyna Elena Violeta Vásquez García','Callejon de la comunidad san lorenzo el cubo','','3061-2876','Maestra',1,'2023-07-28 16:12:37',1001,1003,'b97aba4b-a54e-41d7-b809-2172f55e4bfd'),('bc24ad84-a016-4633-a334-d70488062a96','2143 03608 0101','Carmen Lucia Alvarez Yuc De Martinez','2 av. final 2-52 zona 5','','5474-2012','Ama de casa',1,'2023-07-28 17:26:57',1001,1003,'1bf4378f-8539-4fcd-baaf-40be3dd6781a'),('bcbcd307-db63-46e8-b31a-d3e91f864dc3',' ','Daniela Isel Urizar','','','4987-7116','',1,'2023-07-31 20:18:12',1002,1002,'9450021c-32ee-4547-9fa7-5ecf6a48befa'),('bd16ffb2-bb81-4190-9e55-7470608e2200',' ','Bartolome Vasquez','','','3112-7341','',1,'2023-07-28 15:40:13',1002,1002,'4a74af44-1648-44d0-bc82-42b8cd1683a8'),('bd3250b9-7769-47f9-a2ec-9ce05fe78280','1928 51330 0301','Saúl Estuardo Almengor Pereira','C. principal casa 21 aldea san lorenzo el cubo','','5702-6346','Carpintero',1,'2023-07-19 20:54:43',1001,1003,'c5e0220c-398e-47fc-b344-44f209ca77ab'),('be297434-509a-4b10-8701-4dfffdd263d4',' ','Julisa Oviedo','Ciudad vieja','Nuera','5451-5920','',1,'2023-07-18 16:53:05',1001,1003,'72255d26-f2c7-40db-a314-2a77dd37f8c2'),('bef8280e-b201-4e05-9447-fb08e38b1b70',' ','Abia Lopez','','','4429-7821','',1,'2023-07-25 15:16:59',1002,1002,'0e2f5cff-9708-4b7b-9ea3-aff816377176'),('bf48c37a-0601-4b9c-a709-0ce7001f4165','2727 94732 0312','Marvin Geovany Cana Perez','C. real canton 1','','4766-6825','Albañil',1,'2023-07-31 12:16:23',1001,1010,'49fb7a5f-5c2c-49e8-8b35-6e7ab6012029'),('bfe7e6f5-2275-4a48-87eb-af7214eb9202',' ','Eddy Lopez','','','5299-1820','',1,'2023-07-25 15:08:27',1002,1002,'17bb4930-3ccb-498f-b07c-1d6b6ee3084d'),('c108d9bc-9271-430a-a368-3345fd7b43f2',' ','Lesli Anabella Villela','','','4184-3243','',1,'2023-07-31 17:49:08',1002,1002,'0f8cc267-191e-4bc0-a66e-c48bbeab6982'),('c2905dc6-c555-4f14-8868-a5b8620d1239',' ','Emanuel Rodríguez','','','3782-3830','',1,'2023-07-19 20:24:42',1002,1002,'84993d6e-cf70-488b-a92e-51154be22c36'),('c39c1e79-ceea-48ce-b19d-2a781eaa9ac0','1749 01984 0312','María Imelda Gonzalez Yuc De Sul','Callejon de la comunidad lote 17 san lorenzo el cubo','Vecina','4235-1338','Ama de casa',1,'2023-07-19 20:36:28',1003,1003,'ebfce75c-674f-4773-805a-f219f9f9ca98'),('c45bb38c-06fa-4a32-8056-56e5d0733b1a',' ','Karitz Salazar','','','5506-4360','',1,'2023-07-31 14:57:57',1002,1002,'e7e7bfe7-62b9-4dd6-a65b-167368b5f518'),('c45e266d-2ec9-4dcf-b8ce-7a6c01ca00d3',' ','Nora Marina Cana','','','5315-7083','',1,'2023-07-31 12:16:52',1002,1002,'49fb7a5f-5c2c-49e8-8b35-6e7ab6012029'),('c4d03298-e9a6-405f-bffc-3d16fe5f5c87',' ','Eva Rosmeri Cobar','','','5131-0283','',1,'2023-07-28 12:52:54',1002,1002,'b16de89d-1378-4253-a397-6fb4f83d6ff9'),('c4e91c08-0037-4118-818f-74e4580c444f',' ','Byron Horacio González Santos','','','5503-3978','',1,'2023-07-19 20:44:08',1002,1002,'f468c827-8a81-48ab-8031-b08562b986ba'),('c5a51700-dcd2-4e7a-ac56-67f81f4c2eba','2284 47836 0312','Gladys Marisol López Quintanilla','Segunda calle del cause casa 0 san lorenzo el cubo','','4620-0223','',1,'2023-08-04 14:38:57',1001,1003,'dd90d3c5-d427-4c01-9871-c3ee060a3d04'),('c5ae82d5-1d9f-4977-b2db-1727676d4902',' ','Elizabeth Hernandez','','','4203-5851','',1,'2023-07-22 00:27:32',1002,1002,'81afa2a8-9b92-4cf6-b1a4-8c9dc27b6257'),('c75b8cf1-ac8a-4360-928c-825ed31df3dd',' ','Josue Orenos','','','3141-6336','',1,'2023-07-25 16:58:06',1002,1002,'7d900c5a-dfe7-48b8-8f74-db2c71457de9'),('c7622f95-3abe-4199-914e-69bd3c7d7db5',' ','Claudia Caná Pérez','','','5010-3461','',1,'2023-07-19 20:25:55',1002,1002,'89f6d914-2124-429e-ae10-bd92a4e27a76'),('c7e10894-7e5b-4dad-83f3-e75187df693b','1603 61842 0312','Vilma Aracely Jiménez López','Calle detrás de la iglesia, san lorenzo el cubo','','4604-4197','Comerciante',1,'2023-07-25 15:02:36',1001,1003,'083d7c0e-0a16-44df-b813-d15098089d29'),('c9909a3e-d00a-4e2e-9ddf-cd0e11a23f12','1990 94020 0301','Milner Leonel Pérez Payolá','2 av. 2-08 san andres ceballos','','4173-5393','',1,'2023-07-18 18:18:34',1001,1005,'4ceae599-40aa-4a72-811d-e6faac16539d'),('c9b20694-3583-4365-984d-7e7da166ca11','1859 48162 0312','Walter Leonel Cucuy Taj','4 calle a 2-03 zona 3','','5372-3223','Agricultor',1,'2023-07-19 20:28:53',1001,1005,'653d9535-2440-4c68-9610-1773d6243dc7'),('cab7a9c5-dd11-4707-9b16-e04da8e5d07c',' ','Randol David Xulu Perez','','','4338-4436','',1,'2023-07-28 15:25:51',1002,1002,'3586e7b9-f5e4-4a4e-b9bd-b52f06bee097'),('cbcb8c61-c4f5-4dd2-b5e1-d0ab1366168c',' ','Juan Israel Lopez Zelada','','','5733-7406','',1,'2023-07-19 17:24:57',1002,1002,'b3d64882-65da-492e-94cd-7d721cf8b069'),('cbe5441f-1d90-445e-9663-23583e82bbb4','CF','Silvia Leticia Hernandez Lopez','Guatemala','','0000-0000','',1,'2023-07-31 20:48:27',1001,1002,'c0bbf991-d90f-418f-aae1-507d394ef1ed'),('cc3cf726-5005-4650-ac45-ad983d90d0a0',' ','Mario Santos','San lorenzo el cubo','Papá','4678-3536','',1,'2023-08-01 17:10:45',1002,1003,'496196ab-1bd4-4b5b-8cbe-25ca7e00cec7'),('cd7d0733-7a27-47cd-9a2c-4f5fe56f4b6a','0','Raul Guevara','Av petapa 34-17 zona 12','','000-000','Guatemala',1,'2023-07-08 19:45:39',1001,1001,'36e90fb9-583d-474f-ad85-08f4eacf05ad'),('ce1e0264-cab5-4e58-93d8-2a5fb890a996',' ','Maria De Los Angeles Ortiz Quiñonez','','','5929-5476','',1,'2023-07-31 21:12:18',1002,1002,'4ceae599-40aa-4a72-811d-e6faac16539d'),('ce9a66b9-d6f4-47fc-b184-6d4ed281d3ab','CF','Gabriel Jimenez','San lorenzo el cubo','',' ','',1,'2023-07-22 00:50:26',1001,1003,'e1174e8f-33ed-4a42-9d89-ffce1b1f44d2'),('ced4f407-88f8-40ed-95ba-d40b6fe94bbe','2171 07850 0312','Beatriz Adriana Hernandez Hernandez','Calle principal, san lorenzo el cubo','','3792-5421','Ama de casa',1,'2023-07-31 19:52:03',1001,1003,'32918648-dff2-4cd2-9d62-e040b0711815'),('d127fb62-a7c3-473e-aa5a-3b826c971fb1','CF','Mario René Taj Guarán','Guatemala','','0000-0000','',1,'2023-07-31 20:27:10',1001,1002,'4c4bc2e0-329c-424f-9b78-fee1d5b70194'),('d1416fcc-0136-4ab7-a1a1-01952aa2b323',' ','Ingrid Monzon','','','3726-0278','',1,'2023-07-28 17:52:32',1002,1002,'4b9b2920-4981-4f4d-9f00-99c18c28e3bf'),('d316de64-d20d-4f0c-ba11-0cc2c73287c3',' ','Cesar Lopez','','','3285-9084','',1,'2023-07-28 15:13:44',1002,1002,'18e1aa7f-d0c6-4512-891d-25b6eb9f109a'),('d4aad828-42cb-4792-8893-448c673a4d6e',' ','Lourdes Olayo','San lorenzo el cubo','','3949-8551','',1,'2023-07-27 14:41:18',1002,1003,'c7b528ea-ada9-4be3-b14d-c33b0b921598'),('d4db185d-e7fd-45a4-b244-133ef2c977d2',' ','Marlon Ramirez','','','5164-1494','',1,'2023-07-19 20:49:38',1002,1002,'148e27a0-b5b5-442c-b87d-4968ec353333'),('d693a60f-8788-4faf-b0be-da246a90fc8b','2544 98574 0312','Jorge Anibal López Hernández','3 c. 3-25 zona 1','','3733-0659','Carpintero',1,'2023-07-31 11:56:55',1001,1003,'1febfd79-ada6-4f9b-b504-91fe3ee2ad19'),('d75f7b35-2713-428a-8a3a-8269bb1e1809',' ','Axel Bosarreyes','','','3800-9028','',1,'2023-07-19 20:28:07',1002,1002,'9729f6f7-27a5-4a3f-896f-e872e0e1c63b'),('d8488897-25d4-4746-b4e4-1035c8e88eb7','1585 694236 0301','Hector Armando Rodriguez Elias','San antonio aguas calientes','','3476-9020','Piloto de camioneta transportes brisas',1,'2023-07-19 17:47:43',1001,1005,'9b9286d6-1fc4-4cac-b5cb-89365d01b0b2'),('d8e25add-78ec-4ea7-be24-51591dd7f583','CF','Doris Ester Pérez González','Guatemala','','0000-0000','',1,'2023-07-31 20:05:44',1001,1002,'7eff5377-ae03-44bd-a1a1-db7cab6d20f2'),('d97abb64-0097-434d-8818-aa9e1ab4feaf',' ','Byran Vásquez','','','4372-5033','',1,'2023-07-31 10:52:58',1002,1002,'9e87b6b7-9f4b-4f20-b572-24a22ebf06cb'),('daa54ab8-33fb-43c4-98dc-a5a9cfc778de',' ','Irian Libertad','','','4730-2515','',1,'2023-07-31 11:00:16',1002,1002,'04dc4197-b038-4d0f-891e-c642214153cb'),('dabbf917-9a70-4360-aec6-fc2c17e8c1d3','3062 99925 0313','Ingrid Roselia García Hernández','Calle real cjon. las piscinas san lorenzo el cubo','Nuera de agusto','4739-1973','',1,'2023-08-03 14:12:45',1001,1003,'30070adb-8ca2-496a-88ec-a27ef6643f44'),('dc2b6767-7e58-4ca6-81d1-5240f8dbd440','2171 35234 0301','Gilmar David Fajardo','Calle de la cuchilla, san lorenzo el cubo','','5842-8611','Constructora arenas',1,'2023-08-10 18:58:09',1001,1003,'7e8041f6-556d-43fa-b5b7-159acda6068a'),('dc4f58cc-d9de-49fc-b2eb-6c223d2a67b8','3062 78375 0312','Mayra Morelia López Santos','Calle de medina casa no. 5 aldea san lorenzo el cubo','','4685-9328','Comerciante',1,'2023-07-31 14:21:49',1001,1003,'63c6cb9e-fa0d-421c-bfd4-4c98b2f4a4f2'),('dc57e415-cf1c-42fa-bc47-262313c5cd3b','1710 50215 0501','Dorotea López Reyes De Jiménez','Callejon isidro garcia no.9 san lorenzo el cubo','','5571-2424','Ama de casa',1,'2023-07-31 11:28:30',1001,1003,'0808b5b5-94d6-4e32-a895-88de6bb00454'),('dcc3b1b8-015b-41d7-a5e8-438a45035a66',' ','Gabriel Ciriaco','','','3579-5966','',1,'2023-07-19 20:35:47',1002,1002,'ebfce75c-674f-4773-805a-f219f9f9ca98'),('dfb58442-5e61-437c-88ee-b348d3a71698',' ','Manuel Lopez','','','4172-9345','',1,'2023-07-28 15:46:17',1002,1002,'20d39326-806b-468b-b076-3aca8d6b8904'),('e0a7812b-5a80-45d6-b6e2-fbaea8b1ceff',' ','Omar Veliz','','','3058-1267','',1,'2023-07-19 17:13:42',1002,1002,'969a16b4-2bda-4a8a-b18c-d9b25c25af34'),('e0da5312-c721-44bf-be5e-12035d15a161',' ','Maria Santos Pérez','','','3356-4425','',1,'2023-07-31 14:57:49',1002,1002,'e7e7bfe7-62b9-4dd6-a65b-167368b5f518'),('e14505e7-76aa-4f81-8fde-52b9bf662843','3062 66121 0312','Eva Rosmery Cóbar Gerónimo','3a. calle 5-59 zona 1','','3349-6526','Ama de casa',1,'2023-07-31 11:49:10',1001,1003,'170b616c-943d-4b33-8db3-eb3ffbc299e2'),('e4c41d06-7efc-4244-b908-40f6e18f0278','3233 19076 0509','Lorenzo Israel Ibarra Chiquite','Calle principal apt 10 san lorenzo el cubo','','5143-0084','Seguridad, camando naval del pacifico puerto san jose',1,'2023-07-28 15:02:27',1001,1003,'d44afb49-c808-4e60-87f1-455760bf97aa'),('e6fdbbca-c5fd-455f-a370-4e2492f7c8d4','1999 29114 0312','Ruth Raquel Solís López De Gonzalez','3 ave. 3-08 zona 0 san lorenzo el cubo','','5503-3978','Comerciante',1,'2023-07-19 20:43:51',1001,1003,'f468c827-8a81-48ab-8031-b08562b986ba'),('e7e8b505-1952-4dab-834f-eda9d63a2f9f',' ','Belser Cordova','','','4972-3207','',1,'2023-07-25 14:42:32',1002,1002,'110f5b95-d887-4217-94aa-011ae3a74406'),('e8a17d09-2598-4a1d-9fd3-56c03eedc174','2577 22378 0312','Lidia Maritza Camargo Hernandez De Gomez','3 calle c 5-94 zona 1','','5866-1444','',1,'2023-07-18 16:51:15',1001,1003,'72255d26-f2c7-40db-a314-2a77dd37f8c2'),('e90e4f25-5e92-478f-a2ba-fd8c17ed7c67',' ','Julia Ordoñez','','','3433-5938','',1,'2023-07-19 17:17:49',1002,1002,'68a42481-5c71-4550-bfbe-cd299488c9bb'),('e9577c33-00f5-43f5-9975-05ffe483a379','2871 61250 0312','Wilson David Quixan Mendoza','Callejon de la comunidad, san lorenzo el cubo','','5593-2782','Mantenimiento, finca tetuan',1,'2023-07-31 15:26:16',1001,1003,'bea73bb6-655d-4e1c-a360-f21485d48834'),('e9edf6ca-6de5-413d-931f-50b38b5d5e04',' ','Lilian López','','','4993-4511','',1,'2023-07-19 17:20:20',1002,1002,'a240c6f0-b3c4-4d32-9ae8-52f0441e9560'),('ea6bfd65-31dd-4441-8e2a-17e4e6aefe92',' ','Mirna Marisol Caná','','','3715-4076','',1,'2023-07-19 20:47:11',1002,1002,'bafe5bef-9684-4249-9a06-23462c9a1afc'),('ea7f1c84-4613-4dcc-9161-aeac93be5697','CF','Karla Palencia','Guatemala','','0000-0000','',1,'2023-07-31 20:46:18',1001,1002,'9ffd40df-f33e-4994-a0fa-6669e6825ff0'),('ead55b88-97e4-4f74-8c74-1242d4b46ba7',' ','Candelario Garcia','','','5048-3145','',1,'2023-07-28 14:43:00',1002,1002,'1c17b367-5858-4092-abcc-62b889f38b3e'),('ec401b8e-f001-48aa-9a7c-077d2ac31e3f',' ','Marta Julia Cana','','','5865-5300','',1,'2023-07-25 14:10:43',1002,1002,'81c2f770-6e69-46f3-819c-f56c3e33a0dd'),('ec9693e5-058e-47d8-8303-a1b24e628194','2986 33949 0301','Ignacio Omar Hernández Nij','3 c. 3-70 aldea san lorenzo el cubo','','4430-9646','Comerciante',1,'2023-07-19 20:37:54',1001,1003,'4665aa40-8e63-4362-8f4b-0daccca5e0fa'),('eda61188-5f0c-4244-bf15-63c8d69dbc49',' ','Melisa Consuelo Hernandez Paredes','','','3959-4134','',1,'2023-07-28 15:07:56',1002,1002,'3869f488-5fcf-4628-97a3-443238162319'),('edc0e780-f734-48ef-86c7-4e183d78c16a','1938 85735 0312','Dora Olimpia García Hernández','Calle real segunda parada, san lorenzo el cubo','','5964-2796','Ama de casa',1,'2023-07-25 14:31:29',1001,1003,'8953ab35-3c34-4673-90ff-0e9ec806d819'),('ee97cdc5-672c-4375-b331-f1a4e6caed6c','2365 02433 0301','Jenifer Paola Hernandez Vasquez','4 av. 1-40 zona 3','','5875-4427','',1,'2023-07-31 21:36:20',1003,1005,'c7161a62-0dbb-4b7e-af74-f5b9ab01ee5b'),('ef6c2963-4bbb-46c2-8ba5-6c1222f8a6c1',' ','Jose Figueroa','','','4876-5393','',1,'2023-07-31 11:57:15',1002,1002,'1febfd79-ada6-4f9b-b504-91fe3ee2ad19'),('efdbae92-26ec-4c0c-885a-4737bb763127',' ','Maria Magdalena Celada','','','4537-7706','',1,'2023-07-31 11:57:06',1002,1002,'1febfd79-ada6-4f9b-b504-91fe3ee2ad19'),('f033f5c2-6372-429a-87aa-97b7e4f35b54',' ','Sandra Roxana Ciriaco','','','3572-0294','',1,'2023-07-19 20:35:29',1002,1002,'ebfce75c-674f-4773-805a-f219f9f9ca98'),('f07a1268-8143-4903-a660-9e891f427406',' ','Londi Paola Perez Payola','','','3886-3217','',1,'2023-07-31 17:42:16',1002,1002,'5f49ec8b-de96-4ee0-8eff-40edda51b500'),('f0a42ad6-3907-4095-a66f-c6c5463ef241',' ','Diana Mayerli Hernandez','','','4959-7857','',1,'2023-07-26 19:02:25',1002,1002,'4be08e6d-9575-4201-8a87-162f1e3d10ac'),('f1fe4b49-8a30-432c-9ce0-a8d4b0d5e24c','2373 24075 0312','Josue Exequiel Lopez Cana','Calle del cause n 24 san lorenzo el cubo','','5790-5093','Albañil, estudio 8',1,'2023-07-28 15:13:15',1001,1003,'18e1aa7f-d0c6-4512-891d-25b6eb9f109a'),('f3d53e5f-b73e-4844-9c5d-6fb5784967b3','1629 48905 0312','Lucky Doricelda Olayo Rodriguez','Calle del bomba cjon. la limonada, san lorenzo el cubo','','4111-4767','Ama de casa',1,'2023-07-31 21:46:57',1001,1003,'cbe07eec-5317-4832-b2cc-1cc88ca1c115'),('f41e0573-6a59-4e20-ad5d-fa42f8703371','2640 37936 0312','Silvia Marina Rodríguez Pérez','3 calle final san lorenzo el cubo','','5027-3469','',1,'2023-08-03 11:30:31',1001,1003,'9e44137b-6a1a-4072-ba3f-dc6b75275a43'),('f608d46c-cdbf-4c4d-976e-7f5753b77cf4','2012 72241 0312','Bartolomé Vásquez Vega','Calle principal frente a la escuela nueva, san lorenzo el cubo','','3081-7504','Comerciante, marraneria merly',1,'2023-07-28 14:26:43',1001,1003,'0b765976-7c40-4653-a884-d1feff70c27b'),('f61cda4d-38bf-4b75-a80b-158a6dae1d86',' ','Axel Fernando Urizar','','','3887-6866/4516-7511','',1,'2023-07-31 20:18:34',1002,1002,'9450021c-32ee-4547-9fa7-5ecf6a48befa'),('f6e15dca-76e0-4708-8896-e0bdfc62c50c','2253 96645 0313','Jersson David Gacía Otzín','3 av. 2-25 zona 1','','5971-3123','Constructor',1,'2023-07-31 12:08:11',1001,1009,'17f19aa7-bd8c-4b45-a052-23c3817e02b9'),('f6f5bc13-d30a-43b6-a2e4-f9345119b49a','1815 81752 0315','Luis Fernando Gómez','1 c. b 0-13 zona 4','','5968-4389','',1,'2023-07-29 11:55:10',1001,1005,'9e4e96c6-1fb3-4b22-bff1-b9324e441b72'),('f84a1eb7-ee64-40ee-9371-2acc32cb18fb','2638 05786 0312','Edgar Eduardo Caná Pérez','Calle del cause, san lorenzo el cubo','','3356-2861','Mecánico',1,'2023-07-28 14:38:39',1001,1003,'896781ff-ec19-4506-8a9d-3b6e5b428ec9'),('f8bbb050-030a-48cb-b85c-47eadea57f30','CF','Juan Carlos Lopez Xulu','Guatemala','','0000-0000','',1,'2023-07-31 20:37:07',1001,1002,'7b13ef07-aa97-4644-b63f-d9517028fea8'),('f9e26929-bb9b-4e51-a062-c0ae4d60fa0a',' ','Mery Felipe','','','4843-6783','',1,'2023-07-25 14:11:03',1002,1002,'81c2f770-6e69-46f3-819c-f56c3e33a0dd'),('fb804139-f79c-4fa6-8d79-ebb86a083b9b','3058 38040 0301','Raquel Sarai Garcia Chitique','Calle principal no. 10 aldea san lorenzo el cubo','','5534-2362','Comerciante',1,'2023-07-28 14:42:51',1001,1003,'1c17b367-5858-4092-abcc-62b889f38b3e'),('fbfbc869-e00b-41ff-9eac-67a441074d02',' ','Lesli Solis','','','4998-4019','',1,'2023-07-28 15:32:23',1002,1002,'4a74af44-1648-44d0-bc82-42b8cd1683a8'),('fe845cea-808e-4ee3-bce8-4a6b0fe7f48a','2745 07978 0312','Brandon Daniel Taj Poron','Calle principal zona 1 casa no. 44  santa catarinba barahona','','4255-1461','Comerciante',1,'2023-07-19 20:21:42',1001,1004,'091a809e-edd6-4213-ae79-7ef4505ff530'),('fecd6ebc-5a74-47e3-b6fd-09824d370938',' ','Luky Olayo','','','3153-4656','',1,'2023-07-28 14:33:42',1002,1002,'154813f2-1dc6-4924-9f8c-8cf1bc3728e6'),('ff08be06-f57a-41a2-8d09-076db13c0272',' ','Jonathan Santos','','','5136-6926','',1,'2023-07-31 10:52:46',1002,1002,'9e87b6b7-9f4b-4f20-b572-24a22ebf06cb'),('ff181528-28e3-4fb4-b1fe-99dce79c309a','1737 70126 0312','Eswin Josué López Sanchez','Calle medina no. 55, san lorenzo el cubo','','5550-5483','Comerciante',1,'2023-07-28 12:41:44',1001,1003,'6b7aa1e7-afea-455a-a080-3399e4d654c6'),('ff8568c1-51a8-4a8d-822b-fc21f5052309',' ','Zoila De La Cruz Morales','','','3585-5653','',1,'2023-07-19 20:44:18',1002,1002,'f468c827-8a81-48ab-8031-b08562b986ba'),('ffd76865-14cc-455f-83a6-74155c4f4977',' ','Irma Aracely Taj Guaran','','','3426-4205','',1,'2023-07-25 14:32:19',1002,1002,'8953ab35-3c34-4673-90ff-0e9ec806d819');
/*!40000 ALTER TABLE `ad_addresses` ENABLE KEYS */;
UNLOCK TABLES;

--
-- Table structure for table `at_addresstypes`
--

DROP TABLE IF EXISTS `at_addresstypes`;
/*!40101 SET @saved_cs_client     = @@character_set_client */;
/*!40101 SET character_set_client = utf8 */;
CREATE TABLE `at_addresstypes` (
  `at_id` int(11) NOT NULL AUTO_INCREMENT,
  `at_name` varchar(50) NOT NULL,
  PRIMARY KEY (`at_id`)
) ENGINE=InnoDB AUTO_INCREMENT=1004 DEFAULT CHARSET=utf8mb4 COLLATE=utf8mb4_general_ci;
/*!40101 SET character_set_client = @saved_cs_client */;

--
-- Dumping data for table `at_addresstypes`
--

LOCK TABLES `at_addresstypes` WRITE;
/*!40000 ALTER TABLE `at_addresstypes` DISABLE KEYS */;
INSERT INTO `at_addresstypes` VALUES (1001,'Dirección'),(1002,'Referencia'),(1003,'Fiador');
/*!40000 ALTER TABLE `at_addresstypes` ENABLE KEYS */;
UNLOCK TABLES;

--
-- Table structure for table `br_brands`
--

DROP TABLE IF EXISTS `br_brands`;
/*!40101 SET @saved_cs_client     = @@character_set_client */;
/*!40101 SET character_set_client = utf8 */;
CREATE TABLE `br_brands` (
  `br_id` int(11) NOT NULL AUTO_INCREMENT,
  `br_name` varchar(50) NOT NULL,
  `br_status` tinyint(1) NOT NULL DEFAULT 1,
  PRIMARY KEY (`br_id`),
  UNIQUE KEY `br_name` (`br_name`)
) ENGINE=InnoDB AUTO_INCREMENT=1037 DEFAULT CHARSET=utf8mb4 COLLATE=utf8mb4_general_ci;
/*!40101 SET character_set_client = @saved_cs_client */;

--
-- Dumping data for table `br_brands`
--

LOCK TABLES `br_brands` WRITE;
/*!40000 ALTER TABLE `br_brands` DISABLE KEYS */;
INSERT INTO `br_brands` VALUES (1001,'Samsung',1),(1002,'Lg',1),(1003,'Rca',1),(1004,'Hisense',1),(1005,'Toshiba',1),(1006,'Compaq',1),(1007,'Acros',1),(1008,'Mabe',1),(1009,'Oster',1),(1010,'Iml',1),(1011,'Grs',1),(1012,'Whirlpool',1),(1013,'Frigidaire',1),(1014,'Black & decker',1),(1015,'Aiwa',1),(1016,'Sony',1),(1017,'Muebles helen',1),(1018,'Olympia',1),(1019,'Facenco',1),(1020,'Remington',1),(1021,'Maiesta',1),(1022,'Hamilton beach',1),(1023,'Proctor silex',1),(1024,'Picca',1),(1025,'Motorola',1),(1026,'Hp',1),(1027,'Black &amp; decker',1),(1028,'Genico',1),(1029,'Hot plate',1),(1030,'Shimano',1),(1031,'Panasonic',1),(1032,'Diamond',1),(1033,'Dream',1),(1034,'Liderbike',1),(1035,'Power iq',1),(1036,'Go pro',1);
/*!40000 ALTER TABLE `br_brands` ENABLE KEYS */;
UNLOCK TABLES;

--
-- Table structure for table `ca_categories`
--

DROP TABLE IF EXISTS `ca_categories`;
/*!40101 SET @saved_cs_client     = @@character_set_client */;
/*!40101 SET character_set_client = utf8 */;
CREATE TABLE `ca_categories` (
  `ca_id` int(11) NOT NULL AUTO_INCREMENT,
  `ca_name` varchar(50) NOT NULL,
  `ca_status` tinyint(1) NOT NULL DEFAULT 1,
  PRIMARY KEY (`ca_id`),
  UNIQUE KEY `ca_name` (`ca_name`)
) ENGINE=InnoDB AUTO_INCREMENT=1043 DEFAULT CHARSET=utf8mb4 COLLATE=utf8mb4_general_ci;
/*!40101 SET character_set_client = @saved_cs_client */;

--
-- Dumping data for table `ca_categories`
--

LOCK TABLES `ca_categories` WRITE;
/*!40000 ALTER TABLE `ca_categories` DISABLE KEYS */;
INSERT INTO `ca_categories` VALUES (1001,'Televisores',1),(1002,'Estufas',1),(1003,'Refrigeradoras',1),(1004,'Lavadoras',1),(1005,'Microondas',1),(1006,'Horno tostador',1),(1007,'Plancha de ropa',1),(1008,'Licuadoras',1),(1009,'Barra de sonido',1),(1010,'Bocina',1),(1011,'Torre de sonido',1),(1012,'Minicomponente',1),(1013,'Muebles',1),(1014,'Camas',1),(1015,'Belleza',1),(1016,'Soporte tv',1),(1017,'Cafeteras',1),(1018,'Percoladoras',1),(1019,'Batidoras',1),(1020,'Procesador de alimentos',1),(1021,'Olla de presion',1),(1022,'Utileria de cocina',1),(1023,'Ventiladores',1),(1024,'Celulares',1),(1025,'Computadoras',1),(1026,'Tablet',1),(1027,'Almohada',1),(1028,'Olla electrica',1),(1029,'Frigobar',1),(1030,'Congelador horizontal',1),(1031,'Licuadora portatil',1),(1032,'Estufas electricas',1),(1033,'Computadoras laptop',1),(1034,'Estufas de mesa',1),(1035,'Funda para cama',1),(1036,'Bicicletas',1),(1037,'Set de ollas',1),(1038,'Vaso de licuadora',1),(1039,'Sartenes',1),(1040,'Extractor de jugo',1),(1041,'Protector de voltaje',1),(1042,'Camaras',1);
/*!40000 ALTER TABLE `ca_categories` ENABLE KEYS */;
UNLOCK TABLES;

--
-- Table structure for table `ci_cities`
--

DROP TABLE IF EXISTS `ci_cities`;
/*!40101 SET @saved_cs_client     = @@character_set_client */;
/*!40101 SET character_set_client = utf8 */;
CREATE TABLE `ci_cities` (
  `ci_id` int(11) NOT NULL AUTO_INCREMENT,
  `ci_name` varchar(50) NOT NULL,
  `ci_status` tinyint(1) NOT NULL DEFAULT 0,
  `st_id` int(11) NOT NULL,
  PRIMARY KEY (`ci_id`),
  KEY `st_id` (`st_id`),
  CONSTRAINT `ci_cities_ibfk_1` FOREIGN KEY (`st_id`) REFERENCES `st_states` (`st_id`)
) ENGINE=InnoDB AUTO_INCREMENT=1012 DEFAULT CHARSET=utf8mb4 COLLATE=utf8mb4_general_ci;
/*!40101 SET character_set_client = @saved_cs_client */;

--
-- Dumping data for table `ci_cities`
--

LOCK TABLES `ci_cities` WRITE;
/*!40000 ALTER TABLE `ci_cities` DISABLE KEYS */;
INSERT INTO `ci_cities` VALUES (1001,'Guatemala',1,1001),(1002,'',0,1002),(1003,'Ciudad vieja',1,1003),(1004,'Santa catarina barahona',1,1003),(1005,'San antonio aguas calientes',1,1003),(1006,'Escuintla',1,1004),(1007,'',0,1003),(1008,'Santa maria de jesus',0,1003),(1009,'San miguel dueñas',0,1003),(1010,'San juan alotenango',0,1003),(1011,'Antigua guatemala',0,1003);
/*!40000 ALTER TABLE `ci_cities` ENABLE KEYS */;
UNLOCK TABLES;

--
-- Table structure for table `cu_customers`
--

DROP TABLE IF EXISTS `cu_customers`;
/*!40101 SET @saved_cs_client     = @@character_set_client */;
/*!40101 SET character_set_client = utf8 */;
CREATE TABLE `cu_customers` (
  `cu_id` int(11) NOT NULL,
  `cu_dpi` varchar(20) NOT NULL,
  `cu_status` tinyint(1) NOT NULL DEFAULT 1,
  `cu_regdate` datetime NOT NULL DEFAULT current_timestamp(),
  `pe_id` varchar(36) NOT NULL,
  PRIMARY KEY (`cu_id`),
  KEY `pe_id` (`pe_id`),
  CONSTRAINT `cu_customers_ibfk_1` FOREIGN KEY (`pe_id`) REFERENCES `pe_persons` (`pe_id`)
) ENGINE=InnoDB DEFAULT CHARSET=utf8mb4 COLLATE=utf8mb4_general_ci;
/*!40101 SET character_set_client = @saved_cs_client */;

--
-- Dumping data for table `cu_customers`
--

LOCK TABLES `cu_customers` WRITE;
/*!40000 ALTER TABLE `cu_customers` DISABLE KEYS */;
INSERT INTO `cu_customers` VALUES (116253,'1733 97042 0301',1,'2023-07-31 14:49:09','2e65c65f-2656-4ca5-8126-e4fb9f85e23b'),(119845,'1683 72622 0312',1,'2023-07-28 18:12:26','6c567e9e-c030-4147-8410-338c234f684b'),(121158,'1950 15274 0312',1,'2023-07-19 20:50:06','1d298f36-ba20-44f3-b9ec-fefcb05e02e4'),(124412,'3058 38040 0301',1,'2023-07-28 14:42:21','1c17b367-5858-4092-abcc-62b889f38b3e'),(138565,'2782 84299 0301',1,'2023-07-31 10:59:37','04dc4197-b038-4d0f-891e-c642214153cb'),(142580,'2141 92660 0501',1,'2023-08-07 12:03:28','f4264995-88eb-4e64-9919-a3af4151616f'),(150307,'3062 78375 0312',1,'2023-07-31 14:21:28','63c6cb9e-fa0d-421c-bfd4-4c98b2f4a4f2'),(154937,'CF',1,'2023-07-21 00:20:04','3b6aa0c3-13d9-4c6a-9410-ea1e2e9c816a'),(156030,'1990 94020 0301',1,'2023-07-18 18:17:34','4ceae599-40aa-4a72-811d-e6faac16539d'),(162095,'1815 81752 0315',1,'2023-07-29 11:54:03','9e4e96c6-1fb3-4b22-bff1-b9324e441b72'),(177468,'2911 00961 0301',1,'2023-07-31 10:51:51','9e87b6b7-9f4b-4f20-b572-24a22ebf06cb'),(177620,'2229 92344 1710',1,'2023-07-25 14:52:23','5bbbf059-4879-41a9-bd39-4b441ba5ea95'),(185131,'2373 24075 0312',1,'2023-07-28 15:12:35','18e1aa7f-d0c6-4512-891d-25b6eb9f109a'),(188484,'CF',1,'2023-07-31 20:26:53','4c4bc2e0-329c-424f-9b78-fee1d5b70194'),(188538,'2640 37936 0312',1,'2023-08-03 11:29:49','9e44137b-6a1a-4072-ba3f-dc6b75275a43'),(207710,'1603 61842 0312',1,'2023-07-25 15:02:08','083d7c0e-0a16-44df-b813-d15098089d29'),(211702,'2612 90878 0312',1,'2023-07-31 12:03:12','bba5f261-e423-4590-9c28-8018ebffd548'),(217295,'3428 19844 2205',1,'2023-07-09 01:07:23','10b9d983-db1e-4606-b069-368682b5afa1'),(234033,'2519 51553 0312',1,'2023-07-28 15:52:31','352f083f-79ce-4c6c-9fc9-49782cc56439'),(239848,'2727 94732 0312',1,'2023-07-31 12:15:51','49fb7a5f-5c2c-49e8-8b35-6e7ab6012029'),(240005,'CF',1,'2023-07-31 20:36:50','7b13ef07-aa97-4644-b63f-d9517028fea8'),(244181,'3598 13739 0301',1,'2023-08-04 17:25:57','63f73bc1-7e8c-4edb-adf9-9f6c36079ca8'),(245231,'1618 64155 0301',1,'2023-07-27 19:21:15','64dee968-76c7-4a02-83e4-d0c5d944aacc'),(247955,'CF',1,'2023-07-31 20:48:14','c0bbf991-d90f-418f-aae1-507d394ef1ed'),(263029,'1733 83270 0708',1,'2023-07-18 18:48:39','5b12d439-1ef0-40df-a8b4-66645a7c8e24'),(265789,'2846 24977 0301',1,'2023-07-25 15:07:07','17bb4930-3ccb-498f-b07c-1d6b6ee3084d'),(274216,'CF',1,'2023-07-24 16:14:01','ff352e28-971c-4bac-8c7b-5f28a0de8d5e'),(285686,'2550 02335 0312',1,'2023-07-31 15:05:51','ce5a819d-1e24-415e-ab24-c81fb8bf0bc6'),(286336,'2846 24977 0301',1,'2023-07-25 15:15:45','0e2f5cff-9708-4b7b-9ea3-aff816377176'),(299916,'2709 46063 0313',1,'2023-07-18 18:55:00','a5cdb768-5b85-4db0-837b-a4fbd8c145ad'),(300391,'1787 30467 0313',1,'2023-07-18 19:00:35','bafe5bef-9684-4249-9a06-23462c9a1afc'),(302784,'3748 94779 0101',0,'2023-07-28 12:57:21','553d2032-02b9-42aa-a6d1-8b199600efe7'),(303735,'3057 84641 0301',1,'2023-08-01 16:58:35','496196ab-1bd4-4b5b-8cbe-25ca7e00cec7'),(305585,'2171 07850 0312',1,'2023-07-31 19:51:39','32918648-dff2-4cd2-9d62-e040b0711815'),(309774,'2508 70169 0312',1,'2023-07-28 12:46:45','21bd4cc6-7a25-43fe-8e96-c84b7f0cbd03'),(314983,'1813 23591 0312',1,'2023-07-28 14:32:40','154813f2-1dc6-4924-9f8c-8cf1bc3728e6'),(317775,'1592 93324 0312',1,'2023-07-24 18:14:58','7db60ec9-d0d6-4d7e-bdea-797698d3d1a7'),(321365,'2373 93840 0312',1,'2023-07-31 11:53:16','d15fa57d-4d59-45d1-ad67-3d93819111ba'),(322158,'1692 53848 0312',1,'2023-07-31 21:00:19','b1b8e378-3466-479c-acf6-cefc0ef01aec'),(327159,'2986 33949 0301',1,'2023-08-01 20:49:24','dcd56c91-315b-4cc5-8de3-89e46ebda6bf'),(327529,'2638 05786 0312',1,'2023-07-28 14:38:10','896781ff-ec19-4506-8a9d-3b6e5b428ec9'),(331979,'2504 82673 0312',1,'2023-07-28 14:47:38','bfccb37f-a98f-4db1-a42b-5a52dcd56fc3'),(337847,'2593 93215 0101',1,'2023-07-31 17:48:01','0f8cc267-191e-4bc0-a66e-c48bbeab6982'),(344692,'2577 22378 0312',1,'2023-07-18 16:49:36','72255d26-f2c7-40db-a314-2a77dd37f8c2'),(344965,'2257 36241 0312',1,'2023-07-18 18:53:39','9729f6f7-27a5-4a3f-896f-e872e0e1c63b'),(350487,'2615 63106 0312',1,'2023-07-18 18:59:20','e47e1ec9-f331-4ce4-ac20-3b8e14d9945f'),(351671,'3057 38860 0301',1,'2023-07-31 20:09:15','1c11057e-22d8-42f2-b9f4-0e5d214a922c'),(356782,'2879 70477 0301',1,'2023-07-28 16:24:01','a601fa79-54d2-476c-8936-c23b0bc47972'),(361960,'2916 34958 0501',1,'2023-07-28 15:44:39','20d39326-806b-468b-b076-3aca8d6b8904'),(377057,'1669 09661 0301',1,'2023-08-01 18:27:58','b80b933f-1970-4800-bafa-a5752f5e1b34'),(382142,'CF',1,'2023-07-31 21:16:48','959d5f13-ba9b-46b1-bc97-b4ae7f6d9093'),(384353,'CF',1,'2023-07-31 21:09:39','e93b18d9-9c36-4bc4-85a8-791bf09bab01'),(384677,'1999 29114 0312',1,'2023-07-19 20:43:07','f468c827-8a81-48ab-8031-b08562b986ba'),(385328,'CF',1,'2023-07-31 20:50:18','d60cccff-5d3c-4f67-bfbb-6c1086c4974b'),(385810,'CF',1,'2023-07-31 17:37:46','73626ba8-4cb2-496e-bea0-c5e97440bb06'),(391271,'3057 32374 0301',1,'2023-07-18 18:07:35','221ddeea-f9b6-44be-ae34-403148b9d605'),(409507,'3062 46422 0311',1,'2023-07-18 18:56:03','ebfce75c-674f-4773-805a-f219f9f9ca98'),(415343,'1629 48905 03212',1,'2023-07-27 14:38:39','c7b528ea-ada9-4be3-b14d-c33b0b921598'),(417137,'CF',1,'2023-07-31 21:18:22','dbd09a40-926c-4b4f-ac95-e99c87f46e7b'),(420020,'2871 60734 0312',1,'2023-07-31 20:33:18','b49aff67-0d38-41c1-990e-69dc6214f696'),(435942,'3062 78588 0312',1,'2023-07-31 20:21:10','90ac0e5c-7bed-484c-8810-76777f119b06'),(436482,'3072 78805 0412',1,'2023-07-28 15:07:01','3869f488-5fcf-4628-97a3-443238162319'),(449007,'2284 47836 03012',1,'2023-08-04 14:37:34','dd90d3c5-d427-4c01-9871-c3ee060a3d04'),(454074,'2871 61250 0312',1,'2023-07-31 15:25:55','bea73bb6-655d-4e1c-a360-f21485d48834'),(465387,'2251 92160 0312',1,'2023-07-18 18:51:09','84993d6e-cf70-488b-a92e-51154be22c36'),(470829,'2012 72241 0312',1,'2023-07-24 15:18:10','0b765976-7c40-4653-a884-d1feff70c27b'),(475270,'2306 24154 0501',1,'2023-07-26 18:30:52','788e2c6b-33b4-4533-8899-56d9cce1ba24'),(503844,'2633 15045 0301',1,'2023-07-28 16:11:59','b97aba4b-a54e-41d7-b809-2172f55e4bfd'),(505496,'1654 39181 0301',1,'2023-07-31 15:18:52','53257d03-7ff4-4081-a440-1ed96ba03892'),(513793,'2459 92596 0301',1,'2023-07-18 18:09:22','75674e31-bdc3-47ab-aa5a-5879313c2fac'),(521604,'3018 76010 0101',1,'2023-07-31 18:11:28','136c1dfb-1541-406b-a981-b3af3e282382'),(523296,'CF',1,'2023-08-10 19:59:46','02a773af-8fea-4c5c-9a18-a790fefbc242'),(528498,'2359 47725 0312',1,'2023-07-19 20:41:08','608a7794-1deb-4e6b-876a-9e1d123ad6e4'),(530315,'2069 59303 0312',1,'2023-07-31 15:15:42','f7aa4c32-abbe-4135-b5f6-f02e544102ce'),(531314,'cf',1,'2023-07-25 17:28:41','d2a7422a-8433-4d52-a4ce-4c3d24391928'),(532495,'3060 18268 0302',1,'2023-07-26 18:24:17','be46434b-09a5-4ca2-bb5f-7b1460b2c402'),(535418,'2911 91409 0301',1,'2023-07-31 11:32:17','c04c07ca-7fab-48dd-833a-c0c567f3819d'),(545339,'CF',1,'2023-07-31 14:36:45','40aa305e-ae98-4701-9d04-c0f8f7cf77c0'),(545894,'3057 11210 0301',1,'2023-07-31 11:44:22','b2a09b38-7cda-41f5-8cd6-16462d029bcc'),(551502,'1823 88921 0507',1,'2023-07-27 15:22:53','ef7a1223-2e51-4e7f-9c2d-7635771e7e58'),(567726,'1938 85735 0312',1,'2023-07-25 14:31:01','8953ab35-3c34-4673-90ff-0e9ec806d819'),(582436,'2889 74239 0401',1,'2023-07-28 17:51:01','4b9b2920-4981-4f4d-9f00-99c18c28e3bf'),(587907,'1950 24478 0312',1,'2023-07-28 17:55:01','c34cb3da-c11b-43b1-a7ea-503c5540918b'),(594652,'3062 81899 0312',1,'2023-07-31 20:43:20','4ea886c7-f6a4-4b1b-9dc7-963bd200c101'),(597246,'CF',1,'2023-07-31 21:07:06','c0eec65f-ffc9-4e20-89e8-8b9c41403a87'),(604635,'1585 69423 0301',1,'2023-08-03 11:03:06','12e00613-4ef9-465f-8683-2101ae64dd17'),(607279,'1928 51330 0301',1,'2023-07-19 20:52:19','c5e0220c-398e-47fc-b344-44f209ca77ab'),(617322,'CF',1,'2023-07-22 00:56:39','c1b07586-b53a-45e3-9142-031062ac7875'),(617391,'2388 75237 0301',1,'2023-07-18 18:07:03','969a16b4-2bda-4a8a-b18c-d9b25c25af34'),(622601,'CF',1,'2023-08-02 10:27:10','608fba17-c20e-4d6d-ac45-930e81deda25'),(624541,'1737 70126 0312',1,'2023-07-28 12:41:13','6b7aa1e7-afea-455a-a080-3399e4d654c6'),(624932,'CF',1,'2023-07-31 20:45:49','9ffd40df-f33e-4994-a0fa-6669e6825ff0'),(628230,'1676 98370 0312',1,'2023-08-07 18:52:22','29d10e9b-7cc8-41b6-bceb-f31808bf12a7'),(631810,'CF',1,'2023-07-22 00:47:50','e1174e8f-33ed-4a42-9d89-ffce1b1f44d2'),(636391,'3057 28180 0301',1,'2023-07-19 17:23:13','b3d64882-65da-492e-94cd-7d721cf8b069'),(636703,'2205 50867 1224',1,'2023-07-18 18:47:35','a240c6f0-b3c4-4d32-9ae8-52f0441e9560'),(640021,'3271 54136 1017',1,'2023-07-18 18:16:02','748e9fdc-7514-4b02-b49a-6c500136c8ea'),(640825,'2633 69021 0312',1,'2023-07-31 12:19:05','a30e82c5-4f97-4ee8-aca2-fce3afd80d52'),(648009,'1654 27108 0301',1,'2023-07-31 11:35:38','38d5d1ef-c47d-4a9c-9d64-9e57b730c792'),(649813,'2171 35234 0301',1,'2023-08-10 18:57:14','7e8041f6-556d-43fa-b5b7-159acda6068a'),(650865,'1710 50215 0501',1,'2023-07-31 11:25:20','0808b5b5-94d6-4e32-a895-88de6bb00454'),(657346,'3057 55366 0301',1,'2023-07-25 16:56:57','7d900c5a-dfe7-48b8-8f74-db2c71457de9'),(657692,'3056 76849 0301',1,'2023-07-26 19:00:58','4be08e6d-9575-4201-8a87-162f1e3d10ac'),(661986,'1857 39989 0101',1,'2023-07-31 14:41:11','4adf6495-cff1-4bc6-878e-f3dfca531659'),(663414,'3062 66121 0312',1,'2023-07-31 11:48:46','170b616c-943d-4b33-8db3-eb3ffbc299e2'),(666645,'1775 96449 2107',1,'2023-07-31 21:34:50','c7161a62-0dbb-4b7e-af74-f5b9ab01ee5b'),(667454,'CF',1,'2023-07-31 20:38:31','4c73ed07-c567-46b4-bbfd-58e6a5797460'),(670029,'3233 19076 0509',1,'2023-07-28 15:00:53','d44afb49-c808-4e60-87f1-455760bf97aa'),(674600,'2745 07978 0312',1,'2023-07-18 18:46:06','091a809e-edd6-4213-ae79-7ef4505ff530'),(676936,'CF',1,'2023-07-31 21:02:35','8c3d77fd-b571-4837-88cc-a2e9316a8ac9'),(677687,'1981 81329 0312',1,'2023-07-25 17:18:23','b2521ae2-6862-4d7c-9214-8dfb2ba60e7c'),(684555,'2544 98574 0312',1,'2023-07-31 11:56:30','1febfd79-ada6-4f9b-b504-91fe3ee2ad19'),(685660,'2607 49338 0312',1,'2023-07-28 15:31:07','4a74af44-1648-44d0-bc82-42b8cd1683a8'),(691214,'1842 07789 0301',1,'2023-07-25 16:25:10','58f37bcf-3f14-4b0b-b264-3f3b9e0fa91a'),(692317,'2462 26870 0301',1,'2023-07-28 16:16:52','5eeb4b61-ba99-4d21-9895-80b227f8af72'),(711390,'1859 48162 0312',1,'2023-07-18 18:57:13','653d9535-2440-4c68-9610-1773d6243dc7'),(712193,'3062 99925 0313',1,'2023-08-03 14:11:28','30070adb-8ca2-496a-88ec-a27ef6643f44'),(712469,'1629 48905 0312',1,'2023-07-31 21:46:39','cbe07eec-5317-4832-b2cc-1cc88ca1c115'),(719522,'22446397',1,'2023-07-24 14:45:32','0768ab8c-6385-453b-9166-68ebf41e35f4'),(724660,'CF',1,'2023-07-28 11:27:20','05dd05df-9619-4e83-b075-603703ad43c4'),(747450,'1942 56057 0312',1,'2023-07-31 14:30:35','edbefafb-2004-46e9-8912-710d2d785a49'),(749490,'1914 17742 0312',1,'2023-07-31 17:41:31','5f49ec8b-de96-4ee0-8eff-40edda51b500'),(753126,'CF',1,'2023-07-31 20:05:22','7eff5377-ae03-44bd-a1a1-db7cab6d20f2'),(759727,'2143 03608 0101',1,'2023-07-28 17:26:26','1bf4378f-8539-4fcd-baaf-40be3dd6781a'),(768580,'2084 50327 0315',1,'2023-07-18 20:20:57','2613f49d-93e1-45f6-812b-1de4a25a9b01'),(771943,'CF',1,'2023-07-31 20:56:12','cbbdf686-dbdc-4246-b5bb-ce6c2c4702dc'),(781925,'2446 32421 0303',1,'2023-07-19 20:39:49','f461c98e-33f4-42c4-ba99-c39ea3ba3b58'),(801410,'1895 83827 0312',1,'2023-08-05 12:11:08','16cda1a6-08ef-4064-8c0d-546b2b42af82'),(805766,'2574 14495 05001',1,'2023-07-28 16:02:34','f5b3c21d-81f6-4d37-bbd4-f39b8584de15'),(820825,'0',1,'2023-07-18 22:09:43','3e967167-f7cc-4844-a9da-793e4c61fce5'),(821380,'3057 21771 0301',1,'2023-07-31 14:16:12','8010577f-7741-4824-aa16-382fbb74c50a'),(824107,'2613 60507 0101',1,'2023-07-31 20:17:22','9450021c-32ee-4547-9fa7-5ecf6a48befa'),(824737,'2175 17749 0301',1,'2023-07-28 12:51:36','b16de89d-1378-4253-a397-6fb4f83d6ff9'),(828599,'2553 18715 0312',1,'2023-07-24 14:25:52','c3785d2e-4340-47d2-a59c-7f88bb732623'),(844283,'1979 71393 0316',1,'2023-07-18 18:08:04','68a42481-5c71-4550-bfbe-cd299488c9bb'),(851938,'CF',1,'2023-07-31 21:25:42','34c68e0b-51ed-473f-a836-c402473ae4da'),(853139,'3056 00397 0301',1,'2023-07-28 17:34:24','7b942996-c712-4189-b33f-bf8053da1f42'),(859043,'1584 28307 0312',1,'2023-07-25 14:57:38','4ba80cdd-2902-4ec3-b72d-ac07b014f09d'),(859125,'2775 33406 0301',1,'2023-08-07 10:55:21','e674cb64-bdb6-4e12-add9-ccfd1de434e5'),(868080,'CF',1,'2023-07-31 15:22:55','afb48654-1306-4f20-b3a0-6dfc7b7d96b1'),(870198,'2805 73162 0301',1,'2023-07-31 11:59:52','3da19bb7-72ca-45d9-bdfa-a367fc88b892'),(870751,'1903 11290 0311',1,'2023-07-31 11:18:29','0ab15e11-9213-43bc-89b2-e6119a8d4679'),(882493,'CF',1,'2023-07-26 18:46:45','e2080fa9-b23d-491a-b9ee-ea93ac878404'),(891659,'2553 18715 0312',1,'2023-07-31 21:39:42','f571693c-94c9-4587-afdf-fb0b3c8a0e01'),(892956,'1598 32098 0501',1,'2023-07-25 14:41:03','110f5b95-d887-4217-94aa-011ae3a74406'),(893605,'1675 87544 0920',1,'2023-07-19 20:48:02','148e27a0-b5b5-442c-b87d-4968ec353333'),(901390,'2183 74976 0312',1,'2023-07-24 14:47:46','735c6789-5199-46aa-a0b9-94a5bbabc2d8'),(904274,'2638 05786 0312',1,'2023-07-18 18:52:07','89f6d914-2124-429e-ae10-bd92a4e27a76'),(912947,'1804 23290 0312',1,'2023-07-31 21:29:32','aee26f35-94d3-4a2c-bc69-f61e3dcf24b6'),(914973,'2986 33949 0301',1,'2023-07-18 18:58:24','4665aa40-8e63-4362-8f4b-0daccca5e0fa'),(916450,'3162 11559 0504',1,'2023-07-22 00:22:53','81afa2a8-9b92-4cf6-b1a4-8c9dc27b6257'),(928647,'2253 96645 0313',1,'2023-07-31 12:07:40','17f19aa7-bd8c-4b45-a052-23c3817e02b9'),(943954,'1796 67157 0312',1,'2023-07-25 15:40:42','63ced801-99a8-48fb-b2ed-f613d2581bda'),(946078,'3062 78790 0312',1,'2023-07-25 17:35:31','68d2815d-1075-406d-bac6-cd4faea8dd0b'),(950750,'3412 77215 1416',1,'2023-07-28 12:22:00','15a92600-eb41-4172-9e38-633f4879d17d'),(952155,'2759 73697 0312',1,'2023-07-27 15:15:29','4cf97734-3191-4371-a805-b7eb96a01a45'),(954779,'3062 79509 0312',1,'2023-07-31 11:13:08','6dc9affd-972b-4830-9460-6f94c2711ce6'),(970934,'1585 69423 0301',1,'2023-07-19 17:45:39','9b9286d6-1fc4-4cac-b5cb-89365d01b0b2'),(973902,'2193 76352 0312',1,'2023-07-31 14:56:59','e7e7bfe7-62b9-4dd6-a65b-167368b5f518'),(975312,'1813 24563 0312',1,'2023-07-25 14:09:37','81c2f770-6e69-46f3-819c-f56c3e33a0dd'),(985073,'2463 71943 0301',1,'2023-07-28 15:23:33','3586e7b9-f5e4-4a4e-b9bd-b52f06bee097'),(998769,'2365 02433 0301',1,'2023-07-31 20:30:32','fbc9222e-1656-4368-900c-61b0697fb32b');
/*!40000 ALTER TABLE `cu_customers` ENABLE KEYS */;
UNLOCK TABLES;

--
-- Table structure for table `lo_locations`
--

DROP TABLE IF EXISTS `lo_locations`;
/*!40101 SET @saved_cs_client     = @@character_set_client */;
/*!40101 SET character_set_client = utf8 */;
CREATE TABLE `lo_locations` (
  `lo_id` int(11) NOT NULL AUTO_INCREMENT,
  `lo_name` varchar(50) NOT NULL,
  `lo_status` tinyint(1) NOT NULL DEFAULT 0,
  PRIMARY KEY (`lo_id`)
) ENGINE=InnoDB AUTO_INCREMENT=1003 DEFAULT CHARSET=utf8mb4 COLLATE=utf8mb4_general_ci;
/*!40101 SET character_set_client = @saved_cs_client */;

--
-- Dumping data for table `lo_locations`
--

LOCK TABLES `lo_locations` WRITE;
/*!40000 ALTER TABLE `lo_locations` DISABLE KEYS */;
INSERT INTO `lo_locations` VALUES (1001,'La tercera',1),(1002,'La plaza',1);
/*!40000 ALTER TABLE `lo_locations` ENABLE KEYS */;
UNLOCK TABLES;

--
-- Table structure for table `mem_memberships`
--

DROP TABLE IF EXISTS `mem_memberships`;
/*!40101 SET @saved_cs_client     = @@character_set_client */;
/*!40101 SET character_set_client = utf8 */;
CREATE TABLE `mem_memberships` (
  `mem_id` int(11) NOT NULL,
  `mem_name` varchar(30) NOT NULL,
  PRIMARY KEY (`mem_id`)
) ENGINE=InnoDB DEFAULT CHARSET=utf8mb4 COLLATE=utf8mb4_general_ci;
/*!40101 SET character_set_client = @saved_cs_client */;

--
-- Dumping data for table `mem_memberships`
--

LOCK TABLES `mem_memberships` WRITE;
/*!40000 ALTER TABLE `mem_memberships` DISABLE KEYS */;
INSERT INTO `mem_memberships` VALUES (111529,'Empleado'),(665590,'Normal');
/*!40000 ALTER TABLE `mem_memberships` ENABLE KEYS */;
UNLOCK TABLES;

--
-- Table structure for table `pe_persons`
--

DROP TABLE IF EXISTS `pe_persons`;
/*!40101 SET @saved_cs_client     = @@character_set_client */;
/*!40101 SET character_set_client = utf8 */;
CREATE TABLE `pe_persons` (
  `pe_id` varchar(36) NOT NULL,
  `pe_fullname` varchar(100) NOT NULL,
  `pe_email` varchar(100) NOT NULL,
  `pe_phone` varchar(20) NOT NULL,
  PRIMARY KEY (`pe_id`),
  UNIQUE KEY `pe_email` (`pe_email`)
) ENGINE=InnoDB DEFAULT CHARSET=utf8mb4 COLLATE=utf8mb4_general_ci;
/*!40101 SET character_set_client = @saved_cs_client */;

--
-- Dumping data for table `pe_persons`
--

LOCK TABLES `pe_persons` WRITE;
/*!40000 ALTER TABLE `pe_persons` DISABLE KEYS */;
INSERT INTO `pe_persons` VALUES ('00168a7f-444c-4d59-8a9f-bcb3bbc62da8','Multiesponjas, Sociedad Anonima','sincorreo@gmail.com','5902-1958'),('02a773af-8fea-4c5c-9a18-a790fefbc242','Edy Saul Arenalez Lopez','4937-6134@gmail.com','4937-6134'),('04c85492-590c-4861-a392-cc17cb76be9c','Sepsa','sin2@gmail.com','4211-1678'),('04dc4197-b038-4d0f-891e-c642214153cb','Jairo Joel Gonzalez Juarez','5947-3426@gmail.com','5947-3426'),('05dd05df-9619-4e83-b075-603703ad43c4','Rene David Gonzalez Taj','3875-5751@gmail.com','3875-5751'),('0634147a-a9ee-48d2-a3a5-7c972c6ce94c','Agencias Way','sincorreo1@gmail.com','000-000'),('0768ab8c-6385-453b-9166-68ebf41e35f4','Marvin Leonel Gonzalez','sinll239sl@gmail.com','0000-0000'),('0808b5b5-94d6-4e32-a895-88de6bb00454','Dorotea López Reyes De Jiménez','5571-2424@gmail.com','5571-2424'),('083d7c0e-0a16-44df-b813-d15098089d29','Vilma Aracely Jiménez López','4604-4197@gmail.com','4604-4197'),('091a809e-edd6-4213-ae79-7ef4505ff530','Brandon Daniel Taj Poron','brandontaj55@gmail.com','4255 1461'),('0ab15e11-9213-43bc-89b2-e6119a8d4679','Alberto Vásquez Hernández','5423-8403@gmail.com','5423-8403'),('0b765976-7c40-4653-a884-d1feff70c27b','Bartolome Vasquez Vega','nnalisk3@gmail.com','3081-7504'),('0d4a7e16-7423-4ef8-a516-52e7adf0386c','Marvin Arenales','marvinarenales04@gmail.com','5879-9069'),('0e2f5cff-9708-4b7b-9ea3-aff816377176','Israel Alejandro Pol Lopez','3273-4861@gmail.com','3273-4861'),('0f3ab69b-b9ef-45b8-b6d5-2c3b983b2f41','Mayoreo Distelsa','kherrera@distelsa.com.gt','5710-2562'),('0f8cc267-191e-4bc0-a66e-c48bbeab6982','Esdras Josue Larios Villela','5622-0589@gmail.com','5622-0589'),('10b9d983-db1e-4606-b069-368682b5afa1','Jose Alejandro Gonzalez Moreno','sincorreo1@gsail.com','3593-2766'),('110f5b95-d887-4217-94aa-011ae3a74406','Leonel Francisco Florez Hernandez','159@gmail.com','sin telefono'),('116da2fb-2ac9-483a-8c6b-2f46b4b4b6e2','Diveco, Sociedad Anonima','sin@gmail.com','4013-9968'),('11984714-7fdd-402c-9e96-ae8e14a563af','Slc Trade','aguerra@slc.com.gt','3424-4526'),('12e00613-4ef9-465f-8683-2101ae64dd17','Jaime Francisco Turuy Luna','5816-3111@gmail.com','5816-3111'),('136c1dfb-1541-406b-a981-b3af3e282382','Angelica Maria Hernandez','4091-4103@gmail.com','4091-4103'),('148e27a0-b5b5-442c-b87d-4968ec353333','Marvin Rocael Ramírez Pérez','4817-6459@gmail.com','4817-6459'),('154813f2-1dc6-4924-9f8c-8cf1bc3728e6','Dinora Marilis Olayo Rodriguez','4308-7902@gmail.com','4308-7902'),('15a92600-eb41-4172-9e38-633f4879d17d','Estela Candelaria Castro Pu','5014-4917@gmail.com','5014-4917'),('16cda1a6-08ef-4064-8c0d-546b2b42af82','Hugo Rogelio Sanchez Godinez','sinalsooi3@gmail.com','5685-4206'),('170b616c-943d-4b33-8db3-eb3ffbc299e2','Eva Rosmery Cóbar Gerónimo','3349-652@gmail.com','3349-6526'),('17bb4930-3ccb-498f-b07c-1d6b6ee3084d','Esvin Lorenzo Flores Lopez','284@gmaill.com','5385-5523'),('17f19aa7-bd8c-4b45-a052-23c3817e02b9','Jersson David Gacía Otzín','5971-3123@gmail.com','5971-3123'),('18e1aa7f-d0c6-4512-891d-25b6eb9f109a','Josue Exequiel Lopez Cana','5790-5093@gmail.com','5790-5093'),('191682cc-6418-4361-a751-6ef8e2a8b33a','Deysi Xulu','deysixulu84@gmail.com','4984-0893'),('1bf4378f-8539-4fcd-baaf-40be3dd6781a','Carmen Lucia Alvarez Yuc De Martinez','5474-2012@gmail.com','5474-2012'),('1c11057e-22d8-42f2-b9f4-0e5d214a922c','Wilmer Ezequiel García Vásquez','4050777@gmail.com','4050-3658/4749-0564'),('1c17b367-5858-4092-abcc-62b889f38b3e','Raquel Sarai Garcia Chitique','5534-2362@gmail.com','5534-2362'),('1d298f36-ba20-44f3-b9ec-fefcb05e02e4','María Magdalena Caná Cucuy','sinsoodk3@gmail.com','sin numero'),('1febfd79-ada6-4f9b-b504-91fe3ee2ad19','Jorge Anibal López Hernández','3733-0659@gmail.com','3733-0659'),('20d39326-806b-468b-b076-3aca8d6b8904','Manolo Eduardo Yaquit','3684-0788@gmail.com','3684-0788'),('21bd4cc6-7a25-43fe-8e96-c84b7f0cbd03','Carlos Omar Jimenez Lopez','3530-0886@gmail.com','3530-0886'),('221ddeea-f9b6-44be-ae34-403148b9d605','Steven Alejandro Santos Conjolón','stevnske@gmail.com','3000-9989'),('2613f49d-93e1-45f6-812b-1de4a25a9b01','Sergio Vinicio Telon Lopez','tellns3@gmail.com','4303-5317'),('29d10e9b-7cc8-41b6-bceb-f31808bf12a7','Wanda Pérez','5055-2822@gmail.com','5055-2822'),('2e65c65f-2656-4ca5-8126-e4fb9f85e23b','Diego Armando Xoc Jiménez','4526-7317@gmail.com','4526-7317'),('30070adb-8ca2-496a-88ec-a27ef6643f44','Ingrid Roselia García Hernández','4739-1973@gmail.com','4739-1973'),('32918648-dff2-4cd2-9d62-e040b0711815','Beatriz Adriana Hernandez Hernandez','3792-5421@gmail.com','3792-5421'),('34c2315d-b0b3-4be1-862f-1db6168d5880','Genico','genico@gmail.com','000-000'),('34c68e0b-51ed-473f-a836-c402473ae4da','Daniel Fernando Gomez','asdf333@gmail.com','0000-0000'),('352f083f-79ce-4c6c-9fc9-49782cc56439','José Marco Tulio González Chicay','3652-4541@gmail.com','3652-4541'),('3586e7b9-f5e4-4a4e-b9bd-b52f06bee097','Edilberto Favio Emanuel Gonzalez Lopez','5149-2340@gmail.com','5149-2340'),('36e90fb9-583d-474f-ad85-08f4eacf05ad','Bodegangas','sac@bodegangas.com.gt','2474-2851'),('3869f488-5fcf-4628-97a3-443238162319','Miguel Francisco Hernandez Ordoñez','4115-9047@gmail.com','4115-9047'),('38d5d1ef-c47d-4a9c-9d64-9e57b730c792','Diana Maribel Pérez Pérez De Pérez','4034-2644@gmail.com','4034-2644'),('3b2bdf70-3f6c-4930-a526-7f4a6d681ae2','Baldomero Arenales','baldorender@gmail.com','35241396'),('3b6aa0c3-13d9-4c6a-9410-ea1e2e9c816a','Yesica Doriselda Hernandez Cruz','yeslk3@gmail.com','000-000'),('3da19bb7-72ca-45d9-bdfa-a367fc88b892','Lesly Mishell Mornoy Juarez','3875-5527@gmail.com','3875-5527'),('3e967167-f7cc-4844-a9da-793e4c61fce5','Alejandro Soch','choso3@gmail.com','4273-8486'),('40aa305e-ae98-4701-9d04-c0f8f7cf77c0','Jose Emilio Vasquez Santos','000-8755448@gmail.com','0000-0000'),('4665aa40-8e63-4362-8f4b-0daccca5e0fa','Ignacio Omar Hernández Nij','ignach3@gmail.com','4430-9646'),('496196ab-1bd4-4b5b-8cbe-25ca7e00cec7','Mabelyn Edith Santos Vasquez','3098-6973@gmail.com','3098-6973'),('49fb7a5f-5c2c-49e8-8b35-6e7ab6012029','Marvin Geovany Cana Perez','4766-6825@gmail.com','4766-6825'),('4a74af44-1648-44d0-bc82-42b8cd1683a8','Martina Gonzalez Gomez De Acajabon','000887@gmail.cojm4','0000-0000'),('4adf6495-cff1-4bc6-878e-f3dfca531659','Alberto Alvarez Sipaque','3566-2974@gmail.com','3566-2974'),('4b9b2920-4981-4f4d-9f00-99c18c28e3bf','Josue Armando Atz Chuy','armandoatz@gmail.com','5879-2679'),('4ba80cdd-2902-4ec3-b72d-ac07b014f09d','Timoteo Paredes Hernandez','1584@gmail.com','5592-9550'),('4be08e6d-9575-4201-8a87-162f1e3d10ac','Griselda Del Pilar Hernandez Diaz','5126-4599@gmail.com','5126-4599'),('4c4bc2e0-329c-424f-9b78-fee1d5b70194','Mario René Taj Guarán','8039292378@gmail.conm','0000-0000'),('4c73ed07-c567-46b4-bbfd-58e6a5797460','Sonia Griselda Civil Rodriguez','joasidjh3@gmail.com','0000-0000'),('4ceae599-40aa-4a72-811d-e6faac16539d','Milner Leonel Pérez Payolá','milnsi3@gmail.com','4173-5393'),('4cf97734-3191-4371-a805-b7eb96a01a45','Kevin Eduardo Hernández Illescas','jaosdfj8@gmail.com','4753-6868'),('4ea886c7-f6a4-4b1b-9dc7-963bd200c101','Harvis Adán López Hernández','4596-1215@gmail.com','4596-1215'),('53257d03-7ff4-4081-a440-1ed96ba03892','Reina María González López','3254-3470@gmail.com','3254-3470'),('54786e44-eb51-4b14-ad95-d54539cd0a0f','Muebles Helen','muebles_helen@hotmail.com','4883-1398'),('553d2032-02b9-42aa-a6d1-8b199600efe7','Julia Gabriela Rosales Reyes','5951-0770@gmail.com','5951-0770'),('58f37bcf-3f14-4b0b-b264-3f3b9e0fa91a','Estuardo Alejandro Perez Jimenez','4503-0259@gmail.com','4503-0259'),('5b12d439-1ef0-40df-a8b4-66645a7c8e24','Abelino Salazar Churunel','cusknk3@gmail.com','3809-4059'),('5bbbf059-4879-41a9-bd39-4b441ba5ea95','Edras Calet Velez Monrroy','4285-0985@gmail.com','4285-0985'),('5eeb4b61-ba99-4d21-9895-80b227f8af72','Josué Daniel Yuc García','4166-7412@gmail.com','4166-7412'),('5f49ec8b-de96-4ee0-8eff-40edda51b500','Armando Pérez Melgar','5130-2920@gmail.com','5130-2920'),('608a7794-1deb-4e6b-876a-9e1d123ad6e4','Ervin Geovani Gómez López','d0-4488@gmail.com','3860-4488'),('608fba17-c20e-4d6d-ac45-930e81deda25','Israel Solano Garcia','ansklw@gmail.com','0000-0000'),('63c6cb9e-fa0d-421c-bfd4-4c98b2f4a4f2','Mayra Morelia López Santos','4685-9328@gmail.com','4685-9328'),('63ced801-99a8-48fb-b2ed-f613d2581bda','Lilian Esperanza Lopez Perez De Gomez','5203-6320@gmil.copm','5203-6320'),('63f73bc1-7e8c-4edb-adf9-9f6c36079ca8','Juan Antonio Santos Pérez','4243-0708@gmail.com','4243-0708'),('64116745-badb-4eda-9a55-246cb34d380b','El Gallo Mas Gallo','atencionalcliente@grupom.net','7882-4081'),('64dee968-76c7-4a02-83e4-d0c5d944aacc','Manuel Alberto Lopez Xicay','manuelalberto@gmail.com','5739-2562'),('653d9535-2440-4c68-9610-1773d6243dc7','Walter Leonel Cucuy Taj','sunsk3@gmail.com','5372-3223'),('68a42481-5c71-4550-bfbe-cd299488c9bb','Aaron Ordoñez López','arrjsn3@gmail.com','5927-7958'),('68d2815d-1075-406d-bac6-cd4faea8dd0b','Josue Nehemias Godinez Gomez','4474-3314@gmail.com','4474-3314'),('6b7aa1e7-afea-455a-a080-3399e4d654c6','Eswin Josué López Sanchez','5550-5483@gmail.com','5550-5483'),('6c567e9e-c030-4147-8410-338c234f684b','Miriam Magaly Perez Sulu','3856-2970@gmail.com','3856-2970'),('6dc9affd-972b-4830-9460-6f94c2711ce6','Bryan Estuardo Pérez García','5294-6185@gmail.com','5294-6185'),('72255d26-f2c7-40db-a314-2a77dd37f8c2','Lidia Maritza Camargo Hernandez De Gomez','sinorreo@fgmail.com','5866-1444'),('735c6789-5199-46aa-a0b9-94a5bbabc2d8','Martin Celada Voz','sinlal.zl3@gmail.cpom','4197-4168'),('73626ba8-4cb2-496e-bea0-c5e97440bb06','Hector Vinicio Reyes Mendoza','hecjkns3@gmail.com','0000-0000'),('748e9fdc-7514-4b02-b49a-6c500136c8ea','Dany Alberto Pú López','pulsnk3@gmail.com','5538-7488'),('75674e31-bdc3-47ab-aa5a-5879313c2fac','Luis Jeremías Pérez Jiménez','luisje@gmail.com','5003-6320'),('788e2c6b-33b4-4533-8899-56d9cce1ba24','Hilda Violeta Camey Orizabal','5665-0632@gmail.com','5665-0632'),('7b13ef07-aa97-4644-b63f-d9517028fea8','Juan Carlos Lopez Xulu','juansl3@gmail.com','0000-0000'),('7b942996-c712-4189-b33f-bf8053da1f42','Jessika Alejandra Vasquez González','5774-4940@gmail.com','5774-4940'),('7d900c5a-dfe7-48b8-8f74-db2c71457de9','Luis Eduardo Orenos Morán','5004-7133@gmail.com','5004-7133'),('7db60ec9-d0d6-4d7e-bdea-797698d3d1a7','Amilcar Alfredo Garcia Vasquez','sijlaks@gmail.com','5741-2195'),('7e8041f6-556d-43fa-b5b7-159acda6068a','Gilmar David Fajardo','sinallkj3@gmail.com','5842-8611'),('7eff5377-ae03-44bd-a1a1-db7cab6d20f2','Doris Ester Pérez González','012165748@gmail.com','0000-0000'),('8010577f-7741-4824-aa16-382fbb74c50a','Michelle Adriana Figueroa Gomez','3789-3599@gmail.com','3789-3599'),('81afa2a8-9b92-4cf6-b1a4-8c9dc27b6257','Milvia Vivas Lopez','n121@gmail.com','4088-4313'),('81c2f770-6e69-46f3-819c-f56c3e33a0dd','Wellington Vinicio Felipe Tuchan','4770-9570@gmail.com','4770-9570'),('837f62ed-560d-464c-ba2a-06ddf76e1c03','Tecno Facil Outlet','tf.outletsanjuan@distelsa.com.gt','2432-6286'),('84993d6e-cf70-488b-a92e-51154be22c36','Ana Patricia Gómez Rodríguez','arriolaany894@gmail.com','5592-3093'),('86302e2b-809c-490c-819a-367f88f4af67','Jesus Navarro','jesusns1902@gmail.com','523481468309'),('8953ab35-3c34-4673-90ff-0e9ec806d819','Dora Olimpia García Hernández','5964-2796@gmail.com','5964-2796'),('896781ff-ec19-4506-8a9d-3b6e5b428ec9','Edgar Eduardo Caná Pérez','3356-2861@gmail.com','3356-2861'),('89f6d914-2124-429e-ae10-bd92a4e27a76','Edgar Eduardo Caná Perez','edgans3@gmail.com','5191-5388'),('8c3d77fd-b571-4837-88cc-a2e9316a8ac9','Esmeralda Emidia Perez Miranda','esmeo3@gmail.com','0000-0000'),('90ac0e5c-7bed-484c-8810-76777f119b06','Kevin Alexander Santos Peralta','3783-3745@gmail.com','3783-3745'),('9450021c-32ee-4547-9fa7-5ecf6a48befa','Edwin Salvador Maeda Alvarado','4173-1520@gmail.com','4173-1520'),('959d5f13-ba9b-46b1-bc97-b4ae7f6d9093','Esdras Calet Velez Monrroy','jm03jhs@gmail.com','0000-0000'),('969a16b4-2bda-4a8a-b18c-d9b25c25af34','Luis Alfredo Fernández','luisafe@gmail.com','3012-0301'),('9729f6f7-27a5-4a3f-896f-e872e0e1c63b','Nelson Estuardo Bosarreyes López','bosarreyes09@gmail.com','5996-5372'),('9b9286d6-1fc4-4cac-b5cb-89365d01b0b2','Hector Armando Rodriguez Elias','snkksao3@gmail.com','3476-9020'),('9e44137b-6a1a-4072-ba3f-dc6b75275a43','Silvia Marina Rodríguez Pérez','5027-3469@gmail.com','5027-3469'),('9e4e96c6-1fb3-4b22-bff1-b9324e441b72','Luis Fernando Gómez','5968-4389@gmail.com','5968-4389'),('9e87b6b7-9f4b-4f20-b572-24a22ebf06cb','Josué David Rodríguez Hernández','5863-7213@gmail.com','5863-7213'),('9ffd40df-f33e-4994-a0fa-6669e6825ff0','Karla Palencia','jisikpanl@gmail.com','0000-0000'),('a240c6f0-b3c4-4d32-9ae8-52f0441e9560','Geiny Osberto Gómez Ortiz','carlusn3@gmail.com','5203-6320'),('a30e82c5-4f97-4ee8-aca2-fce3afd80d52','Maria Cristina García López','3581-5370@gmail.com','3581-5370'),('a5cdb768-5b85-4db0-837b-a4fbd8c145ad','Handersson Geovany Perez Arenales','andksk3@gmail.com','4268-5314'),('a601fa79-54d2-476c-8936-c23b0bc47972','José Ricardo Orenos Morán','4286-3412@gmail.com','4286-3412'),('aee26f35-94d3-4a2c-bc69-f61e3dcf24b6','Edurado Hernández Santos','4340-7547@gmail.copm','4340-7547'),('afb48654-1306-4f20-b3a0-6dfc7b7d96b1','Kevin David Velásquez Camey','kevicammh@gmail.com','0000-0000'),('b03edfb9-84ae-482c-a600-432cfdad6aa9','La Bodegona','sincorre@gmail.com','5454-5025'),('b16de89d-1378-4253-a397-6fb4f83d6ff9','Eva Emilsa Gerónimo Texmal De Morales','3349-6526@gmail.com','3349-6526'),('b1b8e378-3466-479c-acf6-cefc0ef01aec','Maria De Los Angeles Sinay Hernandez','5867-2675@gmail.com','5867-2675'),('b2521ae2-6862-4d7c-9214-8dfb2ba60e7c','Wilfredo González Rodríguez','5535@gmail.com','5535-5150'),('b2a09b38-7cda-41f5-8cd6-16462d029bcc','Luis Fernando Domingo Juan','3898-5007@gmail.com','3898-5007'),('b3d64882-65da-492e-94cd-7d721cf8b069','Juan Fernando Lopez Ramirez','fr099836@gmail.com','5123-6325'),('b49aff67-0d38-41c1-990e-69dc6214f696','Erika Azucena Morales Gonzales','3852-4580@gmail.com','3852-4580'),('b80b933f-1970-4800-bafa-a5752f5e1b34','Carlos Gabino Alvarez Yuc','yucajl3k9@gmail.com','4588-6035'),('b97aba4b-a54e-41d7-b809-2172f55e4bfd','Reyna Elena Violeta Vásquez García','3061-2876@gmail.com','3061-2876'),('bafe5bef-9684-4249-9a06-23462c9a1afc','Carlos Humberto Otoy Quexel','chunsot@gmail.com','4943-1902'),('bba5f261-e423-4590-9c28-8018ebffd548','Ana Gricelda Galindo Jiménez De Pérez','sinslkh2391@gmail.com','0000-0000'),('be46434b-09a5-4ca2-bb5f-7b1460b2c402','Jaquelin Roxana Castellanos Azurdia','5867-5772@gmnail.com','5867-5772'),('bea73bb6-655d-4e1c-a360-f21485d48834','Wilson David Quixan Mendoza','5593-2782@gmail.com','5593-2782'),('bfccb37f-a98f-4db1-a42b-5a52dcd56fc3','Jose Magdaleno Reyes Gomez','4493-1505@gmail.com','4493-1505'),('c04c07ca-7fab-48dd-833a-c0c567f3819d','Julia Celeste Ramirez Sanchez','517173234d@gmail.com','5171-3362/5568-4005'),('c0bbf991-d90f-418f-aae1-507d394ef1ed','Silvia Leticia Hernandez Lopez','sivlsi3@gmail.com','0000-0000'),('c0eec65f-ffc9-4e20-89e8-8b9c41403a87','Cesar Augusto Perez Santos','fas34989@gmail.com','0000-0000'),('c1b07586-b53a-45e3-9142-031062ac7875','Patricia Vasquez','jjalsdkj3@gmail.com','3199-6119'),('c34cb3da-c11b-43b1-a7ea-503c5540918b','Florencio Jimenez Reyes','3398-9456@gmail.com','3398-9456'),('c3785d2e-4340-47d2-a59c-7f88bb732623','Brenda Isabel Hernandez','nlsoknn33@gmail.com','5836-4322'),('c5e0220c-398e-47fc-b344-44f209ca77ab','Saúl Estuardo Almengor Pereira','5702-6346@gmail.com','5702-6346'),('c70dd5a9-f7a8-4964-a0c5-f6310bc1dddd','Nelvin Xulu','nelvinxp12@gmail.com','5124-4761'),('c7161a62-0dbb-4b7e-af74-f5b9ab01ee5b','Ana Consuelo Garcia Juarez De Gonzalez','3010-3942@gmail.com','3010-3942'),('c7b528ea-ada9-4be3-b14d-c33b0b921598','Luky Doricelda Olayo Rodriguez','lucakns3@gmail.com','4111-4767'),('cbbdf686-dbdc-4246-b5bb-ce6c2c4702dc','Edgar Daniel López Ramírez','asdfjho39@gmail.com','4535-8636'),('cbe07eec-5317-4832-b2cc-1cc88ca1c115','Lucky Doricelda Olayo Rodriguez','4111-4767@gmail.com','4111-4767'),('ce1d5c37-b3bf-4006-8466-5db7755cc694','Intelaf','escuintla@intelaf.com','2328-0051'),('ce5a819d-1e24-415e-ab24-c81fb8bf0bc6','Hilda Violeta Tajtaj González','0000-0000ds@gmail.com','0000-0000'),('d15fa57d-4d59-45d1-ad67-3d93819111ba','Carlos Enrique Santos Cordova','3020-9549@gmail.com','3020-9549'),('d2a7422a-8433-4d52-a4ce-4c3d24391928','Lucrecia Hernández Cardenas','jlsoi3sksk@gmail.coms','0000-0000'),('d44afb49-c808-4e60-87f1-455760bf97aa','Lorenzo Israel Ibarra Chitique','5143-0084@gmail.com','5143-0084'),('d574014e-cd51-460e-ba59-da0f2cbde2d3','Irma Taj','aracelyguaran20@gmail.com','3426-4205'),('d60cccff-5d3c-4f67-bfbb-6c1086c4974b','Blanca Aracely Quixan Mendoza','balndl3@gmail.conm','0000-0000'),('d6169c9d-4f21-46ef-8030-ff6ebbdedc1a','Comercial El Porteño','ellsalioi3@gmail.com','7889-0575'),('dab4a868-dd48-4363-bcaa-14619938406e','Distribuidora Acuario','4@gmaiul.com','5413-3643'),('dbd09a40-926c-4b4f-ac95-e99c87f46e7b','Minel Luis Avila','asdf33@gfmail.com','0000-0000'),('dcd56c91-315b-4cc5-8de3-89e46ebda6bf','Ignacio Omar Hernández Nij','4430-9646@gmail.com','4430-9646'),('dd90d3c5-d427-4c01-9871-c3ee060a3d04','Gladys Marisol López Quintanilla','4620-0223@gmail.com','4620-0223'),('e1174e8f-33ed-4a42-9d89-ffce1b1f44d2','Gabriel Jimenez','sinsll3k2@gmail.com','0000-0000'),('e2080fa9-b23d-491a-b9ee-ea93ac878404','Karla Sucely Torres Rodriguez','946d078@gmail.com','3804-6624'),('e47e1ec9-f331-4ce4-ac20-3b8e14d9945f','Jenifer Tereso Gómez López','jensgos3@gmail.com','5861-4806'),('e63803eb-bba1-4191-917a-8320849fbd20','Billion Home','sinjo2@gmail.com','000-000'),('e674cb64-bdb6-4e12-add9-ccfd1de434e5','Cesar Anibal Cana Mendoza','4686-1868@gmail.com','4686-1868'),('e7e7bfe7-62b9-4dd6-a65b-167368b5f518','Adelaida Patzán Pérez De López','5972-0466@gmail.com','5972-0466'),('e93b18d9-9c36-4bc4-85a8-791bf09bab01','Carmen Marisela Ramirez Itzol','asdf3888@gmail.com','0000-0000'),('ea01b71f-51df-4e9a-a402-018e399e611b','Baldomero Arenales','baldoarenas8@gmail.com','3524-1396'),('ebfce75c-674f-4773-805a-f219f9f9ca98','Miriam Fabiola Ciriaco Sunún','jksnk3@gmail.com','42609403'),('edbefafb-2004-46e9-8912-710d2d785a49','Miguel Antonio Flores López','3215-6757@gmail.colm','3215-6757'),('ef7a1223-2e51-4e7f-9c2d-7635771e7e58','Ana Luisa Calderon De Velasquez','jialsnlk3@gmail.com','5477-7583'),('f4264995-88eb-4e64-9919-a3af4151616f','Maria Antonia Maricela Lopez','dsfdsfsdf@gmail.com','3684 0788'),('f461c98e-33f4-42c4-ba99-c39ea3ba3b58','Manuel Amilcar Chún García','nksl3@gmaill.com','3678-9508'),('f468c827-8a81-48ab-8031-b08562b986ba','Ruth Raquel Solís López De Gonzalez','5503-3978@gmail.com','5503-3978'),('f571693c-94c9-4587-afdf-fb0b3c8a0e01','Brenda Isabel Hernandez Perez De Chavac','5836-4322@gmail.com','5836-4322'),('f5b3c21d-81f6-4d37-bbd4-f39b8584de15','Yolanda Milene González Chapel','0000-0000@gmail.com','0000-0000'),('f7aa4c32-abbe-4135-b5f6-f02e544102ce','Melsin Renato Gómez Hernández','3625-4922@gmail.com','3625-4922'),('f98ff4d9-a90c-44a2-9a11-2c3b492dc510','Hamilton Xulu','hamidaniel16@gmail.com','4184-7857'),('fbc9222e-1656-4368-900c-61b0697fb32b','Jenifer Paola Hernández Vásquez','3781-9332@gmail.com','3781-9332'),('ff352e28-971c-4bac-8c7b-5f28a0de8d5e','Devora Leticia Hernandez','nisllakj3@gmail.com','0000-0000');
/*!40000 ALTER TABLE `pe_persons` ENABLE KEYS */;
UNLOCK TABLES;

--
-- Table structure for table `pm_paymentmethods`
--

DROP TABLE IF EXISTS `pm_paymentmethods`;
/*!40101 SET @saved_cs_client     = @@character_set_client */;
/*!40101 SET character_set_client = utf8 */;
CREATE TABLE `pm_paymentmethods` (
  `pm_id` int(11) NOT NULL AUTO_INCREMENT,
  `pm_name` varchar(50) NOT NULL,
  `pm_per` float NOT NULL,
  `pm_status` tinyint(1) NOT NULL DEFAULT 0,
  PRIMARY KEY (`pm_id`)
) ENGINE=InnoDB AUTO_INCREMENT=1005 DEFAULT CHARSET=utf8mb4 COLLATE=utf8mb4_general_ci;
/*!40101 SET character_set_client = @saved_cs_client */;

--
-- Dumping data for table `pm_paymentmethods`
--

LOCK TABLES `pm_paymentmethods` WRITE;
/*!40000 ALTER TABLE `pm_paymentmethods` DISABLE KEYS */;
INSERT INTO `pm_paymentmethods` VALUES (1001,'Efectivo',0,1),(1002,'Tarjeta credito/debito',5,1),(1003,'Deposito bancario',0,1),(1004,'Transferencia',0,1);
/*!40000 ALTER TABLE `pm_paymentmethods` ENABLE KEYS */;
UNLOCK TABLES;

--
-- Table structure for table `pr_products`
--

DROP TABLE IF EXISTS `pr_products`;
/*!40101 SET @saved_cs_client     = @@character_set_client */;
/*!40101 SET character_set_client = utf8 */;
CREATE TABLE `pr_products` (
  `pr_id` varchar(16) NOT NULL,
  `pr_barcode` varchar(50) NOT NULL,
  `pr_name` varchar(150) NOT NULL,
  `pr_model` varchar(50) NOT NULL,
  `pr_description` text NOT NULL,
  `pr_cost` float NOT NULL,
  `pr_price` float NOT NULL,
  `pr_pricetopayments` float NOT NULL,
  `pr_status` tinyint(1) NOT NULL DEFAULT 0,
  `pr_regdate` datetime NOT NULL DEFAULT current_timestamp(),
  `ca_id` int(11) NOT NULL,
  `br_id` int(11) NOT NULL,
  `pv_id` int(11) NOT NULL,
  PRIMARY KEY (`pr_id`),
  UNIQUE KEY `pr_barcode` (`pr_barcode`),
  KEY `ca_id` (`ca_id`),
  KEY `br_id` (`br_id`),
  KEY `pv_id` (`pv_id`),
  CONSTRAINT `pr_products_ibfk_1` FOREIGN KEY (`ca_id`) REFERENCES `ca_categories` (`ca_id`),
  CONSTRAINT `pr_products_ibfk_2` FOREIGN KEY (`br_id`) REFERENCES `br_brands` (`br_id`),
  CONSTRAINT `pr_products_ibfk_3` FOREIGN KEY (`pv_id`) REFERENCES `pv_providers` (`pv_id`)
) ENGINE=InnoDB DEFAULT CHARSET=utf8mb4 COLLATE=utf8mb4_general_ci;
/*!40101 SET character_set_client = @saved_cs_client */;

--
-- Dumping data for table `pr_products`
--

LOCK TABLES `pr_products` WRITE;
/*!40000 ALTER TABLE `pr_products` DISABLE KEYS */;
INSERT INTO `pr_products` VALUES ('03C5DFCF7DC34556','520102','SET DE SARTENES PICCA 3 PIEZAS GRIS MARMOL','PI003SSMP','3 SARTENES DIFERENTES TAMAÑOS',290,450,690,1,'2023-07-24 17:05:26',1039,1024,170372),('04BBC945496F4A08','7','LICUADORA OSTER 8 VELOCIDADES VASO DE VIDRIO BLANCO','BLSTMG-W00','8 velocidades, vaso de vidrio.',340,490,590,1,'2023-07-08 23:01:44',1008,1009,170372),('0508603A57FE4AB9','50','ESTUFA CON HORNO ACROS 20\" NEGRA TOP NEGRO','LNAW1001B00','4 hornillas color negro',1460,2050,3050,1,'2023-07-11 17:18:08',1002,1007,170372),('0625E5EDBCBD4322','EECKING1BTS','CAMA OLYMPIA EDICIÓN ESPECIAL CORAZÓN KING BOX TOP','EECKING1BTS','corazon king',1850,2840,3950,1,'2023-07-31 11:15:34',1014,1018,109822),('08880B600B0D49AF','53','PLANCHA OSTER A VAPOR CON SUELA ANTIADHERENTE PALO ROSA','GCSTBS3801','a vapor suela antiadherente palo rosa',170,300,360,1,'2023-07-11 17:21:31',1007,1009,571770),('08E8815178F64A8B','12','ROPERO NOVO MUEBLES HELEN','ROPNOVO','ropero',2400,3300,4620,1,'2023-07-08 23:11:23',1013,1017,813063),('098E6298EE46420F','26','LICUADORA BLACK&DECKER 10 VELOCIDADES JARRA DE PLASTICO ROJO','BLBD210PP','10 velocidades , roja , jarra vidrio.',209.3,420,500,1,'2023-07-08 23:30:30',1008,1027,415958),('0A53251C5C4646DA','1','ESTUFA CON HORNO OSTER 20\" GRAFITO TOP INOXIDABLE','OS-GSBCT20BS','ESTUFA CON HORNO OSTER 20\" GRAFITO TOP INOXIDABLE',1260,1920,2950,1,'2023-07-08 22:42:32',1002,1009,571770),('0C5FACC960FD4D23','48','BARRA DE SONIDO AIWA 40 W (BT/AUX/USB/HDMI)','AWSBH1','40 watts con bluetooth auxiliar usb y hdmi',595,850,1380,1,'2023-07-11 17:15:46',1009,1015,170372),('0CE2F51125A247F2','93','ESTUFA DE MESA IML 4 HORNILLAS MARFIL TOP INOXIDABLE','C-4M','4 hornillas de mesa',422,650,930,1,'2023-07-11 18:11:21',1034,1010,571770),('0D34DEAE83F74276','27','BATIDORA MANUAL OSTER 6 VELOCIDADES BLANCA','FPSTHM3532','6 velocidades, blanca.',315,425,500,1,'2023-07-08 23:31:34',1019,1009,160039),('0E1BF3CD91F54847','51','ESTUFA CON HORNO RCA 20\" GRIS TOP INOXIDABLE','RCCR24','4 hornillas gris inoxidable',1349,2000,3000,1,'2023-07-11 17:19:11',1002,1003,571770),('119A0F8D25484193','38','TELEVISOR TOSHIBA 32\" SMART HD LED','32V35KB','televisor de 32 pulgadas high definition led',1676.92,2490,3350,1,'2023-07-11 16:56:21',1001,1005,207812),('163F4251944846ED','60','PLANCHA OSTER A VAPOR CON SUELA ANTIADHERENTE ROJO','GCSTBS5004','a vapor color rojo antiadherente',197,300,360,1,'2023-07-11 17:29:26',1007,1009,571770),('17B5FC1821D94156','34','PLANCHA PARA CABELLO REMINGTON ALISADORA EDICION LIMITADA (OBSEQUIOS) NEGRO','S3500','plancha de cabello',315,499,740,1,'2023-07-08 23:40:19',1015,1020,170372),('184D49A4D8444EAD','6','LICUADORA BLACK&DECKER 10 VELOCIDADES JARRA DE VIDRIO NEGRO','BLBD210GB','10 velocidades negra, de vidrio.',198,450,550,1,'2023-07-08 23:00:17',1008,1027,190196),('19B32FE3B9AD4EED','2','ESTUFA CON HORNO ACROS 20\" NEGRO Y GRIS TOP NEGRO','LAW5300S00','color gris con negro',1615,2050,3050,1,'2023-07-08 22:45:00',1002,1007,170372),('1BEAA6617B1A4408','14','ROPERO ESPAÑOL MUEBLES HELEN','ROPESPANOL','ropero',2725,3650,5580,1,'2023-07-08 23:15:30',1013,1017,813063),('1C93512DFE5A49FE','8MWTW2024WLG','LAVADORA WHIRLPOOL DE 44 LBS TAPA DE VIDRIO CON XPERT CYCLE  GRIS','8MWTW2024WLG','44 libras',3587,4680,6600,1,'2023-07-25 16:59:52',1004,1012,207812),('1D28403ABEA54918','UN55BU8000','TELEVISOR SAMSUING 55\" CRISTAL 4K SMART HD','UN55BU8000','55 pulgadas',4899,5850,7800,1,'2023-07-28 17:12:32',1001,1001,170372),('1D31FD0C87C84019','EEFKING1BTS','CAMA OLYMPIA EDICIÓN ESPECIAL FUTBOLERA KING BOX TOP','EEFKING1BTS','EDICION FUTBOLERA ',1987,2840,3950,1,'2023-07-28 12:54:38',1014,1018,109822),('1DC8418629714E85','44652088964','BICICLETA DIAMOND 26 TM730 24SPEED MARCO CURVO','DIAMONDTM730',' ',1900,2550,3160,1,'2023-07-24 17:34:53',1036,1032,342271),('1E1CF7E9F0374A9D','MOTOG50','CELULAR MOTOROLA G50 AZUL 128GB DOBLE SIM','MOTOG50','doble sim de 128 gb de espacio',1496,2499,1875,1,'2023-07-28 16:14:19',1024,1025,207812),('1E3D51AEBF4A4894','4221165','LICUADORA OSTER 2 VEL. CONTROL DE PULSO VASO DE VIDRIO BLANCO','BLSTKAG-WPB','VASO DE VIDRIO',385,550,650,1,'2023-07-24 17:08:02',1008,1009,170372),('1E6CFE52CDC74CB9','41','CAMA OLYMPIA ANTIESTRES ORTOPEDICA MATRIMONIAL ANTIZANCUDOS','ANTIESTRESORTMATRI','ortopedica matrimonial con tratamiento anti-zancudos',1888.45,2890,3950,1,'2023-07-11 17:02:18',1014,1018,109822),('1F70004FC1C34E42','19','PLANCHA PARA CABELLO REMINGTON PRO-ION STRAIGHT ','S7710','plancha de cabello',279,499,700,1,'2023-07-08 23:23:07',1015,1020,415958),('1FFF654502734D8B','BMX12CARS','BICICLETA NO. 12 BMX EDICIÓN CARS','BMX12CARS','BICICLETA DE NIÑO',500,750,900,1,'2023-07-31 17:39:54',1036,1028,864663),('20D76F4847AB4D54','15','ROPERO MILAN MUEBLES HELEN','ROPMILAN','ROPERO',2425,3450,5280,1,'2023-07-08 23:17:32',1013,1017,813063),('219F92BBC474450C','17','TRINCHANTE ZENIA MUEBLES HELEN','TRINZENIA','trinchante',3075,4150,6000,1,'2023-07-08 23:19:57',1013,1017,813063),('223B3F321B7049E0','74','VENTILADOR DE 12\"  PEDESTAL ROJO ','VEN12ROJO','12 pulgadas color rojo',160,250,250,1,'2023-07-11 17:48:15',1023,1028,864663),('24462CC7CCCB45A2','69','CAMA OLYMPIA EDICIÓN ESPECIAL CHAPINA MATRIMONIAL BOX TOP','EECHMATRI1BTS','edición julio chapina matrimonial',1272,1920,2850,1,'2023-07-11 17:42:13',1014,1018,109822),('259EDE7359C14D6A','96','PLANCHA OSTER A VAPOR CON SUELA ANTIADHERENTE LILA','GCSTBS6005','a vapor antiadherente color lila',260,360,410,1,'2023-07-11 18:14:49',1007,1009,571770),('275D83AEBC19460B','98','LAVADORA MABE DE 44 LBS CON TECNOLOGÍA AQUA SAVER GREEN BLANCA','LMA70213CBAB0','44 libras color blanca',3313,4450,6420,1,'2023-07-11 18:16:55',1004,1008,207812),('282B9B8BA3EB4799','30','PROCESADOR DE ALIMENTOS BLACK&DECKER 8 TAZAS BLANCO','FP1337','procesador 8 tazas',390,590,750,1,'2023-07-08 23:35:42',1020,1027,170372),('2973B2D55CD04745','65','TELEVISOR COMPAQ 32\" SMART ANDROIDTV','QLG32','32 pulgadas con sistema android',1395,2195,3200,1,'2023-07-11 17:37:42',1001,1006,170372),('2DB64881CF144F24','20','SECADORA DE CABELLO REMINGTON THERMACARE','D12A','secadora de cabello',281.8,399,520,1,'2023-07-08 23:23:59',1015,1020,415958),('3389135FF94949D6','58','REFRIGERADORA MABE 8 PIES FROST 1 PUERTA CON DISPENSADOR SILVER','RMU210FANU','8 pies 1 puerta con dispensador color silver',2049,2960,4320,1,'2023-07-11 17:27:42',1003,1008,207812),('3561AE8C34CB4A13','47','OLLA DE PRESIÓN PICCA 5 LITROS MARMOL GRIS','PI00050PG','5 litros de mármol color gris',265,525,600,1,'2023-07-11 17:13:53',1021,1024,170372),('382F4FFD093D4AB7','67','HORNO MICROONDAS OSTER 1,1 PIES CUBICOS MARCO DE ACERO','OGGM61002','1,1 pies marco de acero',699,1100,1440,1,'2023-07-11 17:39:52',1005,1009,207812),('39BADCEC7C67457E','45211','SET DE OLLAS PICCA  7 PCS MARMOL TURQUESA','P1007BMU','JUEGO DE OLLAS',490,750,990,1,'2023-07-24 16:51:03',1037,1024,170372),('3AD4D64160CE4028','86','CAMA OLYMPIA EDICIÓN ESPECIAL CHAPINA MATRIMONIAL DOBLE BOX TOP','EECHMATRI2BTS','doble box top edición julio chapina',1570,2500,3100,1,'2023-07-11 18:01:06',1014,1018,109822),('3AFBED8FAFEC4D7D','88','BOCINA BLUETOOTH ABS COLORES','MS-2678BT','bocina con bluetooth y luces',153,250,999,1,'2023-07-11 18:03:45',1010,1028,308689),('3C6DC96BBDA14DED','VEN10NEGRO','VENTILADOR DE 10\" PEDESTAL NEGRO Y ANARANJADO','VEN10NEGRO','VENTILADOR DE PLASTICO',150,250,250,1,'2023-08-03 17:36:55',1023,1028,864663),('3D2A10B033E74B13','32LM6378PSB','TELEVISOR LG 32 PULGADAS FULL HD','32LM6378PSB','high definition',1000,2550,1558,1,'2023-07-28 15:10:02',1001,1002,207812),('3DBF3CAD8E6F4633','8MWTW1713WJM','LAVADORA WHIRLPOOL DE 38 LBS TAPA DE VIDRIO CON XPERT CYCLE BLANCA','8MWTW1713WJM','38 LIBRAS',3500,4390,3380,1,'2023-07-25 16:47:22',1004,1012,571770),('407CF69A132F4264','28','OLLA MULTIUSO BLACK&DECKER 3 LITROS','MCH14','multifuncion para 3 litros',450,715,870,1,'2023-07-08 23:33:10',1028,1027,190196),('40E6DA39C004482E','99','PROTECTOR DE CAMA OLYMPIA QUEEN','EDREDONQUEEN','funda para cama queen',80,150,999,1,'2023-07-11 18:18:14',1035,1018,109822),('427F765F23944413','59','REFRIGERADORA MABE 10 PIES TOP MOUNT CON DISPENSADOR SILVER','RMA250PJMRU1','10 pies con dispensador',3085,4190,5016,1,'2023-07-11 17:28:37',1003,1008,207812),('4284EB52D1124C6F','11','MINICOMPONENTE LG Xboom CJ45 8500 WATTS CON WOOFER (USB/CD/BT)','LG-CJ45','8500 watts, 2 bocinas mas el woofer',1899,2595,3600,1,'2023-07-08 23:09:07',1012,1002,190196),('4349362C8D814D10','36','COMBO DE ALISADORA, ONDULADORA Y SECADORA REMINGTON ROJO','S5520-D3015MP','alisadora, onduladora y secadora',550,799,1000,1,'2023-07-11 16:52:30',1015,1020,170372),('439D87D29ED24B31','10','ALMOHADA DE FIBRA ESTANDAR ','ALM3','almohada',1,25,25,1,'2023-07-08 23:06:58',1027,1018,109822),('47B65C5EE02747D1','445215588','BICICLETA DIAMOND BMX NO. 16 CARS NIÑO','BMX16CARS','BICICLETA PARA NIÑO EDICION CARS',625,850,1120,1,'2023-07-24 17:21:35',1036,1032,342271),('47CF5D63F1A1497C','GRD181L','REFRIGERADOR GRS 7 PIES DE 1 PUERTA GRAFITO CON DISPENSADOR','GRD181L','7 pies de tamaño color gris',2159,2950,2700,1,'2023-07-28 12:35:13',1003,1011,571770),('48E1440C4E974001','GC3100B-LA','VASO PARA CAFETERA BLACK Y DECKER 12 TAZAS','GC3100B-LA','TAZA PARA CAFETERA',92,135,0,1,'2023-08-03 17:45:58',1017,1014,170372),('4949245C63C743EA','4520112','TORRE DE SONIDO PANASONIC DE 13200W CON DVD/CD/FM/USB/BLUETOOTH MAX DANCE ILLUMINATION','SC-TMAX40','de 13,200 watts',2895,3950,5400,1,'2023-07-24 17:15:25',1011,1031,170372),('4E704ED7271B4489','TB-T07','REGLETA ELECTRICA','TB-T07','PROTECTOR DE VOLTAJE',62.18,175,999,1,'2023-07-28 18:08:34',1041,1035,308689),('50DAA31CDC9C41B3','556216558','BICICLETA DIAMOND STEEL 26 CACHOS 21 SPEED FRENO DE DISCO','STEEL21','BICICLETA COLOR NEGRA CON VERDE',1275,1890,2600,1,'2023-07-24 17:30:36',1036,1032,342271),('52F44C4F3E9043CD','40','LAVADORA MABE DE 42 LBS CON TECNOLOGÍA AQUA SAVER GREEN BLANCA','LMA79113VBAB0 ','lavadora de 42 libras color blanca',3289,4250,6360,1,'2023-07-11 16:58:51',1004,1008,207812),('53BCD6AB3B5C410B','455621','HORNO MICROONDAS WHIRLPOOL DE 0.7 PIES CUBICOS SILVER','WM1807D','Color gris',612,890,1110,1,'2023-07-08 22:55:10',1005,1012,207812),('5569E58281A14752','43','PROCESADOR DE PULSO PROCTOR SILEX 1.5 TAZAS BLANCO','PS72500PS','1.5 tazas color blanco',145,200,200,1,'2023-07-11 17:05:40',1020,1023,571770),('58057F18F7EB4B2C','79','TELEVISOR HISENSE 32\" SMART HD LED','32A4KV','32 pulgadas hd led',1146,1950,3000,1,'2023-07-11 17:54:04',1001,1004,207812),('581A4C9BEB8742C5','29','LAVADORA WHIRLPOOL DE 48 LBS TAPA DE VIDRIO CON XPERT CYCLE BLANCA','8MWTW2224WJM','48 libras',3525,4790,6840,1,'2023-07-08 23:34:31',1004,1012,207812),('5B381E02A3BE466D','92','COMPUTADORA PORTATIL HP 14DQ0509LA','HP14DQ0509LA','laptop hp',2798,3499,5400,1,'2023-07-11 18:10:26',1033,1026,190196),('5B596B7E58EC490E','RC32A23S-S','TELEVISOR RCA 32\" SMART LED CON BLUETHOOTH','RC32A23S-S','32 pulgadas',1424,2195,1585,1,'2023-07-28 17:29:08',1001,1003,571770),('5C96FDE56A84420F','CKSTPC4692','OLLA DE PRESIÓN 7 LITROS','CKSTPC4692','7 LITROS',500,730,1020,1,'2023-07-31 20:28:08',1021,1009,170372),('5CCCD6DABA16412E','50C350KB','TELEVISOR TOSHIBA 50\" SMART 4K ULTRA HD','50C350KB','50 pulgadas',2936,4110,3195,1,'2023-07-25 17:38:15',1001,1005,207812),('5FEF440C5E774E26','62','HORNO TOSTADOR BLACK&DECKER BLANCO','TO134W','horno tostador',355,590,660,1,'2023-07-11 17:33:10',1006,1027,170372),('61245E5D80304168','SM-A042M/D','CELULAR SAMSUNG GALAXY A04e 32 GB NEGRO','SM-A042M/D','smartphone',1000,1500,2300,1,'2023-07-31 14:32:36',1024,1001,207812),('643DFC15F36749CB','4452154','LAVADORA WHIRLPOOL DE 44 LBS CON XPERT SYSTEM BLANCA','8MWTW2024WJM','44 LIBRAS COLOR BLANCA CON PANEL COLOR GRIS',3407,4520,6820,1,'2023-07-24 17:01:38',1004,1012,207812),('65C667755CC74BB5','80','TELEVISOR HISENSE 43\" SMART HD LED','43H5G','43 pulgadas hd led',2088,3090,4159,1,'2023-07-11 17:54:47',1001,1004,207812),('67FD2B5F7EE6429A','73','REFRIGERADORA MABE 8 PIES 1 PUERTA CON DISPENSADOR FROST GRIS','RMC181PYMRXO','8 pies 1 puerta con dispensador',1900,2890,4200,1,'2023-07-11 17:46:27',1003,1008,367486),('68FA418121874A0B','5520221645','BICICLETA DREAMS BMX NO. 16 PRINCESA CON CANASTA','BMX16PRINCESA','PARA NIÑA BICICLETA CON CANASTA',680,920,1180,1,'2023-07-24 17:27:03',1036,1033,342271),('6A2B164E45E94603','CMU4010','PERCOLADOR BLACK&DECKER 40 TAZAS','CMU4010','PERCOLADORA',450,620,900,1,'2023-07-31 18:21:34',1018,1014,170372),('6B4837C8D55F4B33','cm4360','Minicomponente LG XBOOM CM4360 de 230 W de potencia RMS, Bluetooth, TV Sound Sync','cm4360','RADIO',1049,1590,9999,1,'2023-08-07 11:59:15',1012,1002,367486),('6BBB0BCC5DB845D3','13','ROPERO BELIAN MUEBLES HELEN','ROPBELIAN','ropero',2850,3745,4740,1,'2023-07-08 23:13:12',1013,1017,813063),('6BBFCDC1CC4C41D1','456628','LICUADORA OSTER 2 VEL. CONTROL DE PULSO VASO DE VIDRIO ROJO','BLSTKAG-RPB','VASO DE VIDRIO',385,550,650,1,'2023-07-24 17:09:50',1008,1009,170372),('6C0B4D18C6B14596','61','PLANCHA OSTER A VAPOR CON SUELA ANTIADHERENTE GRIS','GCSTBS5001','a vapor color gris antiadherente',197,300,360,1,'2023-07-11 17:30:13',1007,1009,571770),('6C1FEBDEBE36402F','52','PLANCHA SECA LIVIANA OSTER CELESTE Y BLANCO','GCSTBV4112','sin vapor color celeste y blanco',197,295,350,1,'2023-07-11 17:20:22',1007,1009,571770),('6CE44EE20A6A4143','18','CUCHILLA PARA LICUADORA OSTER ORIGINAL','BLSTAA4961','cuchilla para licuadora',44,80,0,1,'2023-07-08 23:21:36',1008,1009,571770),('6D160E13A67947CC','71','TELEVISOR SAMSUNG 55\" SMART LED 4K UHD ','UN55AU7000P','55 pulgadas smart led 4k UHD',4800,5850,7800,1,'2023-07-11 17:44:14',1001,1001,170372),('6DA59CEB07344F06','SM-A546E','CELULAR SAMSUNG GALAXY A54 5G VERDE ','SM-A546E','A54',4800,5249,7140,1,'2023-07-31 20:22:41',1024,1001,207812),('6EF3630D6BF74808','57','TELEVISOR SAMSUNG 43\" SMART LED 4K ULTRA HD','UN43AU7000P','43 pulgadas ultra hd 4k',3400,4250,5640,1,'2023-07-11 17:26:34',1001,1001,170372),('7089EEA2115349E8','47785','VASO DE VIDRIO OSTER CROMADA 2 VELOCIDADES ','46515','VASO DE VIDRIO SOLO CROMADA',105,150,999,1,'2023-07-24 16:57:23',1038,1009,170372),('70A20FA34E0A40B6','31','BATIDORA BLACK&DECKER MANUAL Y DE TAZÓN BLANCA','MX900','tazon de vidrio',365,590,750,1,'2023-07-08 23:36:53',1019,1027,170372),('72715C9985804D13','465206088','BICICLETA DIAMOND STEEL 26 CACHOS 21 SPEED FRENO DE DISCO','STEEL21','BICICLETA NEGRA CON CELESTE',1275,1890,2600,1,'2023-07-24 17:31:59',1036,1032,342271),('739A7DBE77D74134','25','LICUADORA BLACK&DECKER 10 VELOCIDADES JARRA DE VIDRIO BLANCO','BLBD210GW','10 velocidades, blanca, jarra de vidrio.',244.3,450,550,1,'2023-07-08 23:29:30',1008,1027,415958),('743ACCACD37E40E1','22','SOPORTE DE PARED MAIESTA PARA TV DE 26\"-63\" FIJO','RACKF26-63','soporte tv',35,120,0,1,'2023-07-08 23:26:15',1016,1021,308689),('79D3C5FEEEF34EE5','77','ESTUFA CON HORNO MABE 30\" NEGRO CON PARILLAS DE HIERRO FUNDIDO','EM7658BFIN1','6 hornillas con parrillas de hierro fundido',2708,3650,4740,1,'2023-07-11 17:52:18',1002,1008,207812),('7E27382FA06242BA','81','TELEVISOR TOSHIBA 55\" SMART UHD-4K HDR','55C350LS','55 pulgadas smart UHD 4K',3116,4110,5820,1,'2023-07-11 17:55:39',1001,1005,207812),('7F0A93011DBD4498','8','LICUADORA OSTER 8 VELOCIDADES VASO DE VIDRIO TURQUESA','BLSTMG-T15','8 velocidades, verde, vaso vidrio.',364.95,490,590,1,'2023-07-08 23:04:08',1008,1009,170372),('7F5EAB8B41614E9E','EECMATRI1BTS','CAMA OLYMPIA EDICIÓN ESPECIAL CORAZÓN MATRIMONIAL BOX TOP	','EECMATRI1BTS','corazon imperial',1000,1920,2850,1,'2023-07-31 11:39:11',1014,1018,109822),('801688DEFFFE4E22','42','PROCESADOR DE PULSO PROCTOR SILEX 1.5 TAZAS NEGRO','PS72507','1.5 tazas color negro',145,200,200,1,'2023-07-11 17:04:48',1020,1023,571770),('80A4C0EDF473498C','32LM637BPSB','TELEVISOR LG LED 32 PULGADAS SMART HD','32LM637BPSB','32',2000,2550,3500,1,'2023-07-31 11:01:51',1001,1002,207812),('82A65252FBF44C7B','85','CONGELADOR HORIZONTAL HISENSE DE 15 PIES CUBICOS BLANCO','FC15D6BWX','horizontal de 15 pies color blanco',3446,4490,6600,1,'2023-07-11 17:59:59',1030,1004,207812),('85540E72E2C14798','HMM09NJ','HORNO MICROONDAS MABE 0,9 PIES CUBICOS SILVER','HMM09NJ','MICROONDAS',500,990,1200,1,'2023-07-31 15:01:24',1005,1008,571770),('87EEA9B940264269','skypawimp','CAMA OLYMPIA PAW PATROL SKY IMPERIAL','skypawimp','paw patrol',1000,1000,1550,1,'2023-07-31 11:41:38',1014,1018,109822),('88C5BC3C69DB41CA','45221','VASO VIDRIO OSTER 8 VELOCIDADES  ;   VASO VIDRIO OSTER CROMADA ','46515  ;  BLSTMG ','VASO DE VIDRIO PARA DOS MODELOS DIFERENTES',105,150,999,1,'2023-07-24 16:59:00',1038,1009,170372),('8ABD43F7522848C3','ANTIESTRESMATRI','CAMA OLYMPIA ANTIESTRES ORTOPEDICA MATRIMONIAL ANTIZANCUDOS','ANTIESTRESMATRI','ANTIESTRES',2000,2995,3950,1,'2023-07-31 19:48:01',1014,1018,109822),('8C1E18D106AC43C9','EEFIMPERIAL1BTS','CAMA OLYMPIA EDICIÓN ESPECIAL FUTBOLERA IMPERIAL BOX TOP ','EEFIMPERIAL1BTS','imperial futbolera',982,1390,930,1,'2023-07-25 17:31:31',1014,1018,109822),('8C4D3361881E41B0','89','ESTUFA ELECTRICA 1 HORNILLA 1000W','JX-1010B','1 hornilla electrica',93.9,175,999,1,'2023-07-11 18:04:49',1032,1029,308689),('8F06CF32E4D943BA','21','SOPORTE DE PARED MAIESTA PARA TV DE 14\"-42\" FIJO','RACKF14-42','colgar tv',24,80,0,1,'2023-07-08 23:25:22',1016,1021,308689),('93D43B7B12744D41','24','CAFETERA BLACK&DECKER 12 TAZAS JARRA DE VIDRIO PANEL DIGITAL NEGRO','CM1105B','12 tazas jarra de vidrio',200.83,440,500,1,'2023-07-08 23:28:05',1017,1027,415958),('942924E8921346B6','452154','LICUADORA OSTER 2 VEL. CONTROL DE PULSO VASO DE VIDRIO AZUL','BLSTKAG-LPB','VASO DE VIDRIO',385,550,650,1,'2023-07-24 17:08:53',1008,1009,170372),('98316E28CB1A4993','78','HORNO MICROONDAS OSTER DE 0,7 PIES CUBICOS NEGRO','OGKEW2702','0.7 pies color negro',565,825,1050,1,'2023-07-11 17:53:11',1005,1009,207812),('98966392F6904ECD','72','CAMA OLYMPIA EDICIÓN ESPECIAL CHAPINA IMPERIAL BOX TOP','EECHIMPERIAL1BTS','edición julio chapina imperial box top',1033,1490,2160,1,'2023-07-11 17:45:21',1014,1018,109822),('9897398DB1244D31','84','FRIGOBAR HISENSE 3,3\" 2 PUERTAS GRIS','RT33D6AAE','3,3 2 puertas color gris',1366,1890,2900,1,'2023-07-11 17:58:38',1029,1004,207812),('995B35B719F044E1','49','ESTUFA CON HORNO ACROS 30\" GRIS TOP INOXIDABLE','LAF5333D','6 horinillas con horno inoxidable',2339,3530,4620,1,'2023-07-11 17:17:07',1002,1007,170372),('997450717323425F','16','ROPERO ZADA MUEBLES HELEN','ROPZADA','ropero',2625,3590,5400,1,'2023-07-08 23:18:44',1013,1017,813063),('998A01CF9E024A2E','EEMATRI2BTS','CAMA OLYMPIA EDICIÓN ESPECIAL DOBLE BOX TOP FUTBOLERA MATRIMONIAL','EEMATRI2BTS','doble box top',1800,2195,3100,1,'2023-07-31 10:47:37',1014,1018,109822),('9BB98F64031243F9','4452254','EXTRACTOR DE JUGOS BLACK&DECKER QUIET SILENCIOSO COLOR NEGRO','JE2500B-LA','para todo tipo de jugos',395,625,780,1,'2023-07-24 17:16:46',1040,1027,170372),('A2E00980A9914729','54','LAVADORA SAMSUNG BLANCA 42 LBS CON TECONOLOGIA DUAL STORM','WA19A3353GW','capacidad para 42 libras color blanca',3391,4390,6300,1,'2023-07-11 17:22:35',1004,1001,207812),('A4324308721D427D','445215','SET DE OLLAS PICCA 7 PCS MARMOL GRIS','P1007BMC','OLLAS COLOR GRIS',480,750,990,1,'2023-07-24 16:52:22',1037,1024,170372),('A5275D06C19C48D4',' 4','ESTUFA CON HORNO MABE 30\" NEGRO Y GRIS TOP NEGRO','EM7622BAPS','color gris con negro',2072,3120,4380,1,'2023-07-08 22:29:36',1002,1001,207812),('A6B90DC880154AF9','RCCR22','ESTUFA CON HORNO RCA 20\" GRIS TOP INOXIDABLE','RCCR22','20 P',1500,2000,3050,1,'2023-07-31 20:07:05',1002,1003,571770),('A9F972B4EF7E4508','83','TORRE DE SONIDO SONY DE 450W CON DVD/CD/FM/USB/BLUETOOTH NCF E ILUMINACIÓN','MHCV43D','450w con ncf iluminación y woofer max',3210,4290,5700,1,'2023-07-11 17:57:30',1011,1016,207812),('AAC17EAA12664518','63','HORNO TOSTADOR BLACK&DECKER NEGRO','TO134B','horno tostador',355,590,660,1,'2023-07-11 17:33:53',1006,1027,170372),('AB68731198214EDA','44','ESTUFA CON HORNO ACROS 30\" NEGRO TOP INOXIDABLE','LAF5333B00','6 hornillas parrillas de alambron',2715,3530,4620,1,'2023-07-11 17:07:39',1002,1007,170372),('ADB91258780F4E35','UN55AU7000P ','TELEVISOR SAMSUNG 55\" CRYSTAL 4K SMART HD','UN55AU7000P ','55 PULGADAS',0,0,4660,1,'2023-07-31 17:51:28',1001,1001,207812),('ADD6F54D055D43EA','91','COLCHON COMFORTEX PLUS IMPERIAL','COLCHCOMFORTEX','plus imperial',100,650,1099,1,'2023-07-11 18:08:56',1014,1019,190196),('AF3E8B3C75E54F86','95','PLANCHA OSTER A VAPOR CON SUELA ANTIADHERENTE CELESTE','GCSTBS6004','a vapor suela antiadherente celeste',250,360,410,1,'2023-07-11 18:13:29',1007,1009,571770),('B03725D0D57548AE','97','PLANCHA OSTER A VAPOR CON SUELA ANTIADHERENTE MENTA','GCSTBS5002','a vapor antiaherente color menta',197,300,360,1,'2023-07-11 18:15:47',1007,1009,571770),('B0BEC05418474437','75','VENTILADOR DE 10\" PEDESTAL AMARILLO','VEN10AMARILLO','de pedestal color amarillo',150,230,230,1,'2023-07-11 17:50:26',1023,1028,864663),('B49F3CBAEE224C2B','455','SOPORTE DE PARED MAIESTA PARA TV DE 14\"-55\" MOVIBLE','RACKM14-55','SOPORTE TV',68,175,999,1,'2023-07-24 16:42:03',1016,1021,308689),('B85255FDFE60431E','87','VASO EXPRIMIDOR DE JUGOS 380ml','HM-03','vaso licuadora portatil 380 ml',62.18,125,999,1,'2023-07-11 18:02:51',1031,1028,308689),('BA384E4E76F04409','55','TELEVISOR SAMSUNG 32\" SMART HD','UN32T4300','32 pulgadas smart hd',1800,2600,3550,1,'2023-07-11 17:24:23',1001,1001,170372),('BBB8B203245B4741','37','COMBO DE SECADORA Y ALISADORA DE CABELLO REMINGTON ROSE GOLD','D3015-S1520','secadora, alisadora.',450,699,900,1,'2023-07-11 16:53:42',1015,1020,170372),('BC5E2241D5AA432F','45','CAMA OLYMPIA EDICIÓN ESPECIAL ONE PHILLOW IMPERIAL','EEONEPHILLIMP','one pillow imperial (economica)',868,1295,2160,1,'2023-07-11 17:10:02',1014,1018,109822),('BF2A96989E714B58','68','HORNO MICROONDAS FRIGIDAIRE DE 0,7 PIES CUBICOS SILVER','FMDO20S3GSPG','0,7 pies color gris',590,890,1110,1,'2023-07-11 17:40:50',1005,1013,207812),('C2891ABA822E46DC','CLOSETMEGAN','CLOSET MEGAN MUEBLES HELEN	','CLOSETMEGAN','closet',3600,4390,3840,1,'2023-07-28 17:00:22',1013,1017,813063),('C2E127BD1ED34FA4','3','REFRIGERADOR MABE 9 PIES TOP MOUNT GRIS MATE ','RMA230PVMRG1','Color gris mate',2708,3690,4920,1,'2023-07-08 22:47:00',1003,1008,207812),('C33095A2D20343F4','33','LICUADORA OSTER TRADICIONAL 2 VELOCIDADES VASO PLASTICO','4170','vaso de plastico',435,655,840,1,'2023-07-08 23:38:58',1008,1009,170372),('C818D1242A9247C6','94','ESTUFA DE MESA IML 4 HORNILLAS GRIS TOP INOXIDABLE','C-4G','4 hornillas inoxidable color gris',422,650,930,1,'2023-07-11 18:12:16',1034,1010,571770),('C9222F249609435C','70','CAMA OLYMPIA EDICIÓN ESPECIAL CHAPINA KING BOX TOP','EECHKING1BTS','edición julio chapina King box top',1987,2840,3950,1,'2023-07-11 17:43:14',1014,1018,109822),('CBF0BD46B0F243E2','100','BICICLETA SHIMANO RELAMPAGO NO. 26 NEGRO Y ROJO','RELAMPAGO26','no 26 color combinado rojo y negro',1000,1600,2500,1,'2023-07-11 18:19:50',1036,1030,367486),('CE970787F7054FD5','66','LAVADORA WHIRLPOOL DE 44 LBS CON XPERT SYSTEM BLANCA','8MWTW2024MJM','capacidad 44 libras color blanca con panel gris',3352,4520,6480,1,'2023-07-11 17:38:44',1004,1012,207812),('CEF01AD00A134623','4587','OLLA DE PRESIÓN PICCA 5 LITROS MARMOL ROJA','PI00050PR','5 LITROS COLOR ROJA',299,525,600,1,'2023-07-24 16:47:24',1021,1024,170372),('CFF1278785E84735','46','CAMA OLYMPIA EDICIÓN ESPECIAL ONE PHILLOW MATRIMONIAL','EEONEPHILLMATRI','one phillow matrimonial (economica)',1160,1750,2700,1,'2023-07-11 17:11:06',1014,1018,109822),('D09DFB4B38C743CA','410215874','BICICLETA LIDERBIKE BMX NO. 20 FREESTYLE TOPSPEED','BMX20FREESTYLE','BMX PARA NIÑO',975,1490,2040,1,'2023-07-24 17:28:34',1036,1034,342271),('D0A25079C11842E3','ALLOY26CXR','BICICLETA DIAMOND 26 ALLOY CXR TOURNEY 24SPEED ','ALLOY26CXR',' ',1800,2420,3040,1,'2023-07-24 17:33:58',1036,1032,342271),('D1484955A26C4B8D','3454fg','LAVADORA WHIRLPOOL DE 40 LBS TAPA DE METAL CON XPERT CYCLE BLANCA','8MWTW1813MJM','40 libras',3291,4390,5450,1,'2023-07-25 14:35:32',1004,1012,207812),('D3CE6985E1FE45DC','35','TELEVISOR HISENSE 43\" SMART UHD-4K HDR LED','43A7GV','43 pulgadas ultra hd con 4k',2120,3090,4680,1,'2023-07-08 23:42:10',1001,1004,207812),('D66EF280B6C648A1','WA17T7G6DWW','LAVADORA SAMSUNG DE 38 LBS CON TECNOLOGÍA WOOBLE BLANCA','WA17T7G6DWW','38 libras',3113,4120,6120,1,'2023-07-25 15:53:17',1004,1001,564338),('D7AB03B5B528446B','5','CAFETERA BLACK&DECKER 10 TAZAS JARRA DE VIDRIO NEGRO','DCM1100B','para 10 tazas, jarra de vidrio.',150,320,390,1,'2023-07-08 22:58:48',1017,1027,190196),('DA5308C4F6A84FAB','39','REFRIGERADOR WHIRLPOOL 9 PIES TOP MOUNT CON DISPENSADOR GRIS','WRW25CKTWW','refrigeradora de 9 pies con dispensador ',3297,4290,5400,1,'2023-07-11 16:57:29',1003,1012,207812),('DAB0B3FC4E1048C5','76','REFRIGERADORA MABE 11 PIES TOP MOUNT CON DISPENSADOR SILVER','RMA300FXNU','11 pies con dispensador color Silver',3446,4450,5700,1,'2023-07-11 17:51:19',1003,1008,207812),('DB3EE6615EF74F39','FRDM22F3HPS','REFRIGERADORA FRIGIDAIRE 8 PIES 1 PUERTA CON DISPENSADOR SILVER','FRDM22F3HPS','8 pies una puerta',2088,2950,1720,1,'2023-07-25 17:09:52',1003,1013,207812),('DBA74F43E9E14CE2','20GE2B','ESTUFA CON HORNO GRS 20\" NEGRA TOP INOXIDABLE','20GE2B','20 ',1000,1820,2850,1,'2023-07-31 14:18:29',1002,1007,571770),('DF8B4D48D1C44DD7','4252132','LICUADORA OSTER 2 VEL. CONTROL DE PERILLA VASO DE VIDRIO BLANCO','BLSTKAG-WRD','UN BOTON 2 VELOCIDADES',385,550,650,1,'2023-07-24 17:07:01',1008,1009,170372),('E0AAC39434F946FE','32','LICUADORA OSTER CROMADA 2 VELOCIDADES VASO DE VIDRIO','46515','vaso de vidrio',695,990,1200,1,'2023-07-08 23:38:01',1008,1009,170372),('E1F50D250CB94C50','RC40A22K-S','TELEVISOR RCA 40\" SMART LED KARAOKE','RC40A22K-S','40',1500,2900,3950,1,'2023-07-31 14:37:52',1001,1003,207812),('E27E0A0029FD4A3E','GOPROHERO9','CAMARA DE ACCIÓN GO PRO HERO 9 BLACK','HERO9','CAMARA DE ACCIÓN',2585,3100,3600,1,'2023-08-01 20:45:19',1042,1036,775123),('E6DF9B2938E14FE7','64','PLANCHA A VAPOR BLACK&DECKER TRUEGLIDE NEGRA','IRBD300','a vapor color negra',140,275,350,1,'2023-07-11 17:36:36',1007,1027,170372),('EA7053AC92284D55','56','TELEVISOR SAMSUNG 43\" SMART LED  HD','UN43AU5300','43 pulgadas led hd',2800,3950,5400,1,'2023-07-11 17:25:13',1001,1001,170372),('EC23AAF7E58E4791','32H5G','TELEVISOR HISENSE 32 SMART HD LED','32H5G','32 pulgadas inteligente',1412,2205,1300,1,'2023-07-28 15:16:28',1001,1004,207812),('ECD8A49F5E15405B','42154','VASO PLASTICO OSTER TRADICIONAL 2 VELOCIDADES','4170V','VASO DE REPUESTO OSTER 2 VELOCIDADES PLASTICO',95,0,0,1,'2023-07-24 16:55:14',1038,1009,170372),('F6E3BD889845464C','446583333','CAMA OLYMPIA EDICIÓN ESPECIAL FUTBOLERA MATRIMONIAL BOX TOP','EEFMATRI1BTS','matrimonial',1272,1920,1133,1,'2023-07-25 14:47:03',1014,1018,109822),('F76831DD09144B0B','23','SOPORTE DE PARED MAIESTA PARA TV DE 40\"-80\" FIJO','RACKF40-80','40-80 fijo',65,145,0,1,'2023-07-08 23:26:59',1016,1021,308689),('F78B251439554838','RN9','TORRE DE SONIDO LG XBOOM MULTI BLUETHOOTH KARAOKE STAR (USB/CD/BT)','RN9','torre de sonido',3000,4350,3325,1,'2023-07-31 10:54:13',1011,1002,207812),('F9D4185A13204250','90','ALMOHADA DE FIBRA OLYMPIA EXIBHICIÓN','ALMOHADAOLYMPIA',' EXIBHICIÓN EXIBHICIÓN EXIBHICIÓN EXIBHICIÓN',1,999,999,1,'2023-07-11 18:07:33',1027,1018,109822),('F9FFF5A0E64D4983','452158','LICUADORA OSTER 2 VEL. CONTROL DE PULSO VASO DE VIDRIO NEGRO','BLSTKAG-BPB','VASO DE VIDRIO',385,550,650,1,'2023-07-24 17:12:05',1008,1009,170372),('FB3E210494144E4D','SCAKX110PNK','MINICOMPONENTE PANASONIC CD/USB/BT/FM 3,300W','SCAKX110PNK','3,300 WATTS ',900,1820,1200,1,'2023-07-28 14:56:13',1012,1031,207812),('FD9B703AC2DE4EA2','44878835e','MINICOMPONENTE LG Xboom CJ44 5500 WATTS (USB/CD/BT)','LG-CJ44','minicomponente',1698,2150,3200,1,'2023-07-25 15:10:24',1012,1002,190196),('FF909EAE806B49F2','82','TELEVISOR HISENSE 70\" SMART UHD-4K HDR ANDROID TV','70H6500G','70 pulgadas smart uhd 4k con android tv',5016,6190,8400,1,'2023-07-11 17:56:28',1001,1004,207812);
/*!40000 ALTER TABLE `pr_products` ENABLE KEYS */;
UNLOCK TABLES;

--
-- Table structure for table `pv_providers`
--

DROP TABLE IF EXISTS `pv_providers`;
/*!40101 SET @saved_cs_client     = @@character_set_client */;
/*!40101 SET character_set_client = utf8 */;
CREATE TABLE `pv_providers` (
  `pv_id` int(11) NOT NULL,
  `pv_status` tinyint(1) NOT NULL DEFAULT 1,
  `pv_regdate` datetime NOT NULL DEFAULT current_timestamp(),
  `pe_id` varchar(36) NOT NULL,
  PRIMARY KEY (`pv_id`) USING BTREE,
  KEY `pe_id` (`pe_id`),
  CONSTRAINT `pv_providers_ibfk_1` FOREIGN KEY (`pe_id`) REFERENCES `pe_persons` (`pe_id`)
) ENGINE=InnoDB DEFAULT CHARSET=utf8mb4 COLLATE=utf8mb4_general_ci;
/*!40101 SET character_set_client = @saved_cs_client */;

--
-- Dumping data for table `pv_providers`
--

LOCK TABLES `pv_providers` WRITE;
/*!40000 ALTER TABLE `pv_providers` DISABLE KEYS */;
INSERT INTO `pv_providers` VALUES (109822,1,'2023-07-08 19:51:22','116da2fb-2ac9-483a-8c6b-2f46b4b4b6e2'),(160039,1,'2023-07-08 19:48:13','b03edfb9-84ae-482c-a600-432cfdad6aa9'),(170372,1,'2023-07-08 19:52:27','dab4a868-dd48-4363-bcaa-14619938406e'),(190196,1,'2023-07-08 19:47:32','64116745-badb-4eda-9a55-246cb34d380b'),(207812,1,'2023-07-08 18:48:00','0f3ab69b-b9ef-45b8-b6d5-2c3b983b2f41'),(308689,1,'2023-07-08 19:52:00','e63803eb-bba1-4191-917a-8320849fbd20'),(342271,1,'2023-07-24 17:22:22','d6169c9d-4f21-46ef-8030-ff6ebbdedc1a'),(367486,1,'2023-07-08 19:50:08','0634147a-a9ee-48d2-a3a5-7c972c6ce94c'),(415958,1,'2023-07-08 19:51:42','04c85492-590c-4861-a392-cc17cb76be9c'),(525311,1,'2023-07-08 19:48:47','00168a7f-444c-4d59-8a9f-bcb3bbc62da8'),(564338,1,'2023-07-08 19:52:50','11984714-7fdd-402c-9e96-ae8e14a563af'),(571770,1,'2023-07-08 19:44:48','36e90fb9-583d-474f-ad85-08f4eacf05ad'),(575180,1,'2023-07-08 19:46:23','837f62ed-560d-464c-ba2a-06ddf76e1c03'),(775123,1,'2023-08-01 20:38:47','ce1d5c37-b3bf-4006-8466-5db7755cc694'),(813063,1,'2023-07-08 19:50:54','54786e44-eb51-4b14-ad95-d54539cd0a0f'),(864663,1,'2023-07-11 17:48:45','34c2315d-b0b3-4be1-862f-1db6168d5880');
/*!40000 ALTER TABLE `pv_providers` ENABLE KEYS */;
UNLOCK TABLES;

--
-- Table structure for table `sa_sales`
--

DROP TABLE IF EXISTS `sa_sales`;
/*!40101 SET @saved_cs_client     = @@character_set_client */;
/*!40101 SET character_set_client = utf8 */;
CREATE TABLE `sa_sales` (
  `sa_id` varchar(36) NOT NULL,
  `sa_no` int(11) DEFAULT NULL,
  `sa_subtotal` float NOT NULL,
  `sa_discount` float NOT NULL,
  `sa_amountpayments` int(11) NOT NULL,
  `sa_days` int(11) NOT NULL,
  `sa_status` tinyint(1) NOT NULL DEFAULT 1,
  `sa_regdate` datetime DEFAULT current_timestamp(),
  `lo_id` int(11) NOT NULL,
  `ts_id` int(11) NOT NULL,
  `cu_id` int(11) DEFAULT NULL,
  `us_id` int(11) NOT NULL,
  PRIMARY KEY (`sa_id`),
  UNIQUE KEY `sa_no` (`sa_no`),
  KEY `us_id` (`us_id`),
  KEY `lo_id` (`lo_id`),
  KEY `ts_id` (`ts_id`),
  KEY `cu_id` (`cu_id`),
  CONSTRAINT `sa_sales_ibfk_1` FOREIGN KEY (`lo_id`) REFERENCES `lo_locations` (`lo_id`),
  CONSTRAINT `sa_sales_ibfk_2` FOREIGN KEY (`ts_id`) REFERENCES `ts_typessales` (`ts_id`),
  CONSTRAINT `sa_sales_ibfk_3` FOREIGN KEY (`cu_id`) REFERENCES `cu_customers` (`cu_id`),
  CONSTRAINT `sa_sales_ibfk_4` FOREIGN KEY (`us_id`) REFERENCES `us_users` (`us_id`)
) ENGINE=InnoDB DEFAULT CHARSET=utf8mb4 COLLATE=utf8mb4_general_ci;
/*!40101 SET character_set_client = @saved_cs_client */;

--
-- Dumping data for table `sa_sales`
--

LOCK TABLES `sa_sales` WRITE;
/*!40000 ALTER TABLE `sa_sales` DISABLE KEYS */;
INSERT INTO `sa_sales` VALUES ('0165207b-bc9d-4c95-9a2d-aa2a475b2599',8,2000,0,1,0,1,'2023-07-22 00:49:54',1002,1001,631810,312965),('01b7e79a-9e6e-45fa-a4f2-dd2b2574bc95',99,2850,790,8,30,1,'2023-07-31 14:19:44',1001,1002,821380,263899),('03969ccf-3eda-4500-b79c-013b7c029029',98,6360,1590,9,30,1,'2023-07-31 14:14:47',1001,1002,824737,263899),('07742b64-40ff-4033-9439-b9200ddc0752',12,4680,0,12,30,1,'2023-07-24 15:06:00',1001,1002,901390,312965),('099bc828-c275-45ba-9b20-bacf4f2493aa',59,1558,0,5,30,1,'2023-07-28 15:10:47',1001,1002,436482,312965),('0b5b1c81-f27b-408a-ae28-39f671eceffe',161,3260,0,3,30,1,'2023-08-03 11:05:25',1001,1002,604635,181549),('0c71d456-baa2-45d1-b314-d271a35631c9',45,1920,0,2,30,1,'2023-07-28 11:29:19',1001,1002,724660,312965),('0ccb5f10-a049-4919-a5e0-4f5754f77b74',137,500,250,1,8,0,'2023-07-31 20:51:50',1001,1002,385328,263899),('0d8a5b58-afaa-4c16-897e-c40d0fd74848',22,481,0,2,30,1,'2023-07-25 14:54:58',1001,1002,177620,312965),('0e67b5f7-08ee-4376-b1cb-ae98c5a0fea2',84,3500,1400,6,30,1,'2023-07-31 11:30:00',1001,1002,650865,263899),('0e69edc8-fbcf-48ab-b95d-578ec75dbc6f',90,3600,1440,6,30,1,'2023-07-31 11:58:54',1001,1002,684555,263899),('10203ddb-d956-4a90-967d-14dd143e30e2',118,11500,1200,18,30,1,'2023-07-31 18:02:12',1001,1002,337847,263899),('12c9626c-f7a8-4efc-ae24-e0db908971c4',67,1300,0,4,30,1,'2023-07-28 16:22:16',1001,1002,692317,312965),('1b1c0a13-8836-41ad-9f6e-98f16bebc58b',155,4740,395,11,30,1,'2023-07-31 21:48:18',1001,1002,712469,263899),('1b438fb4-b6d3-49db-af59-a4608f88bbe0',119,2160,935,5,30,1,'2023-07-31 18:13:40',1001,1002,521604,263899),('1eb92176-1e04-4db0-9f0f-d21457ba22f9',109,3600,1080,7,30,1,'2023-07-31 15:08:50',1001,1002,285686,263899),('1ee8b0ba-9e4a-4b52-9221-58ecad3e7388',163,275,0,2,30,1,'2023-08-03 11:33:11',1002,1002,188538,181549),('20a541ed-fc5f-4d32-8ecc-8084ee389268',92,2850,835,8,30,1,'2023-07-31 12:05:53',1001,1002,211702,263899),('21e0df9e-9f88-4297-ba1f-465710a72eb6',75,4790,0,3,30,1,'2023-07-28 18:15:43',1001,1002,119845,312965),('2346396f-d3b9-47eb-9ff7-fe3df2acfeaa',147,650,325,1,17,1,'2023-07-31 21:17:44',1001,1002,382142,263899),('249c5e70-aa95-4584-b196-6129a2163b9b',104,2160,540,6,30,1,'2023-07-31 14:47:36',1001,1002,648009,263899),('254fa00c-a259-40ea-8007-13db8e3be3df',145,4620,770,10,30,1,'2023-07-31 21:13:50',1001,1002,156030,263899),('257e6df7-7a15-4a2e-9c84-70c3bd230ecc',36,230,0,2,30,1,'2023-07-26 18:27:18',1001,1002,532495,312965),('269542ee-f60f-4b29-a57d-11aba8b35989',33,1860,0,5,3,1,'2023-07-25 17:32:51',1001,1002,531314,312965),('26ae06f6-1fbf-46f7-bda6-6db433b50766',169,3840,0,1,0,1,'2023-08-05 20:45:43',1001,1001,532495,181549),('26cfbb9b-822a-4bda-a717-930823c74b00',157,525,0,2,30,0,'2023-08-01 18:30:51',1001,1002,NULL,312965),('26d09902-7969-4db6-9f9e-fa9e4f5dabab',65,2700,0,6,30,1,'2023-07-28 16:06:12',1001,1002,805766,312965),('26d63314-bdff-4aa5-8496-a6a3f7fe62ff',68,1133,0,4,30,1,'2023-07-28 16:26:31',1001,1002,356782,312965),('2811d801-800e-4226-bfaa-204c38fddec1',25,960,0,3,30,1,'2023-07-25 15:11:22',1001,1002,265789,312965),('2a4e7d44-8a32-44b5-8e7f-75a42298ba34',177,125,0,1,0,1,'2023-08-10 20:00:21',1001,1001,523296,181549),('2dbe33fe-c9e7-4735-92bd-f64c8167a2b6',21,900,0,3,30,1,'2023-07-25 14:47:49',1001,1002,892956,312965),('2e4706a9-b198-491f-8422-8821f67a4cab',93,5640,1410,9,30,1,'2023-07-31 12:10:46',1001,1002,928647,263899),('30f6aed0-658d-49ff-9174-6d6b089b7e7b',165,1920,0,3,30,1,'2023-08-04 14:39:55',1002,1002,449007,181549),('31d2957f-911a-4048-914b-35f575255c4b',162,275,0,2,30,0,'2023-08-03 11:31:46',1002,1002,NULL,181549),('337e8c06-d1f7-44c0-b63a-4b77767a72f7',146,2840,1100,1,0,1,'2023-07-31 21:16:19',1001,1002,188484,263899),('36b69578-ca76-42ff-833c-f9b41e5ea23a',26,770,0,2,30,1,'2023-07-25 15:20:36',1001,1002,286336,312965),('37616456-cff2-48f9-83f7-0a2794011b29',NULL,5820,0,12,30,1,NULL,1001,1004,998769,181549),('37cdb3b8-d989-4a3f-8eb6-d5f325680f69',61,3250,0,7,30,1,'2023-07-28 15:27:50',1001,1002,985073,312965),('38125ac1-0771-4326-be25-8e1fb4ca8da3',144,990,520,1,15,1,'2023-07-31 21:11:19',1001,1002,384353,263899),('3a6d3160-8c5a-4469-b6b1-491a779fc699',34,2200,0,5,2,1,'2023-07-25 17:39:17',1001,1002,946078,312965),('3aef084f-11e5-4eee-85b7-af28411771dc',63,2700,0,6,30,1,'2023-07-28 15:47:49',1001,1002,361960,312965),('3b2d3aba-e43f-43a4-8238-6a5facdb7963',42,1635,0,3,30,0,'2023-07-27 16:14:17',1001,1002,952155,312965),('3eb66cd6-dc0e-4dde-860c-45f5d538bcae',128,730,500,1,0,1,'2023-07-31 20:29:25',1001,1002,188484,263899),('3f4b3ccb-d65f-431c-89c7-f5697eccefc9',47,1910,0,5,30,1,'2023-07-28 12:28:34',1001,1002,950750,312965),('3fe8fb3c-0abb-4966-8ebd-dbba50f390b3',53,1140,0,4,30,1,'2023-07-28 14:29:27',1001,1002,470829,312965),('4212277a-e7d2-42f0-a3ae-785095806a75',87,2850,1551,6,30,1,'2023-07-31 11:46:11',1001,1002,545894,263899),('43633069-246d-42bd-a58f-a333e6657e99',40,4740,0,12,30,1,'2023-07-27 14:44:10',1001,1002,415343,312965),('43b159bd-6e07-4283-a2b5-dcb3957eeced',28,1635,0,3,30,1,'2023-07-25 15:54:15',1001,1002,943954,312965),('45c6574a-a429-4029-a71e-cf900809d4be',66,1875,0,6,30,1,'2023-07-28 16:15:05',1001,1002,503844,312965),('46a25822-4596-44eb-a6b9-cb1e8b6faaf4',97,4620,1100,9,30,1,'2023-07-31 12:25:17',1001,1002,844283,263899),('4b806663-a513-4460-b01e-e2794a110d68',171,4680,0,1,30,0,'2023-08-07 10:57:16',1002,1002,859125,181549),('4b84cb60-136e-4121-87a2-10dd147fc6dd',39,3195,0,8,30,1,'2023-07-26 19:13:51',1001,1002,657692,312965),('4bbeb566-68a1-4c73-873b-656ce2b7d525',9,1920,0,3,31,1,'2023-07-22 00:57:59',1001,1002,617322,312965),('4bd5a688-1048-4a72-8bd4-5396315e051e',14,450,0,1,0,1,'2023-07-24 15:33:48',1001,1001,781925,312965),('4c8eddd3-9050-480a-b0ac-7aa92539f4f3',3,5400,0,12,31,1,'2023-07-19 17:50:40',1001,1002,970934,312965),('4f31c147-cc29-46a8-a437-e8cceacb37c5',41,1100,0,2,30,1,'2023-07-27 15:25:28',1001,1002,551502,312965),('4fda499b-6f30-43d0-8c39-7efb61a70199',73,1995,0,2,30,1,'2023-07-28 17:59:00',1001,1002,587907,312965),('50b6f411-ea5b-4e44-9ce2-15334ef2f3a6',57,1200,0,6,30,1,'2023-07-28 14:58:06',1001,1002,331979,312965),('54677fe0-705b-4ef5-b8ed-f7c31f1f794d',110,2300,690,7,30,1,'2023-07-31 15:11:28',1001,1002,185131,263899),('55449caa-4afd-45ea-816f-7442eb845728',29,1925,0,5,30,1,'2023-07-25 16:42:00',1001,1002,691214,312965),('5701005d-dae2-4c11-9800-1ce87835de55',82,3950,1985,5,30,1,'2023-07-31 11:16:16',1001,1002,954779,263899),('570e73b9-28f4-45a1-8b18-0a507f6645ec',129,1750,585,2,1,1,'2023-07-31 20:32:26',1001,1002,998769,263899),('582641ef-e9da-48f4-a7fb-b25424a68f5d',135,275,140,1,6,1,'2023-07-31 20:47:09',1001,1002,624932,263899),('5843c2eb-4a24-405b-b76f-f162480e4575',154,7170,755,11,40,1,'2023-07-31 21:42:42',1001,1002,891659,263899),('5c35d0ad-8972-4515-abeb-60193dcd088b',124,5400,650,11,0,1,'2023-07-31 20:15:06',1001,1002,351671,263899),('5c44bb34-cefb-43aa-ba3d-b5523f40b541',NULL,4920,0,12,30,1,NULL,1001,1004,649813,181549),('5ddecd00-2d58-4be2-8c72-d1d58e298a01',50,1040,0,4,14,1,'2023-07-28 12:49:30',1001,1002,309774,312965),('5ef1e85f-d9ee-400f-a2e4-1420d0c5a661',160,550,0,2,30,1,'2023-08-02 10:32:20',1001,1002,622601,791950),('5f534838-55a2-4b6d-a8eb-9a51958c2657',23,550,0,2,30,1,'2023-07-25 14:59:31',1001,1002,859043,312965),('5fb717aa-54bd-4b27-a6c4-35b4e0fdd73b',132,300,150,1,5,1,'2023-07-31 20:39:18',1001,1002,667454,263899),('5ff8c1fb-b709-4d98-bd7b-9915360b2232',130,3950,395,9,30,1,'2023-07-31 20:34:19',1001,1002,420020,263899),('60164e04-295c-46db-90af-045858c8ab58',89,3950,3150,2,76,1,'2023-07-31 11:55:46',1001,1002,321365,263899),('6088a0be-bf2c-405e-ae56-99649812d371',15,490,0,1,30,1,'2023-07-24 16:30:25',1002,1002,274216,312965),('64ef1485-c417-48f7-bb1b-fb04c2285941',123,2000,1500,1,0,1,'2023-07-31 20:08:20',1001,1002,753126,263899),('6634dfee-86fa-4c8c-9da1-621f7fd33dba',10,7050,0,12,30,1,'2023-07-24 14:42:24',1001,1002,828599,312965),('67bbaa9f-a54a-4870-b152-5dd899d3ef3b',88,3950,1200,7,30,1,'2023-07-31 11:51:12',1001,1002,663414,263899),('6d79dd23-5220-46b2-a391-bb6522756889',172,4680,0,1,30,0,'2023-08-07 10:57:37',1002,1002,859125,181549),('6dae05ce-971f-4575-bbb5-7f87465d518f',37,590,0,2,30,1,'2023-07-26 18:36:06',1001,1002,475270,312965),('6eb37c48-f233-4761-aa59-84da4ee36f81',51,1120,0,3,30,1,'2023-07-28 12:55:21',1001,1002,824737,312965),('6f019bed-79a2-4f89-b970-08b21c615f3e',20,1035,0,2,30,1,'2023-07-25 14:37:22',1001,1002,567726,312965),('703a780d-fb21-42ac-9bab-45ed3a4f9560',140,1920,1280,1,28,1,'2023-07-31 21:01:49',1001,1002,322158,263899),('72dae4a8-18fc-4548-803b-a27f4ba766cd',166,5640,0,1,0,1,'2023-08-04 17:28:21',1001,1001,244181,181549),('75820fb1-2a2c-41da-a288-eafebebace69',150,4320,520,11,30,1,'2023-07-31 21:27:05',1001,1002,851938,263899),('795d1d51-15aa-4139-8019-b0ce323746b3',38,300,0,2,30,1,'2023-07-26 18:49:51',1001,1002,882493,312965),('7a8d78ca-a6cb-482c-a156-5439d57657f4',70,4175,0,13,30,1,'2023-07-28 17:13:29',1001,1002,617391,312965),('7c33aef5-d6e5-453f-b81b-d5112f906085',94,4320,1060,9,30,1,'2023-07-31 12:14:16',1001,1002,640021,263899),('7d7b701b-a42b-42ac-be70-8ba3aa8531d5',138,3090,1030,2,10,1,'2023-07-31 20:54:40',1001,1002,217295,263899),('7e0087e5-7ae4-4ee6-b7b3-0156602d3dd4',152,4620,385,11,30,1,'2023-07-31 21:33:34',1001,1002,532495,263899),('8126b060-bf9b-479f-b44a-076a3e02daff',134,3200,320,9,30,1,'2023-07-31 20:44:36',1001,1002,594652,263899),('8258f12f-22fa-488c-9ef2-94febbda6486',18,702,0,13,30,0,'2023-07-25 14:26:17',1001,1002,975312,312965),('84bd45bd-8505-4cd6-8753-61637d5d84e5',139,8400,700,11,30,1,'2023-07-31 20:58:42',1001,1002,771943,263899),('84f0a30e-63f4-4145-8de2-1115e765ab0d',96,2700,810,7,30,1,'2023-07-31 12:21:46',1001,1002,640825,263899),('8579b058-dd6c-45c9-9198-a415a9844477',142,490,242,1,14,1,'2023-07-31 21:06:20',1001,1002,670029,263899),('859ca673-4955-4c13-8883-876a4fd4b8e3',113,6600,1100,10,30,1,'2023-07-31 15:24:02',1001,1002,868080,263899),('8662a6fb-7ed7-41fd-89d8-50da481bc70e',103,3100,930,7,30,1,'2023-07-31 14:43:40',1001,1002,661986,263899),('88614c24-3704-4c5a-b7b3-cbe829b59e6a',13,655,0,1,0,1,'2023-07-24 15:19:22',1001,1001,470829,312965),('8b8e6cc0-a623-4378-93be-dbb909cb5a28',95,3550,1065,7,30,1,'2023-07-31 12:17:54',1001,1002,239848,263899),('8bbd145b-4511-4d4a-8543-a8f78209ea20',170,4680,0,1,30,0,'2023-08-07 10:57:10',1002,1002,859125,181549),('8cb23470-4a52-4098-9b15-f78f8b905961',6,650,0,1,0,1,'2023-07-21 00:27:29',1002,1001,154937,181549),('8e251307-b641-494c-871b-caf32408bd46',143,2700,300,9,30,1,'2023-07-31 21:07:59',1001,1002,597246,263899),('8fbd9861-dae5-4f1a-a083-23f63c50030e',115,7800,1300,10,30,1,'2023-07-31 15:30:11',1001,1002,286336,263899),('936d3f1b-53ff-456d-9438-d5421fe01692',1,1920,0,2,31,1,'2023-07-18 20:22:50',1001,1002,768580,312965),('942031dc-944f-46f7-9341-87c10ae62119',151,5700,475,11,30,1,'2023-07-31 21:31:28',1001,1002,912947,263899),('94f65452-ba8a-4a79-b21d-aec1b15f0841',107,1200,800,1,0,1,'2023-07-31 15:02:31',1001,1002,617391,263899),('9a388d52-1b0d-4838-b645-5b520a764365',126,7140,1195,10,30,1,'2023-07-31 20:23:24',1001,1002,435942,263899),('9a878188-02f1-4d6c-a00a-1ba6b21c32aa',64,3640,0,7,30,1,'2023-07-28 16:00:42',1001,1002,234033,312965),('9b1eb6c5-3636-4e80-9c68-a20729186f86',74,175,0,1,0,1,'2023-07-28 18:10:18',1001,1001,587907,312965),('9bd92cdf-25bb-402f-bb2d-4a87e29ec06f',105,7800,1300,20,30,1,'2023-07-31 14:51:15',1001,1002,116253,263899),('9cd60342-014d-47e8-90ee-72eafc08d763',5,650,0,1,0,0,'2023-07-21 00:25:44',1002,1001,NULL,181549),('a00bea4f-d6de-4fc8-8397-c2abb7177733',102,3950,800,8,30,1,'2023-07-31 14:38:46',1001,1002,545339,263899),('a0b80595-bdd8-4a64-8c95-e34890276e79',133,5640,470,11,30,1,'2023-07-31 20:41:49',1001,1002,465387,263899),('a2294ab3-0ab2-4d8d-9b6e-9a02ec98763d',101,2500,500,8,30,1,'2023-07-31 14:33:18',1001,1002,747450,263899),('a2e0dd62-8027-48ee-b6e7-c460e177000b',174,1590,0,3,30,0,'2023-08-07 12:07:53',1001,1002,142580,312965),('a32cd0db-1474-4324-85b3-ee780de32e6a',56,1567,0,4,30,1,'2023-07-28 14:44:23',1001,1002,124412,312965),('a55425f9-088e-4143-912d-e5432721bfbd',81,12000,6500,22,30,1,'2023-07-31 11:08:49',1001,1002,384677,263899),('a5fd9dd7-938f-40f8-9c05-17ae1565d633',108,5016,1254,6,30,1,'2023-07-31 15:04:18',1001,1002,409507,263899),('a71b4aad-5a89-4286-a321-468dffc9f582',112,2850,570,8,30,1,'2023-07-31 15:20:36',1001,1002,505496,263899),('a7bdae8c-a21b-42a4-b0ff-384f0daed350',80,3500,2100,4,40,1,'2023-07-31 11:03:07',1001,1002,138565,263899),('a7d6853b-4e9a-44e3-be92-669c7b926c17',141,2700,270,9,30,1,'2023-07-31 21:03:43',1001,1002,676936,263899),('a81ad9aa-aecd-4298-9afc-e70868676b56',19,702,0,2,30,1,'2023-07-25 14:27:15',1001,1002,975312,312965),('abaa1118-c008-4a05-9ccb-edc9f1c6a34f',167,4390,0,1,0,1,'2023-08-05 12:12:58',1001,1001,801410,312965),('ababb883-2ada-42bd-8ef5-545e0fc4e3a1',60,2944,0,9,30,1,'2023-07-28 15:17:27',1001,1002,185131,312965),('ad92021a-5f26-4f00-ae04-988d6c207b7a',58,392,0,1,96,1,'2023-07-28 15:05:49',1001,1002,670029,312965),('aedaadce-9a1d-4d9e-b6fe-1b757cc80b90',17,4159,3457,10,3,0,'2023-07-25 14:24:16',1001,1002,975312,312965),('b0f96b04-5975-4f5f-b41d-d9b876323456',77,2125,0,7,30,1,'2023-07-31 10:49:27',1001,1002,582436,263899),('b13cef6c-3e03-4025-9cf1-5066f333017e',78,3325,0,7,30,1,'2023-07-31 10:54:55',1001,1002,177468,263899),('b3426b63-e5d8-46f3-b263-96375e40d193',158,525,0,2,30,1,'2023-08-01 18:32:19',1001,1002,377057,312965),('b8c9c87c-990d-4235-b61a-580f7b629006',71,1585,0,5,0,1,'2023-07-28 17:31:23',1001,1002,759727,312965),('bb04504e-1cfb-4cc1-ac63-c1e765b05635',100,6120,1310,10,30,1,'2023-07-31 14:24:34',1001,1002,150307,263899),('bd2a6760-7645-46f6-ae01-e7be31005d8c',116,900,600,1,0,1,'2023-07-31 17:40:49',1001,1002,385810,263899),('becf379c-47b3-4134-b617-8c7c9f11c359',32,1720,0,5,30,1,'2023-07-25 17:21:03',1001,1002,677687,312965),('bf52b100-a176-408f-8ff7-66f78b6ef8bf',72,3380,0,13,30,1,'2023-07-28 17:45:53',1001,1002,853139,312965),('c0f7acef-179f-418f-9db5-a556faa8300d',173,4680,0,12,30,1,'2023-08-07 10:58:08',1002,1002,859125,181549),('c3b35d10-a853-46d0-809c-cc6e38058b28',46,4620,2710,5,30,0,'2023-07-28 12:25:49',1001,1002,950750,312965),('c590439b-c9c0-46a6-8263-54703adc2ef2',159,3600,0,12,30,1,'2023-08-01 20:51:17',1002,1002,327159,181549),('c5abb6e2-cb66-4936-9c57-68b7bc189964',76,1295,0,2,30,1,'2023-07-29 11:56:44',1001,1002,162095,312965),('c7588d5d-e766-45ac-8e18-6774a9d65650',31,1725,0,3,30,1,'2023-07-25 17:01:17',1001,1002,657346,312965),('c948e9bd-5b88-49c3-9883-52561dcbdb37',79,1380,1150,1,8,1,'2023-07-31 10:58:26',1001,1002,470829,263899),('ca67e4dd-7246-4961-9c0a-c6c458af60d6',136,4790,790,1,0,1,'2023-07-31 20:49:18',1001,1002,247955,263899),('cbfe0369-cb06-449d-891e-ece8709320cf',43,1635,0,3,30,1,'2023-07-27 16:15:43',1001,1002,952155,312965),('ccf5897f-6f56-4775-8625-a77ca7c8bf7e',7,2500,0,3,31,1,'2023-07-22 00:38:29',1002,1002,916450,312965),('d06d3e68-3726-4d24-a57c-17bbb36a2509',55,2700,0,9,30,1,'2023-07-28 14:39:50',1001,1002,327529,312965),('d1bc19f4-ddcd-487b-8685-02a4fb936524',49,1682,0,4,11,1,'2023-07-28 12:44:06',1001,1002,624541,312965),('d3f60879-6949-49de-91a4-33d0a396b0d1',52,4635,0,9,30,1,'2023-07-28 13:00:03',1001,1002,302784,312965),('d401cc8a-abe1-4a1a-b500-8e6a6d2f7eb4',83,3685,1005,8,30,1,'2023-07-31 11:21:11',1001,1002,870751,263899),('d5eced24-48fa-45d6-8281-d480569edbc4',62,1400,0,5,30,1,'2023-07-28 15:41:49',1001,1002,685660,312965),('d82870ac-4c33-40d8-b217-31d172d50e7f',164,650,0,2,30,1,'2023-08-03 14:13:41',1002,1002,712193,181549),('dd144e8d-c962-4df3-9617-76e4dab946a3',44,4390,0,3,30,1,'2023-07-27 19:23:08',1001,1002,245231,181549),('dd7d5366-d2a7-49da-998c-577d9c818daf',4,5400,0,12,31,1,'2023-07-20 20:45:36',1001,1002,344692,312965),('dfc754ac-7604-496e-86fc-92b90aae6bbf',54,2814,0,7,30,1,'2023-07-28 14:35:25',1001,1002,314983,312965),('e39598bb-873e-4ff5-8fdf-5a6867cca83a',85,4740,1980,6,30,1,'2023-07-31 11:34:34',1001,1002,535418,263899),('e3b75fa3-0a4d-4efa-bbe4-190e1c79d29f',120,620,470,1,0,1,'2023-07-31 18:25:16',1001,1002,119845,263899),('e4cacdbc-26de-4bc1-a456-d9b8d95e72b7',117,2160,540,6,30,1,'2023-07-31 17:46:47',1001,1002,749490,263899),('e52062b1-7f6c-4fa5-9797-3cbd4816ac2b',91,3950,1580,6,30,1,'2023-07-31 12:01:53',1001,1002,870198,263899),('e729e0d3-def3-4c10-a2b3-687ade04ba37',156,3950,0,10,30,1,'2023-08-01 17:00:53',1001,1002,303735,181549),('e7b4c0ff-2866-4ed8-a88d-12c55291e504',69,3840,0,8,30,1,'2023-07-28 17:03:56',1001,1002,124412,312965),('e8a4b5ee-5480-4781-aeb5-27768cb7896a',30,1545,0,3,30,1,'2023-07-25 16:49:03',1001,1002,691214,312965),('e98c7154-ff07-4c03-a2fe-92fd06915bb5',111,7800,2100,9,30,1,'2023-07-31 15:17:37',1001,1002,530315,263899),('e9c01ac4-1be9-4530-9386-d54da0656cf4',127,4520,1500,1,21,1,'2023-07-31 20:25:47',1001,1002,470829,263899),('ea6c1c69-b3d8-4554-9a05-b390777fa2c1',122,3950,795,8,30,1,'2023-07-31 19:53:06',1001,1002,305585,263899),('ed5060a9-6e22-4c34-b984-67bca6314d12',11,300,0,1,0,1,'2023-07-24 14:46:42',1001,1001,719522,312965),('edda05db-594c-48ce-a14b-4a3322d01662',114,2850,570,8,30,1,'2023-07-31 15:27:45',1001,1002,454074,263899),('eed5a754-8e61-439e-a1d1-6aec5111a169',149,6600,200,11,30,1,'2023-07-31 21:22:17',1001,1002,636391,263899),('f1685d47-a394-4ff3-9485-695c17b9ad09',168,2595,0,3,30,1,'2023-08-05 12:15:09',1001,1002,801410,312965),('f30e4bb5-dfed-43e2-b08a-8d007d87558c',106,2300,690,7,30,1,'2023-07-31 14:59:16',1001,1002,973902,263899),('f4249498-a63c-48a3-82c0-d612daf059dc',121,3950,400,9,0,1,'2023-07-31 19:49:27',1001,1002,300391,263899),('f534cd44-316f-4c71-a8f2-150f19a210ec',48,1456,0,8,5,1,'2023-07-28 12:36:29',1001,1002,893605,312965),('f603640e-8562-4339-8721-88c8967d780c',2,650,150,1,0,1,'2023-07-18 22:15:54',1001,1001,820825,312965),('f65df03c-7925-4b52-9a1b-c4336f0bf0aa',125,5640,470,11,30,1,'2023-07-31 20:19:25',1001,1002,824107,263899),('f7ec25fd-8f92-4121-ad3e-8102a14697dd',24,1590,0,3,30,1,'2023-07-25 15:04:51',1001,1002,207710,312965),('f84081f0-72ee-4eed-8a4e-eb8819affa97',153,3600,360,9,30,1,'2023-07-31 21:36:59',1001,1002,666645,263899),('f89cdb03-b2f9-44d5-8cfe-b12ab98cd190',131,250,125,1,3,1,'2023-07-31 20:38:08',1001,1002,240005,263899),('faa65e1b-7067-4369-bda4-87db9a605fe7',27,846,0,3,3,1,'2023-07-25 15:31:42',1001,1002,970934,312965),('fac1c7f3-aff8-4530-89dd-6830b7a173ad',16,6820,0,12,30,1,'2023-07-24 18:21:03',1001,1002,317775,312965),('fd9e77ab-b839-426e-9854-536497a916d4',176,250,0,1,0,1,'2023-08-07 18:52:55',1001,1001,628230,181549),('fdbb1c13-f82a-4f61-b85e-b94698cfc2e6',175,1590,0,3,0,1,'2023-08-07 12:10:48',1001,1002,142580,312965),('fe04eaef-2ed1-4ce1-9976-601c1ec015ad',148,2500,1650,2,17,1,'2023-07-31 21:20:12',1001,1002,417137,263899),('fe719d02-a9e3-42bc-afcc-137d8efad299',86,4400,1650,5,30,1,'2023-07-31 11:42:33',1001,1002,648009,263899);
/*!40000 ALTER TABLE `sa_sales` ENABLE KEYS */;
UNLOCK TABLES;

--
-- Table structure for table `sd_saledetails`
--

DROP TABLE IF EXISTS `sd_saledetails`;
/*!40101 SET @saved_cs_client     = @@character_set_client */;
/*!40101 SET character_set_client = utf8 */;
CREATE TABLE `sd_saledetails` (
  `sd_id` int(11) NOT NULL AUTO_INCREMENT,
  `sd_price` float NOT NULL,
  `sd_cost` float NOT NULL,
  `sd_quantity` float NOT NULL,
  `pr_id` varchar(16) NOT NULL,
  `sa_id` varchar(36) NOT NULL,
  PRIMARY KEY (`sd_id`),
  KEY `pr_id` (`pr_id`),
  KEY `sa_id` (`sa_id`),
  CONSTRAINT `sd_saledetails_ibfk_1` FOREIGN KEY (`pr_id`) REFERENCES `pr_products` (`pr_id`),
  CONSTRAINT `sd_saledetails_ibfk_2` FOREIGN KEY (`sa_id`) REFERENCES `sa_sales` (`sa_id`)
) ENGINE=InnoDB AUTO_INCREMENT=1185 DEFAULT CHARSET=utf8mb4 COLLATE=utf8mb4_general_ci;
/*!40101 SET character_set_client = @saved_cs_client */;

--
-- Dumping data for table `sd_saledetails`
--

LOCK TABLES `sd_saledetails` WRITE;
/*!40000 ALTER TABLE `sd_saledetails` DISABLE KEYS */;
INSERT INTO `sd_saledetails` VALUES (1001,1920,1272,1,'24462CC7CCCB45A2','936d3f1b-53ff-456d-9438-d5421fe01692'),(1002,650,799,1,'ADD6F54D055D43EA','f603640e-8562-4339-8721-88c8967d780c'),(1003,5400,2875,1,'EA7053AC92284D55','4c8eddd3-9050-480a-b0ac-7aa92539f4f3'),(1004,5400,2798,1,'5B381E02A3BE466D','dd7d5366-d2a7-49da-998c-577d9c818daf'),(1005,650,422,1,'C818D1242A9247C6','9cd60342-014d-47e8-90ee-72eafc08d763'),(1006,650,422,1,'C818D1242A9247C6','8cb23470-4a52-4098-9b15-f78f8b905961'),(1007,2500,1570,1,'3AD4D64160CE4028','ccf5897f-6f56-4775-8625-a77ca7c8bf7e'),(1008,2000,1349,1,'0E1BF3CD91F54847','0165207b-bc9d-4c95-9a2d-aa2a475b2599'),(1009,1920,1272,1,'24462CC7CCCB45A2','4bbeb566-68a1-4c73-873b-656ce2b7d525'),(1010,4200,2049,1,'3389135FF94949D6','6634dfee-86fa-4c8c-9da1-621f7fd33dba'),(1011,2850,1272,1,'24462CC7CCCB45A2','6634dfee-86fa-4c8c-9da1-621f7fd33dba'),(1012,300,170,1,'08880B600B0D49AF','ed5060a9-6e22-4c34-b984-67bca6314d12'),(1013,4680,2120,1,'D3CE6985E1FE45DC','07742b64-40ff-4033-9439-b9200ddc0752'),(1014,655,425,1,'C33095A2D20343F4','88614c24-3704-4c5a-b7b3-cbe829b59e6a'),(1015,450,198,1,'184D49A4D8444EAD','4bd5a688-1048-4a72-8bd4-5396315e051e'),(1016,490,364.95,1,'7F0A93011DBD4498','6088a0be-bf2c-405e-ae56-99649812d371'),(1017,6820,3407,1,'643DFC15F36749CB','fac1c7f3-aff8-4530-89dd-6830b7a173ad'),(1018,4159,2088,1,'65C667755CC74BB5','aedaadce-9a1d-4d9e-b6fe-1b757cc80b90'),(1019,702,2088,1,'65C667755CC74BB5','8258f12f-22fa-488c-9ef2-94febbda6486'),(1020,702,2088,1,'65C667755CC74BB5','a81ad9aa-aecd-4298-9afc-e70868676b56'),(1021,1035,3291,1,'D1484955A26C4B8D','6f019bed-79a2-4f89-b970-08b21c615f3e'),(1022,900,1272,1,'F6E3BD889845464C','2dbe33fe-c9e7-4735-92bd-f64c8167a2b6'),(1023,481,1272,1,'F6E3BD889845464C','0d8a5b58-afaa-4c16-897e-c40d0fd74848'),(1024,550,1272,1,'F6E3BD889845464C','5f534838-55a2-4b6d-a8eb-9a51958c2657'),(1025,1590,3289,1,'52F44C4F3E9043CD','f7ec25fd-8f92-4121-ad3e-8102a14697dd'),(1026,960,1698,1,'FD9B703AC2DE4EA2','2811d801-800e-4226-bfaa-204c38fddec1'),(1027,770,2072,1,'A5275D06C19C48D4','36b69578-ca76-42ff-833c-f9b41e5ea23a'),(1028,846,1272,1,'F6E3BD889845464C','faa65e1b-7067-4369-bda4-87db9a605fe7'),(1029,1635,3113,1,'D66EF280B6C648A1','43b159bd-6e07-4283-a2b5-dcb3957eeced'),(1030,1925,2715,1,'AB68731198214EDA','55449caa-4afd-45ea-816f-7442eb845728'),(1031,1545,3500,1,'3DBF3CAD8E6F4633','e8a4b5ee-5480-4781-aeb5-27768cb7896a'),(1032,1725,3587,1,'1C93512DFE5A49FE','c7588d5d-e766-45ac-8e18-6774a9d65650'),(1033,1720,2088,1,'DB3EE6615EF74F39','becf379c-47b3-4134-b617-8c7c9f11c359'),(1034,930,982,2,'8C1E18D106AC43C9','269542ee-f60f-4b29-a57d-11aba8b35989'),(1035,2200,2936,1,'5CCCD6DABA16412E','3a6d3160-8c5a-4469-b6b1-491a779fc699'),(1036,230,150,1,'B0BEC05418474437','257e6df7-7a15-4a2e-9c84-70c3bd230ecc'),(1037,590,390,1,'282B9B8BA3EB4799','6dae05ce-971f-4575-bbb5-7f87465d518f'),(1038,300,197,1,'B03725D0D57548AE','795d1d51-15aa-4139-8019-b0ce323746b3'),(1039,3195,2936,1,'5CCCD6DABA16412E','4b84cb60-136e-4121-87a2-10dd147fc6dd'),(1040,4740,2708,1,'79D3C5FEEEF34EE5','43633069-246d-42bd-a58f-a333e6657e99'),(1041,1100,699,1,'382F4FFD093D4AB7','4f31c147-cc29-46a8-a437-e8cceacb37c5'),(1042,1635,3500,1,'3DBF3CAD8E6F4633','3b2d3aba-e43f-43a4-8238-6a5facdb7963'),(1043,1635,3500,1,'3DBF3CAD8E6F4633','cbfe0369-cb06-449d-891e-ece8709320cf'),(1044,4390,3391,1,'A2E00980A9914729','dd144e8d-c962-4df3-9617-76e4dab946a3'),(1045,1920,1272,1,'24462CC7CCCB45A2','0c71d456-baa2-45d1-b314-d271a35631c9'),(1046,4620,2715,1,'AB68731198214EDA','c3b35d10-a853-46d0-809c-cc6e38058b28'),(1047,1910,2715,1,'AB68731198214EDA','3f4b3ccb-d65f-431c-89c7-f5697eccefc9'),(1048,1456,2159,1,'47CF5D63F1A1497C','f534cd44-316f-4c71-a8f2-150f19a210ec'),(1049,1682,2850,1,'6BBB0BCC5DB845D3','d1bc19f4-ddcd-487b-8685-02a4fb936524'),(1050,1040,1160,1,'CFF1278785E84735','5ddecd00-2d58-4be2-8c72-d1d58e298a01'),(1051,1120,1987,1,'1D31FD0C87C84019','6eb37c48-f233-4761-aa59-84da4ee36f81'),(1052,4635,3113,1,'D66EF280B6C648A1','d3f60879-6949-49de-91a4-33d0a396b0d1'),(1053,1140,1272,1,'F6E3BD889845464C','3fe8fb3c-0abb-4966-8ebd-dbba50f390b3'),(1054,2814,2400,1,'08E8815178F64A8B','dfc754ac-7604-496e-86fc-92b90aae6bbf'),(1055,2700,2159,1,'47CF5D63F1A1497C','d06d3e68-3726-4d24-a57c-17bbb36a2509'),(1056,1567,1987,1,'1D31FD0C87C84019','a32cd0db-1474-4324-85b3-ee780de32e6a'),(1057,1200,900,1,'FB3E210494144E4D','50b6f411-ea5b-4e44-9ce2-15334ef2f3a6'),(1058,392,1987,1,'1D31FD0C87C84019','ad92021a-5f26-4f00-ae04-988d6c207b7a'),(1059,1558,1000,1,'3D2A10B033E74B13','099bc828-c275-45ba-9b20-bacf4f2493aa'),(1060,2944,1412,1,'EC23AAF7E58E4791','ababb883-2ada-42bd-8ef5-545e0fc4e3a1'),(1061,3250,3500,1,'3DBF3CAD8E6F4633','37cdb3b8-d989-4a3f-8eb6-d5f325680f69'),(1062,1400,1349,1,'0E1BF3CD91F54847','d5eced24-48fa-45d6-8281-d480569edbc4'),(1063,2700,3400,1,'6EF3630D6BF74808','3aef084f-11e5-4eee-85b7-af28411771dc'),(1064,3640,3500,1,'3DBF3CAD8E6F4633','9a878188-02f1-4d6c-a00a-1ba6b21c32aa'),(1065,2700,3400,1,'6EF3630D6BF74808','26d09902-7969-4db6-9f9e-fa9e4f5dabab'),(1066,1875,1496,1,'1E1CF7E9F0374A9D','45c6574a-a429-4029-a71e-cf900809d4be'),(1067,1300,1412,1,'EC23AAF7E58E4791','12c9626c-f7a8-4efc-ae24-e0db908971c4'),(1068,1133,1272,1,'F6E3BD889845464C','26d63314-bdff-4aa5-8496-a6a3f7fe62ff'),(1069,3840,3600,1,'C2891ABA822E46DC','e7b4c0ff-2866-4ed8-a88d-12c55291e504'),(1070,4175,4899,1,'1D28403ABEA54918','7a8d78ca-a6cb-482c-a156-5439d57657f4'),(1071,1585,1424,1,'5B596B7E58EC490E','b8c9c87c-990d-4235-b61a-580f7b629006'),(1072,3380,3500,1,'3DBF3CAD8E6F4633','bf52b100-a176-408f-8ff7-66f78b6ef8bf'),(1073,1995,1146,1,'58057F18F7EB4B2C','4fda499b-6f30-43d0-8c39-7efb61a70199'),(1074,175,62.18,1,'4E704ED7271B4489','9b1eb6c5-3636-4e80-9c68-a20729186f86'),(1075,4790,3525,1,'581A4C9BEB8742C5','21e0df9e-9f88-4297-ba1f-465710a72eb6'),(1076,1295,868,1,'BC5E2241D5AA432F','c5abb6e2-cb66-4936-9c57-68b7bc189964'),(1077,2125,2500,1,'998A01CF9E024A2E','b0f96b04-5975-4f5f-b41d-d9b876323456'),(1078,3325,3000,1,'F78B251439554838','b13cef6c-3e03-4025-9cf1-5066f333017e'),(1079,1380,595,1,'0C5FACC960FD4D23','c948e9bd-5b88-49c3-9883-52561dcbdb37'),(1080,3500,2000,1,'80A4C0EDF473498C','a7bdae8c-a21b-42a4-b0ff-384f0daed350'),(1081,6600,3587,1,'1C93512DFE5A49FE','a55425f9-088e-4143-912d-e5432721bfbd'),(1082,5400,2875,1,'EA7053AC92284D55','a55425f9-088e-4143-912d-e5432721bfbd'),(1083,3950,1850,1,'0625E5EDBCBD4322','5701005d-dae2-4c11-9800-1ce87835de55'),(1084,3685,1899,1,'4284EB52D1124C6F','d401cc8a-abe1-4a1a-b500-8e6a6d2f7eb4'),(1085,3500,1899,1,'4284EB52D1124C6F','0e67b5f7-08ee-4376-b1cb-ae98c5a0fea2'),(1086,4740,2850,1,'6BBB0BCC5DB845D3','e39598bb-873e-4ff5-8fdf-5a6867cca83a'),(1087,1550,1000,1,'87EEA9B940264269','fe719d02-a9e3-42bc-afcc-137d8efad299'),(1088,2850,1000,1,'7F5EAB8B41614E9E','fe719d02-a9e3-42bc-afcc-137d8efad299'),(1089,2850,1000,1,'7F5EAB8B41614E9E','4212277a-e7d2-42f0-a3ae-785095806a75'),(1090,3950,1850,1,'0625E5EDBCBD4322','67bbaa9f-a54a-4870-b152-5dd899d3ef3b'),(1091,3950,1987,1,'1D31FD0C87C84019','60164e04-295c-46db-90af-045858c8ab58'),(1092,3600,1899,1,'4284EB52D1124C6F','0e69edc8-fbcf-48ab-b95d-578ec75dbc6f'),(1093,3950,1850,1,'0625E5EDBCBD4322','e52062b1-7f6c-4fa5-9797-3cbd4816ac2b'),(1094,2850,1000,1,'7F5EAB8B41614E9E','20a541ed-fc5f-4d32-8ecc-8084ee389268'),(1095,5640,3400,1,'6EF3630D6BF74808','2e4706a9-b198-491f-8422-8821f67a4cab'),(1096,4320,2049,1,'3389135FF94949D6','7c33aef5-d6e5-453f-b81b-d5112f906085'),(1097,3550,1800,1,'BA384E4E76F04409','8b8e6cc0-a623-4378-93be-dbb909cb5a28'),(1098,2700,1615,1,'19B32FE3B9AD4EED','84f0a30e-63f4-4145-8de2-1115e765ab0d'),(1099,4620,2339,1,'995B35B719F044E1','46a25822-4596-44eb-a6b9-cb1e8b6faaf4'),(1100,6360,3289,1,'52F44C4F3E9043CD','03969ccf-3eda-4500-b79c-013b7c029029'),(1101,2850,1000,1,'DBA74F43E9E14CE2','01b7e79a-9e6e-45fa-a4f2-dd2b2574bc95'),(1102,6120,3113,1,'D66EF280B6C648A1','bb04504e-1cfb-4cc1-ac63-c1e765b05635'),(1103,2500,1000,1,'61245E5D80304168','a2294ab3-0ab2-4d8d-9b6e-9a02ec98763d'),(1104,3950,1500,1,'E1F50D250CB94C50','a00bea4f-d6de-4fc8-8397-c2abb7177733'),(1105,3100,1800,1,'998A01CF9E024A2E','8662a6fb-7ed7-41fd-89d8-50da481bc70e'),(1106,2160,868,1,'BC5E2241D5AA432F','249c5e70-aa95-4584-b196-6129a2163b9b'),(1107,7800,4899,1,'1D28403ABEA54918','9bd92cdf-25bb-402f-bb2d-4a87e29ec06f'),(1108,2300,1000,1,'61245E5D80304168','f30e4bb5-dfed-43e2-b08a-8d007d87558c'),(1109,1200,500,1,'85540E72E2C14798','94f65452-ba8a-4a79-b21d-aec1b15f0841'),(1110,5016,3085,1,'427F765F23944413','a5fd9dd7-938f-40f8-9c05-17ae1565d633'),(1111,3600,1899,1,'4284EB52D1124C6F','1eb92176-1e04-4db0-9f0f-d21457ba22f9'),(1112,2300,1000,1,'61245E5D80304168','54677fe0-705b-4ef5-b8ed-f7c31f1f794d'),(1113,7800,4899,1,'1D28403ABEA54918','e98c7154-ff07-4c03-a2fe-92fd06915bb5'),(1114,2850,1272,1,'24462CC7CCCB45A2','a71b4aad-5a89-4286-a321-468dffc9f582'),(1115,6600,3587,1,'1C93512DFE5A49FE','859ca673-4955-4c13-8883-876a4fd4b8e3'),(1116,2850,1272,1,'24462CC7CCCB45A2','edda05db-594c-48ce-a14b-4a3322d01662'),(1117,7800,4800,1,'6D160E13A67947CC','8fbd9861-dae5-4f1a-a083-23f63c50030e'),(1118,900,500,1,'1FFF654502734D8B','bd2a6760-7645-46f6-ae01-e7be31005d8c'),(1119,2160,1033,1,'98966392F6904ECD','e4cacdbc-26de-4bc1-a456-d9b8d95e72b7'),(1120,4660,0,1,'ADB91258780F4E35','10203ddb-d956-4a90-967d-14dd143e30e2'),(1121,6840,3525,1,'581A4C9BEB8742C5','10203ddb-d956-4a90-967d-14dd143e30e2'),(1122,2160,868,1,'BC5E2241D5AA432F','1b438fb4-b6d3-49db-af59-a4608f88bbe0'),(1123,620,320,1,'6A2B164E45E94603','e3b75fa3-0a4d-4efa-bbe4-190e1c79d29f'),(1124,3950,2000,1,'8ABD43F7522848C3','f4249498-a63c-48a3-82c0-d612daf059dc'),(1125,3950,1987,1,'C9222F249609435C','ea6c1c69-b3d8-4554-9a05-b390777fa2c1'),(1126,2000,1500,1,'A6B90DC880154AF9','64ef1485-c417-48f7-bb1b-fb04c2285941'),(1127,5400,2875,1,'EA7053AC92284D55','5c35d0ad-8972-4515-abeb-60193dcd088b'),(1128,5640,3400,1,'6EF3630D6BF74808','f65df03c-7925-4b52-9a1b-c4336f0bf0aa'),(1129,7140,4800,1,'6DA59CEB07344F06','9a388d52-1b0d-4838-b645-5b520a764365'),(1130,4520,3352,1,'CE970787F7054FD5','e9c01ac4-1be9-4530-9386-d54da0656cf4'),(1131,730,500,1,'5C96FDE56A84420F','3eb66cd6-dc0e-4dde-860c-45f5d538bcae'),(1132,1750,1160,1,'CFF1278785E84735','570e73b9-28f4-45a1-8b18-0a507f6645ec'),(1133,3950,1987,1,'C9222F249609435C','5ff8c1fb-b709-4d98-bd7b-9915360b2232'),(1134,250,160,1,'223B3F321B7049E0','f89cdb03-b2f9-44d5-8cfe-b12ab98cd190'),(1135,300,197,1,'6C0B4D18C6B14596','5fb717aa-54bd-4b27-a6c4-35b4e0fdd73b'),(1136,5640,3400,1,'6EF3630D6BF74808','a0b80595-bdd8-4a64-8c95-e34890276e79'),(1137,3200,1395,1,'2973B2D55CD04745','8126b060-bf9b-479f-b44a-076a3e02daff'),(1138,275,140,1,'E6DF9B2938E14FE7','582641ef-e9da-48f4-a7fb-b25424a68f5d'),(1139,4790,3525,1,'581A4C9BEB8742C5','ca67e4dd-7246-4961-9c0a-c6c458af60d6'),(1140,500,265,1,'3561AE8C34CB4A13','0ccb5f10-a049-4919-a5e0-4f5754f77b74'),(1141,3090,2088,1,'65C667755CC74BB5','7d7b701b-a42b-42ac-be70-8ba3aa8531d5'),(1142,8400,5016,1,'FF909EAE806B49F2','84bd45bd-8505-4cd6-8753-61637d5d84e5'),(1143,1920,1260,1,'0A53251C5C4646DA','703a780d-fb21-42ac-9bab-45ed3a4f9560'),(1144,2700,1160,1,'CFF1278785E84735','a7d6853b-4e9a-44e3-be92-669c7b926c17'),(1145,490,340,1,'04BBC945496F4A08','8579b058-dd6c-45c9-9198-a415a9844477'),(1146,2700,1160,1,'CFF1278785E84735','8e251307-b641-494c-871b-caf32408bd46'),(1147,990,695,1,'E0AAC39434F946FE','38125ac1-0771-4326-be25-8e1fb4ca8da3'),(1148,4620,2339,1,'995B35B719F044E1','254fa00c-a259-40ea-8007-13db8e3be3df'),(1149,2840,1987,1,'C9222F249609435C','337e8c06-d1f7-44c0-b63a-4b77767a72f7'),(1150,650,422,1,'0CE2F51125A247F2','2346396f-d3b9-47eb-9ff7-fe3df2acfeaa'),(1151,2500,1570,1,'3AD4D64160CE4028','fe04eaef-2ed1-4ce1-9976-601c1ec015ad'),(1152,6600,3446,1,'82A65252FBF44C7B','eed5a754-8e61-439e-a1d1-6aec5111a169'),(1153,4320,2049,1,'3389135FF94949D6','75820fb1-2a2c-41da-a288-eafebebace69'),(1154,5700,3446,1,'DAB0B3FC4E1048C5','942031dc-944f-46f7-9341-87c10ae62119'),(1155,4620,2715,1,'AB68731198214EDA','7e0087e5-7ae4-4ee6-b7b3-0156602d3dd4'),(1156,3600,1899,1,'4284EB52D1124C6F','f84081f0-72ee-4eed-8a4e-eb8819affa97'),(1157,4320,2049,1,'3389135FF94949D6','5843c2eb-4a24-405b-b76f-f162480e4575'),(1158,2850,1272,1,'24462CC7CCCB45A2','5843c2eb-4a24-405b-b76f-f162480e4575'),(1159,4740,2708,1,'79D3C5FEEEF34EE5','1b1c0a13-8836-41ad-9f6e-98f16bebc58b'),(1160,3950,1987,1,'C9222F249609435C','e729e0d3-def3-4c10-a2b3-687ade04ba37'),(1161,5820,3116,1,'7E27382FA06242BA','37616456-cff2-48f9-83f7-0a2794011b29'),(1162,525,265,1,'3561AE8C34CB4A13','26cfbb9b-822a-4bda-a717-930823c74b00'),(1163,525,265,1,'3561AE8C34CB4A13','b3426b63-e5d8-46f3-b263-96375e40d193'),(1164,3600,2585,1,'E27E0A0029FD4A3E','c590439b-c9c0-46a6-8263-54703adc2ef2'),(1165,550,385,1,'1E3D51AEBF4A4894','5ef1e85f-d9ee-400f-a2e4-1420d0c5a661'),(1166,3260,2049,1,'3389135FF94949D6','0b5b1c81-f27b-408a-ae28-39f671eceffe'),(1167,275,140,1,'E6DF9B2938E14FE7','31d2957f-911a-4048-914b-35f575255c4b'),(1168,275,140,1,'E6DF9B2938E14FE7','1ee8b0ba-9e4a-4b52-9221-58ecad3e7388'),(1169,650,422,1,'0CE2F51125A247F2','d82870ac-4c33-40d8-b217-31d172d50e7f'),(1170,1920,1260,1,'0A53251C5C4646DA','30f6aed0-658d-49ff-9174-6d6b089b7e7b'),(1171,3690,2708,1,'C2E127BD1ED34FA4','72dae4a8-18fc-4548-803b-a27f4ba766cd'),(1172,1950,1146,1,'58057F18F7EB4B2C','72dae4a8-18fc-4548-803b-a27f4ba766cd'),(1173,4390,3391,1,'A2E00980A9914729','abaa1118-c008-4a05-9ccb-edc9f1c6a34f'),(1174,2595,1899,1,'4284EB52D1124C6F','f1685d47-a394-4ff3-9485-695c17b9ad09'),(1175,1920,1272,2,'24462CC7CCCB45A2','26ae06f6-1fbf-46f7-bda6-6db433b50766'),(1176,4680,2120,1,'D3CE6985E1FE45DC','8bbd145b-4511-4d4a-8543-a8f78209ea20'),(1177,4680,2120,1,'D3CE6985E1FE45DC','4b806663-a513-4460-b01e-e2794a110d68'),(1178,4680,2120,1,'D3CE6985E1FE45DC','6d79dd23-5220-46b2-a391-bb6522756889'),(1179,4680,2120,1,'D3CE6985E1FE45DC','c0f7acef-179f-418f-9db5-a556faa8300d'),(1180,1590,1049,1,'6B4837C8D55F4B33','a2e0dd62-8027-48ee-b6e7-c460e177000b'),(1181,1590,1049,1,'6B4837C8D55F4B33','fdbb1c13-f82a-4f61-b85e-b94698cfc2e6'),(1182,250,150,1,'3C6DC96BBDA14DED','fd9e77ab-b839-426e-9854-536497a916d4'),(1183,4920,2708,1,'C2E127BD1ED34FA4','5c44bb34-cefb-43aa-ba3d-b5523f40b541'),(1184,125,62.18,1,'B85255FDFE60431E','2a4e7d44-8a32-44b5-8e7f-75a42298ba34');
/*!40000 ALTER TABLE `sd_saledetails` ENABLE KEYS */;
UNLOCK TABLES;

--
-- Table structure for table `sess_usersessions`
--

DROP TABLE IF EXISTS `sess_usersessions`;
/*!40101 SET @saved_cs_client     = @@character_set_client */;
/*!40101 SET character_set_client = utf8 */;
CREATE TABLE `sess_usersessions` (
  `sess_id` varchar(36) NOT NULL,
  `sess_online` tinyint(1) NOT NULL DEFAULT 1,
  `sess_twofacauth` tinyint(1) NOT NULL DEFAULT 1,
  `sess_useragent` varchar(150) NOT NULL,
  `sess_date` datetime NOT NULL DEFAULT current_timestamp(),
  `us_id` int(11) NOT NULL,
  PRIMARY KEY (`sess_id`),
  KEY `us_id` (`us_id`),
  CONSTRAINT `sess_usersessions_ibfk_1` FOREIGN KEY (`us_id`) REFERENCES `us_users` (`us_id`)
) ENGINE=InnoDB DEFAULT CHARSET=utf8mb4 COLLATE=utf8mb4_general_ci;
/*!40101 SET character_set_client = @saved_cs_client */;

--
-- Dumping data for table `sess_usersessions`
--

LOCK TABLES `sess_usersessions` WRITE;
/*!40000 ALTER TABLE `sess_usersessions` DISABLE KEYS */;
INSERT INTO `sess_usersessions` VALUES ('25092905-95fa-4d36-b604-84898b846174',0,1,'Mozilla/5.0 (Windows NT 10.0; Win64; x64) AppleWebKit/537.36 (KHTML, like Gecko) Chrome/115.0.0.0 Safari/537.36','2023-08-11 10:30:30',416231),('354836aa-8456-472b-ba84-69f667cb10c7',0,1,'Mozilla/5.0 (X11; Linux x86_64) AppleWebKit/537.36 (KHTML, like Gecko) Chrome/114.0.0.0 Safari/537.36','2023-07-11 17:42:35',206506),('47477577-ae22-4106-84ca-8c2451bf4968',0,1,'Mozilla/5.0 (Windows NT 10.0; Win64; x64) AppleWebKit/537.36 (KHTML, like Gecko) Chrome/115.0.0.0 Safari/537.36 Edg/115.0.1901.188','2023-08-10 19:02:11',181549),('5386f03f-33da-49ff-9340-eb9fd3f55c51',0,1,'Mozilla/5.0 (iPhone; CPU iPhone OS 16_5_1 like Mac OS X) AppleWebKit/605.1.15 (KHTML, like Gecko) Version/16.5.2 Mobile/15E148 Safari/604.1','2023-08-01 00:42:45',263899),('bd2f9efb-cc92-4c22-bbd4-566df65c34bb',0,1,'Mozilla/5.0 (iPhone; CPU iPhone OS 16_5_1 like Mac OS X) AppleWebKit/605.1.15 (KHTML, like Gecko) Version/16.5.2 Mobile/15E148 Safari/604.1','2023-07-21 04:37:52',263899),('d62af683-1512-4245-b721-917cd5cdb9de',1,1,'Mozilla/5.0 (Windows NT 10.0; Win64; x64) AppleWebKit/537.36 (KHTML, like Gecko) Chrome/115.0.0.0 Safari/537.36 Edg/115.0.1901.200','2023-08-11 11:15:02',791950),('dae26fe5-ec47-4595-818e-e3126b158885',0,1,'Mozilla/5.0 (iPhone; CPU iPhone OS 16_5_1 like Mac OS X) AppleWebKit/605.1.15 (KHTML, like Gecko) Version/16.5.1 Mobile/15E148 Safari/604.1','2023-07-12 15:19:06',263899),('e5f1853a-8da3-4bbb-af85-9155fd0ae567',0,1,'Mozilla/5.0 (Linux; Android 10; K) AppleWebKit/537.36 (KHTML, like Gecko) Chrome/114.0.0.0 Mobile Safari/537.36','2023-08-09 21:27:42',206506),('f52bfe3d-3af2-4854-95ca-3c022373c070',1,1,'Mozilla/5.0 (X11; Linux x86_64) AppleWebKit/537.36 (KHTML, like Gecko) Chrome/114.0.0.0 Safari/537.36','2023-08-11 11:15:14',206506);
/*!40000 ALTER TABLE `sess_usersessions` ENABLE KEYS */;
UNLOCK TABLES;

--
-- Table structure for table `sp_salepayments`
--

DROP TABLE IF EXISTS `sp_salepayments`;
/*!40101 SET @saved_cs_client     = @@character_set_client */;
/*!40101 SET character_set_client = utf8 */;
CREATE TABLE `sp_salepayments` (
  `sp_id` int(11) NOT NULL AUTO_INCREMENT,
  `sp_no` int(11) DEFAULT NULL,
  `sp_subtotal` float NOT NULL,
  `sp_commission` float NOT NULL,
  `sp_pay` float NOT NULL,
  `sp_limitdate` date DEFAULT NULL,
  `sp_note` text DEFAULT NULL,
  `sp_regdate` datetime DEFAULT NULL,
  `pm_id` int(11) DEFAULT NULL,
  `us_id` int(11) DEFAULT NULL,
  `sa_id` varchar(36) NOT NULL,
  PRIMARY KEY (`sp_id`),
  UNIQUE KEY `sp_no` (`sp_no`),
  KEY `pm_id` (`pm_id`),
  KEY `sa_id` (`sa_id`),
  KEY `us_id` (`us_id`),
  CONSTRAINT `sp_salepayments_ibfk_1` FOREIGN KEY (`pm_id`) REFERENCES `pm_paymentmethods` (`pm_id`),
  CONSTRAINT `sp_salepayments_ibfk_2` FOREIGN KEY (`sa_id`) REFERENCES `sa_sales` (`sa_id`),
  CONSTRAINT `sp_salepayments_ibfk_3` FOREIGN KEY (`us_id`) REFERENCES `us_users` (`us_id`)
) ENGINE=InnoDB AUTO_INCREMENT=2005 DEFAULT CHARSET=utf8mb4 COLLATE=utf8mb4_general_ci;
/*!40101 SET character_set_client = @saved_cs_client */;

--
-- Dumping data for table `sp_salepayments`
--

LOCK TABLES `sp_salepayments` WRITE;
/*!40000 ALTER TABLE `sp_salepayments` DISABLE KEYS */;
INSERT INTO `sp_salepayments` VALUES (1001,1000001,1000,0,1000,'2023-07-18',NULL,'2023-07-18 20:22:50',1001,312965,'936d3f1b-53ff-456d-9438-d5421fe01692'),(1002,NULL,920,0,0,'2023-08-18',NULL,NULL,NULL,NULL,'936d3f1b-53ff-456d-9438-d5421fe01692'),(1003,1000002,500,0,500,'2023-07-18',NULL,'2023-07-18 22:15:54',1001,312965,'f603640e-8562-4339-8721-88c8967d780c'),(1004,1000003,450,0,450,'2023-07-19',NULL,'2023-07-19 17:50:40',1001,312965,'4c8eddd3-9050-480a-b0ac-7aa92539f4f3'),(1005,NULL,450,0,0,'2023-08-20',NULL,NULL,NULL,NULL,'4c8eddd3-9050-480a-b0ac-7aa92539f4f3'),(1006,NULL,450,0,0,'2023-09-20',NULL,NULL,NULL,NULL,'4c8eddd3-9050-480a-b0ac-7aa92539f4f3'),(1007,NULL,450,0,0,'2023-10-20',NULL,NULL,NULL,NULL,'4c8eddd3-9050-480a-b0ac-7aa92539f4f3'),(1008,NULL,450,0,0,'2023-11-20',NULL,NULL,NULL,NULL,'4c8eddd3-9050-480a-b0ac-7aa92539f4f3'),(1009,NULL,450,0,0,'2023-12-20',NULL,NULL,NULL,NULL,'4c8eddd3-9050-480a-b0ac-7aa92539f4f3'),(1010,NULL,450,0,0,'2024-01-20',NULL,NULL,NULL,NULL,'4c8eddd3-9050-480a-b0ac-7aa92539f4f3'),(1011,NULL,450,0,0,'2024-02-20',NULL,NULL,NULL,NULL,'4c8eddd3-9050-480a-b0ac-7aa92539f4f3'),(1012,NULL,450,0,0,'2024-03-20',NULL,NULL,NULL,NULL,'4c8eddd3-9050-480a-b0ac-7aa92539f4f3'),(1013,NULL,450,0,0,'2024-04-20',NULL,NULL,NULL,NULL,'4c8eddd3-9050-480a-b0ac-7aa92539f4f3'),(1014,NULL,450,0,0,'2024-05-20',NULL,NULL,NULL,NULL,'4c8eddd3-9050-480a-b0ac-7aa92539f4f3'),(1015,NULL,450,0,0,'2024-06-20',NULL,NULL,NULL,NULL,'4c8eddd3-9050-480a-b0ac-7aa92539f4f3'),(1016,1000004,450,0,450,'2023-07-20',NULL,'2023-07-20 20:45:36',1001,312965,'dd7d5366-d2a7-49da-998c-577d9c818daf'),(1017,NULL,450,0,0,'2023-08-20',NULL,NULL,NULL,NULL,'dd7d5366-d2a7-49da-998c-577d9c818daf'),(1018,NULL,450,0,0,'2023-09-20',NULL,NULL,NULL,NULL,'dd7d5366-d2a7-49da-998c-577d9c818daf'),(1019,NULL,450,0,0,'2023-10-21',NULL,NULL,NULL,NULL,'dd7d5366-d2a7-49da-998c-577d9c818daf'),(1020,NULL,450,0,0,'2023-11-21',NULL,NULL,NULL,NULL,'dd7d5366-d2a7-49da-998c-577d9c818daf'),(1021,NULL,450,0,0,'2023-12-22',NULL,NULL,NULL,NULL,'dd7d5366-d2a7-49da-998c-577d9c818daf'),(1022,NULL,450,0,0,'2024-01-22',NULL,NULL,NULL,NULL,'dd7d5366-d2a7-49da-998c-577d9c818daf'),(1023,NULL,450,0,0,'2024-02-22',NULL,NULL,NULL,NULL,'dd7d5366-d2a7-49da-998c-577d9c818daf'),(1024,NULL,450,0,0,'2024-03-24',NULL,NULL,NULL,NULL,'dd7d5366-d2a7-49da-998c-577d9c818daf'),(1025,NULL,450,0,0,'2024-04-24',NULL,NULL,NULL,NULL,'dd7d5366-d2a7-49da-998c-577d9c818daf'),(1026,NULL,450,0,0,'2024-05-25',NULL,NULL,NULL,NULL,'dd7d5366-d2a7-49da-998c-577d9c818daf'),(1027,NULL,450,0,0,'2024-06-25',NULL,NULL,NULL,NULL,'dd7d5366-d2a7-49da-998c-577d9c818daf'),(1028,1000005,650,0,650,'2023-07-21',NULL,'2023-07-21 00:25:44',1001,181549,'9cd60342-014d-47e8-90ee-72eafc08d763'),(1029,1000006,650,0,650,'2023-07-21',NULL,'2023-07-21 00:27:29',1001,181549,'8cb23470-4a52-4098-9b15-f78f8b905961'),(1030,1000007,1000,0,1000,'2023-07-22',NULL,'2023-07-22 00:38:29',1001,312965,'ccf5897f-6f56-4775-8625-a77ca7c8bf7e'),(1031,NULL,750,0,0,'2023-08-22',NULL,NULL,NULL,NULL,'ccf5897f-6f56-4775-8625-a77ca7c8bf7e'),(1032,NULL,750,0,0,'2023-09-07',NULL,NULL,NULL,NULL,'ccf5897f-6f56-4775-8625-a77ca7c8bf7e'),(1033,1000008,2000,0,2000,'2023-07-22',NULL,'2023-07-22 00:49:54',1001,312965,'0165207b-bc9d-4c95-9a2d-aa2a475b2599'),(1034,1000009,1000,0,1000,'2023-07-22',NULL,'2023-07-22 00:57:59',1001,312965,'4bbeb566-68a1-4c73-873b-656ce2b7d525'),(1035,1000042,307,0,307,'2023-08-22',NULL,'2023-08-01 18:56:39',1001,134422,'4bbeb566-68a1-4c73-873b-656ce2b7d525'),(1036,NULL,460,0,0,'2023-09-05',NULL,NULL,NULL,NULL,'4bbeb566-68a1-4c73-873b-656ce2b7d525'),(1037,1000010,635,0,635,'2023-07-24',NULL,'2023-07-24 14:42:24',1001,312965,'6634dfee-86fa-4c8c-9da1-621f7fd33dba'),(1038,NULL,583,0,0,'2023-08-23',NULL,NULL,NULL,NULL,'6634dfee-86fa-4c8c-9da1-621f7fd33dba'),(1039,NULL,583,0,0,'2023-09-22',NULL,NULL,NULL,NULL,'6634dfee-86fa-4c8c-9da1-621f7fd33dba'),(1040,NULL,583,0,0,'2023-10-22',NULL,NULL,NULL,NULL,'6634dfee-86fa-4c8c-9da1-621f7fd33dba'),(1041,NULL,583,0,0,'2023-11-21',NULL,NULL,NULL,NULL,'6634dfee-86fa-4c8c-9da1-621f7fd33dba'),(1042,NULL,583,0,0,'2023-12-21',NULL,NULL,NULL,NULL,'6634dfee-86fa-4c8c-9da1-621f7fd33dba'),(1043,NULL,583,0,0,'2024-01-20',NULL,NULL,NULL,NULL,'6634dfee-86fa-4c8c-9da1-621f7fd33dba'),(1044,NULL,583,0,0,'2024-02-19',NULL,NULL,NULL,NULL,'6634dfee-86fa-4c8c-9da1-621f7fd33dba'),(1045,NULL,583,0,0,'2024-03-20',NULL,NULL,NULL,NULL,'6634dfee-86fa-4c8c-9da1-621f7fd33dba'),(1046,NULL,583,0,0,'2024-04-19',NULL,NULL,NULL,NULL,'6634dfee-86fa-4c8c-9da1-621f7fd33dba'),(1047,NULL,583,0,0,'2024-05-19',NULL,NULL,NULL,NULL,'6634dfee-86fa-4c8c-9da1-621f7fd33dba'),(1048,NULL,585,0,0,'2024-06-18',NULL,NULL,NULL,NULL,'6634dfee-86fa-4c8c-9da1-621f7fd33dba'),(1049,1000011,300,0,300,'2023-07-24',NULL,'2023-07-24 14:46:42',1001,312965,'ed5060a9-6e22-4c34-b984-67bca6314d12'),(1050,1000012,390,0,390,'2023-07-24',NULL,'2023-07-24 15:06:00',1001,312965,'07742b64-40ff-4033-9439-b9200ddc0752'),(1051,NULL,390,0,0,'2023-08-24',NULL,NULL,NULL,NULL,'07742b64-40ff-4033-9439-b9200ddc0752'),(1052,NULL,390,0,0,'2023-09-24',NULL,NULL,NULL,NULL,'07742b64-40ff-4033-9439-b9200ddc0752'),(1053,NULL,390,0,0,'2023-10-24',NULL,NULL,NULL,NULL,'07742b64-40ff-4033-9439-b9200ddc0752'),(1054,NULL,390,0,0,'2023-11-24',NULL,NULL,NULL,NULL,'07742b64-40ff-4033-9439-b9200ddc0752'),(1055,NULL,390,0,0,'2023-12-24',NULL,NULL,NULL,NULL,'07742b64-40ff-4033-9439-b9200ddc0752'),(1056,NULL,390,0,0,'2024-01-24',NULL,NULL,NULL,NULL,'07742b64-40ff-4033-9439-b9200ddc0752'),(1057,NULL,390,0,0,'2024-02-24',NULL,NULL,NULL,NULL,'07742b64-40ff-4033-9439-b9200ddc0752'),(1058,NULL,390,0,0,'2024-03-24',NULL,NULL,NULL,NULL,'07742b64-40ff-4033-9439-b9200ddc0752'),(1059,NULL,390,0,0,'2024-04-24',NULL,NULL,NULL,NULL,'07742b64-40ff-4033-9439-b9200ddc0752'),(1060,NULL,390,0,0,'2024-05-24',NULL,NULL,NULL,NULL,'07742b64-40ff-4033-9439-b9200ddc0752'),(1061,NULL,390,0,0,'2024-06-24',NULL,NULL,NULL,NULL,'07742b64-40ff-4033-9439-b9200ddc0752'),(1062,1000013,655,0,655,'2023-07-24',NULL,'2023-07-24 15:19:22',1001,312965,'88614c24-3704-4c5a-b7b3-cbe829b59e6a'),(1063,1000014,450,0,450,'2023-07-24',NULL,'2023-07-24 15:33:48',1001,312965,'4bd5a688-1048-4a72-8bd4-5396315e051e'),(1064,NULL,490,0,0,'2023-08-05',NULL,NULL,NULL,NULL,'6088a0be-bf2c-405e-ae56-99649812d371'),(1065,1000035,570,0,570,'2023-07-30',NULL,'2023-08-01 15:40:45',1001,181549,'fac1c7f3-aff8-4530-89dd-6830b7a173ad'),(1066,NULL,568,0,0,'2023-08-30',NULL,NULL,NULL,NULL,'fac1c7f3-aff8-4530-89dd-6830b7a173ad'),(1067,NULL,568,0,0,'2023-09-30',NULL,NULL,NULL,NULL,'fac1c7f3-aff8-4530-89dd-6830b7a173ad'),(1068,NULL,568,0,0,'2023-10-30',NULL,NULL,NULL,NULL,'fac1c7f3-aff8-4530-89dd-6830b7a173ad'),(1069,NULL,568,0,0,'2023-11-30',NULL,NULL,NULL,NULL,'fac1c7f3-aff8-4530-89dd-6830b7a173ad'),(1070,NULL,568,0,0,'2023-12-30',NULL,NULL,NULL,NULL,'fac1c7f3-aff8-4530-89dd-6830b7a173ad'),(1071,NULL,568,0,0,'2024-01-30',NULL,NULL,NULL,NULL,'fac1c7f3-aff8-4530-89dd-6830b7a173ad'),(1072,NULL,568,0,0,'2024-02-29',NULL,NULL,NULL,NULL,'fac1c7f3-aff8-4530-89dd-6830b7a173ad'),(1073,NULL,568,0,0,'2024-03-30',NULL,NULL,NULL,NULL,'fac1c7f3-aff8-4530-89dd-6830b7a173ad'),(1074,NULL,568,0,0,'2024-04-30',NULL,NULL,NULL,NULL,'fac1c7f3-aff8-4530-89dd-6830b7a173ad'),(1075,NULL,568,0,0,'2024-05-30',NULL,NULL,NULL,NULL,'fac1c7f3-aff8-4530-89dd-6830b7a173ad'),(1076,NULL,570,0,0,'2024-06-30',NULL,'2023-08-01 15:40:45',NULL,NULL,'fac1c7f3-aff8-4530-89dd-6830b7a173ad'),(1077,1000015,1000,0,1000,'2023-07-25',NULL,'2023-07-25 14:24:16',1001,312965,'aedaadce-9a1d-4d9e-b6fe-1b757cc80b90'),(1078,NULL,-34,0,0,'2023-07-28',NULL,NULL,NULL,NULL,'aedaadce-9a1d-4d9e-b6fe-1b757cc80b90'),(1079,NULL,-34,0,0,'2023-07-31',NULL,NULL,NULL,NULL,'aedaadce-9a1d-4d9e-b6fe-1b757cc80b90'),(1080,NULL,-34,0,0,'2023-08-03',NULL,NULL,NULL,NULL,'aedaadce-9a1d-4d9e-b6fe-1b757cc80b90'),(1081,NULL,-34,0,0,'2023-08-06',NULL,NULL,NULL,NULL,'aedaadce-9a1d-4d9e-b6fe-1b757cc80b90'),(1082,NULL,-34,0,0,'2023-08-09',NULL,NULL,NULL,NULL,'aedaadce-9a1d-4d9e-b6fe-1b757cc80b90'),(1083,NULL,-34,0,0,'2023-08-12',NULL,NULL,NULL,NULL,'aedaadce-9a1d-4d9e-b6fe-1b757cc80b90'),(1084,NULL,-34,0,0,'2023-08-15',NULL,NULL,NULL,NULL,'aedaadce-9a1d-4d9e-b6fe-1b757cc80b90'),(1085,NULL,-34,0,0,'2023-08-18',NULL,NULL,NULL,NULL,'aedaadce-9a1d-4d9e-b6fe-1b757cc80b90'),(1086,NULL,-26.0024,0,0,'2023-08-21',NULL,NULL,NULL,NULL,'aedaadce-9a1d-4d9e-b6fe-1b757cc80b90'),(1087,NULL,54,0,0,'2023-08-24',NULL,NULL,NULL,NULL,'8258f12f-22fa-488c-9ef2-94febbda6486'),(1088,NULL,54,0,0,'2023-09-23',NULL,NULL,NULL,NULL,'8258f12f-22fa-488c-9ef2-94febbda6486'),(1089,NULL,54,0,0,'2023-10-23',NULL,NULL,NULL,NULL,'8258f12f-22fa-488c-9ef2-94febbda6486'),(1090,NULL,54,0,0,'2023-11-22',NULL,NULL,NULL,NULL,'8258f12f-22fa-488c-9ef2-94febbda6486'),(1091,NULL,54,0,0,'2023-12-22',NULL,NULL,NULL,NULL,'8258f12f-22fa-488c-9ef2-94febbda6486'),(1092,NULL,54,0,0,'2024-01-21',NULL,NULL,NULL,NULL,'8258f12f-22fa-488c-9ef2-94febbda6486'),(1093,NULL,54,0,0,'2024-02-20',NULL,NULL,NULL,NULL,'8258f12f-22fa-488c-9ef2-94febbda6486'),(1094,NULL,54,0,0,'2024-03-21',NULL,NULL,NULL,NULL,'8258f12f-22fa-488c-9ef2-94febbda6486'),(1095,NULL,54,0,0,'2024-04-20',NULL,NULL,NULL,NULL,'8258f12f-22fa-488c-9ef2-94febbda6486'),(1096,NULL,54,0,0,'2024-05-20',NULL,NULL,NULL,NULL,'8258f12f-22fa-488c-9ef2-94febbda6486'),(1097,NULL,54,0,0,'2024-06-19',NULL,NULL,NULL,NULL,'8258f12f-22fa-488c-9ef2-94febbda6486'),(1098,NULL,54,0,0,'2024-07-19',NULL,NULL,NULL,NULL,'8258f12f-22fa-488c-9ef2-94febbda6486'),(1099,NULL,54,0,0,'2024-08-18',NULL,NULL,NULL,NULL,'8258f12f-22fa-488c-9ef2-94febbda6486'),(1100,NULL,351,0,0,'2023-08-05',NULL,NULL,NULL,NULL,'a81ad9aa-aecd-4298-9afc-e70868676b56'),(1101,NULL,351,0,0,'2023-09-05',NULL,NULL,NULL,NULL,'a81ad9aa-aecd-4298-9afc-e70868676b56'),(1102,NULL,517,0,0,'2023-08-15',NULL,NULL,NULL,NULL,'6f019bed-79a2-4f89-b970-08b21c615f3e'),(1103,NULL,518,0,0,'2023-09-15',NULL,NULL,NULL,NULL,'6f019bed-79a2-4f89-b970-08b21c615f3e'),(1104,1000047,300,0,300,'2023-07-15',NULL,'2023-08-02 11:42:26',1001,263899,'2dbe33fe-c9e7-4735-92bd-f64c8167a2b6'),(1105,1000090,300,0,300,'2023-08-15',NULL,'2023-08-09 17:53:17',1001,181549,'2dbe33fe-c9e7-4735-92bd-f64c8167a2b6'),(1106,NULL,300,0,0,'2023-09-15',NULL,NULL,NULL,NULL,'2dbe33fe-c9e7-4735-92bd-f64c8167a2b6'),(1107,NULL,240,0,0,'2023-08-16',NULL,NULL,NULL,NULL,'0d8a5b58-afaa-4c16-897e-c40d0fd74848'),(1108,NULL,241,0,0,'2023-09-16',NULL,NULL,NULL,NULL,'0d8a5b58-afaa-4c16-897e-c40d0fd74848'),(1109,NULL,275,0,0,'2023-08-16',NULL,NULL,NULL,NULL,'5f534838-55a2-4b6d-a8eb-9a51958c2657'),(1110,NULL,275,0,0,'2023-09-16',NULL,NULL,NULL,NULL,'5f534838-55a2-4b6d-a8eb-9a51958c2657'),(1111,NULL,530,0,0,'2023-07-31',NULL,NULL,NULL,NULL,'f7ec25fd-8f92-4121-ad3e-8102a14697dd'),(1112,NULL,530,0,0,'2023-08-15',NULL,NULL,NULL,NULL,'f7ec25fd-8f92-4121-ad3e-8102a14697dd'),(1113,NULL,530,0,0,'2023-09-15',NULL,NULL,NULL,NULL,'f7ec25fd-8f92-4121-ad3e-8102a14697dd'),(1114,NULL,320,0,0,'2023-07-16',NULL,NULL,NULL,NULL,'2811d801-800e-4226-bfaa-204c38fddec1'),(1115,NULL,320,0,0,'2023-08-16',NULL,NULL,NULL,NULL,'2811d801-800e-4226-bfaa-204c38fddec1'),(1116,NULL,320,0,0,'2023-09-16',NULL,NULL,NULL,NULL,'2811d801-800e-4226-bfaa-204c38fddec1'),(1117,NULL,385,0,0,'2023-08-17',NULL,NULL,NULL,NULL,'36b69578-ca76-42ff-833c-f9b41e5ea23a'),(1118,NULL,385,0,0,'2023-09-17',NULL,NULL,NULL,NULL,'36b69578-ca76-42ff-833c-f9b41e5ea23a'),(1119,NULL,282,0,0,'2023-07-20',NULL,NULL,NULL,NULL,'faa65e1b-7067-4369-bda4-87db9a605fe7'),(1120,NULL,282,0,0,'2023-09-20',NULL,NULL,NULL,NULL,'faa65e1b-7067-4369-bda4-87db9a605fe7'),(1121,NULL,282,0,0,'2023-08-20',NULL,NULL,NULL,NULL,'faa65e1b-7067-4369-bda4-87db9a605fe7'),(1122,1000083,545,0,545,'2023-07-31',NULL,'2023-08-07 12:42:44',1001,312965,'43b159bd-6e07-4283-a2b5-dcb3957eeced'),(1123,NULL,545,0,0,'2023-08-31',NULL,NULL,NULL,NULL,'43b159bd-6e07-4283-a2b5-dcb3957eeced'),(1124,NULL,545,0,0,'2023-09-30',NULL,NULL,NULL,NULL,'43b159bd-6e07-4283-a2b5-dcb3957eeced'),(1125,1000055,385,0,385,'2023-07-21','705881674','2023-08-03 12:48:15',1003,181549,'55449caa-4afd-45ea-816f-7442eb845728'),(1126,NULL,385,0,0,'2023-08-21',NULL,NULL,NULL,NULL,'55449caa-4afd-45ea-816f-7442eb845728'),(1127,NULL,385,0,0,'2023-09-21',NULL,NULL,NULL,NULL,'55449caa-4afd-45ea-816f-7442eb845728'),(1128,NULL,385,0,0,'2023-10-21',NULL,NULL,NULL,NULL,'55449caa-4afd-45ea-816f-7442eb845728'),(1129,NULL,385,0,0,'2023-11-21',NULL,NULL,NULL,NULL,'55449caa-4afd-45ea-816f-7442eb845728'),(1130,NULL,515,0,0,'2023-07-21',NULL,NULL,NULL,NULL,'e8a4b5ee-5480-4781-aeb5-27768cb7896a'),(1131,NULL,515,0,0,'2023-08-21',NULL,NULL,NULL,NULL,'e8a4b5ee-5480-4781-aeb5-27768cb7896a'),(1132,NULL,515,0,0,'2023-09-21',NULL,NULL,NULL,NULL,'e8a4b5ee-5480-4781-aeb5-27768cb7896a'),(1133,1000049,575,0,575,'2023-07-30',NULL,'2023-08-03 10:21:41',1001,791950,'c7588d5d-e766-45ac-8e18-6774a9d65650'),(1134,NULL,575,0,0,'2023-08-30',NULL,NULL,NULL,NULL,'c7588d5d-e766-45ac-8e18-6774a9d65650'),(1135,NULL,575,0,0,'2023-09-30',NULL,NULL,NULL,NULL,'c7588d5d-e766-45ac-8e18-6774a9d65650'),(1136,NULL,344,0,0,'2023-07-30',NULL,NULL,NULL,NULL,'becf379c-47b3-4134-b617-8c7c9f11c359'),(1137,NULL,344,0,0,'2023-08-30',NULL,NULL,NULL,NULL,'becf379c-47b3-4134-b617-8c7c9f11c359'),(1138,NULL,344,0,0,'2023-09-30',NULL,NULL,NULL,NULL,'becf379c-47b3-4134-b617-8c7c9f11c359'),(1139,NULL,344,0,0,'2023-10-30',NULL,NULL,NULL,NULL,'becf379c-47b3-4134-b617-8c7c9f11c359'),(1140,NULL,344,0,0,'2023-11-30',NULL,NULL,NULL,NULL,'becf379c-47b3-4134-b617-8c7c9f11c359'),(1141,NULL,372,0,0,'2023-05-30',NULL,NULL,NULL,NULL,'269542ee-f60f-4b29-a57d-11aba8b35989'),(1142,NULL,372,0,0,'2023-06-30',NULL,NULL,NULL,NULL,'269542ee-f60f-4b29-a57d-11aba8b35989'),(1143,NULL,372,0,0,'2023-07-30',NULL,NULL,NULL,NULL,'269542ee-f60f-4b29-a57d-11aba8b35989'),(1144,NULL,372,0,0,'2023-09-30',NULL,NULL,NULL,NULL,'269542ee-f60f-4b29-a57d-11aba8b35989'),(1145,NULL,372,0,0,'2023-08-09',NULL,NULL,NULL,NULL,'269542ee-f60f-4b29-a57d-11aba8b35989'),(1146,1000018,440,0,440,'2023-07-27',NULL,'2023-07-26 18:40:26',1001,312965,'3a6d3160-8c5a-4469-b6b1-491a779fc699'),(1147,NULL,440,0,0,'2023-08-27',NULL,NULL,NULL,NULL,'3a6d3160-8c5a-4469-b6b1-491a779fc699'),(1148,NULL,440,0,0,'2023-09-27',NULL,NULL,NULL,NULL,'3a6d3160-8c5a-4469-b6b1-491a779fc699'),(1149,NULL,440,0,0,'2023-10-27',NULL,NULL,NULL,NULL,'3a6d3160-8c5a-4469-b6b1-491a779fc699'),(1150,NULL,440,0,0,'2023-11-27',NULL,NULL,NULL,NULL,'3a6d3160-8c5a-4469-b6b1-491a779fc699'),(1151,1000016,115,0,115,'2023-07-26',NULL,'2023-07-26 18:27:18',1001,312965,'257e6df7-7a15-4a2e-9c84-70c3bd230ecc'),(1152,NULL,115,0,0,'2023-08-25',NULL,NULL,NULL,NULL,'257e6df7-7a15-4a2e-9c84-70c3bd230ecc'),(1153,1000017,300,0,300,'2023-07-26',NULL,'2023-07-26 18:36:06',1001,312965,'6dae05ce-971f-4575-bbb5-7f87465d518f'),(1154,NULL,290,0,0,'2023-08-26',NULL,NULL,NULL,NULL,'6dae05ce-971f-4575-bbb5-7f87465d518f'),(1155,1000019,200,0,200,'2023-07-26',NULL,'2023-07-26 18:49:51',1001,312965,'795d1d51-15aa-4139-8019-b0ce323746b3'),(1156,NULL,100,0,0,'2023-08-25',NULL,NULL,NULL,NULL,'795d1d51-15aa-4139-8019-b0ce323746b3'),(1157,NULL,399,0,0,'2023-05-30',NULL,NULL,NULL,NULL,'4b84cb60-136e-4121-87a2-10dd147fc6dd'),(1158,NULL,399,0,0,'2023-06-30',NULL,NULL,NULL,NULL,'4b84cb60-136e-4121-87a2-10dd147fc6dd'),(1159,NULL,399,0,0,'2023-07-30',NULL,NULL,NULL,NULL,'4b84cb60-136e-4121-87a2-10dd147fc6dd'),(1160,NULL,399,0,0,'2023-08-30',NULL,NULL,NULL,NULL,'4b84cb60-136e-4121-87a2-10dd147fc6dd'),(1161,NULL,399,0,0,'2023-09-30',NULL,NULL,NULL,NULL,'4b84cb60-136e-4121-87a2-10dd147fc6dd'),(1162,NULL,399,0,0,'2023-10-30',NULL,NULL,NULL,NULL,'4b84cb60-136e-4121-87a2-10dd147fc6dd'),(1163,NULL,399,0,0,'2023-11-30',NULL,NULL,NULL,NULL,'4b84cb60-136e-4121-87a2-10dd147fc6dd'),(1164,NULL,402,0,0,'2023-12-30',NULL,NULL,NULL,NULL,'4b84cb60-136e-4121-87a2-10dd147fc6dd'),(1165,1000020,395,0,395,'2023-07-27',NULL,'2023-07-27 14:44:10',1001,312965,'43633069-246d-42bd-a58f-a333e6657e99'),(1166,NULL,395,0,0,'2023-08-30',NULL,NULL,NULL,NULL,'43633069-246d-42bd-a58f-a333e6657e99'),(1167,NULL,395,0,0,'2023-09-30',NULL,NULL,NULL,NULL,'43633069-246d-42bd-a58f-a333e6657e99'),(1168,NULL,395,0,0,'2023-10-30',NULL,NULL,NULL,NULL,'43633069-246d-42bd-a58f-a333e6657e99'),(1169,NULL,395,0,0,'2023-11-30',NULL,NULL,NULL,NULL,'43633069-246d-42bd-a58f-a333e6657e99'),(1170,NULL,395,0,0,'2023-12-30',NULL,NULL,NULL,NULL,'43633069-246d-42bd-a58f-a333e6657e99'),(1171,NULL,395,0,0,'2024-01-30',NULL,NULL,NULL,NULL,'43633069-246d-42bd-a58f-a333e6657e99'),(1172,NULL,395,0,0,'2024-02-29',NULL,NULL,NULL,NULL,'43633069-246d-42bd-a58f-a333e6657e99'),(1173,NULL,395,0,0,'2024-03-30',NULL,NULL,NULL,NULL,'43633069-246d-42bd-a58f-a333e6657e99'),(1174,NULL,395,0,0,'2024-04-30',NULL,NULL,NULL,NULL,'43633069-246d-42bd-a58f-a333e6657e99'),(1175,NULL,395,0,0,'2024-05-30',NULL,NULL,NULL,NULL,'43633069-246d-42bd-a58f-a333e6657e99'),(1176,NULL,395,0,0,'2024-06-30',NULL,NULL,NULL,NULL,'43633069-246d-42bd-a58f-a333e6657e99'),(1177,1000021,500,0,500,'2023-07-27',NULL,'2023-07-27 15:25:28',1001,312965,'4f31c147-cc29-46a8-a437-e8cceacb37c5'),(1178,NULL,600,0,0,'2023-09-01',NULL,NULL,NULL,NULL,'4f31c147-cc29-46a8-a437-e8cceacb37c5'),(1179,1000022,545,0,545,'2023-07-27',NULL,'2023-07-27 16:14:17',1001,312965,'3b2d3aba-e43f-43a4-8238-6a5facdb7963'),(1180,NULL,545,0,0,'2023-08-26',NULL,NULL,NULL,NULL,'3b2d3aba-e43f-43a4-8238-6a5facdb7963'),(1181,NULL,545,0,0,'2023-09-25',NULL,NULL,NULL,NULL,'3b2d3aba-e43f-43a4-8238-6a5facdb7963'),(1182,1000059,545,0,545,'2023-07-30',NULL,'2023-08-04 11:02:08',1001,181549,'cbfe0369-cb06-449d-891e-ece8709320cf'),(1183,NULL,545,0,0,'2023-08-30',NULL,NULL,NULL,NULL,'cbfe0369-cb06-449d-891e-ece8709320cf'),(1184,NULL,545,0,0,'2023-09-30',NULL,NULL,NULL,NULL,'cbfe0369-cb06-449d-891e-ece8709320cf'),(1185,1000023,1800,0,1800,'2023-07-27',NULL,'2023-07-27 19:23:08',1001,181549,'dd144e8d-c962-4df3-9617-76e4dab946a3'),(1186,NULL,1295,0,0,'2023-08-27',NULL,NULL,NULL,NULL,'dd144e8d-c962-4df3-9617-76e4dab946a3'),(1187,NULL,1295,0,0,'2023-09-27',NULL,NULL,NULL,NULL,'dd144e8d-c962-4df3-9617-76e4dab946a3'),(1188,1000024,1020,0,1020,'2023-07-28',NULL,'2023-07-28 11:29:19',1001,312965,'0c71d456-baa2-45d1-b314-d271a35631c9'),(1189,NULL,900,0,0,'2023-08-28',NULL,NULL,NULL,NULL,'0c71d456-baa2-45d1-b314-d271a35631c9'),(1190,NULL,381,0,0,'2023-08-27',NULL,NULL,NULL,NULL,'c3b35d10-a853-46d0-809c-cc6e38058b28'),(1191,NULL,381,0,0,'2023-09-26',NULL,NULL,NULL,NULL,'c3b35d10-a853-46d0-809c-cc6e38058b28'),(1192,NULL,381,0,0,'2023-10-26',NULL,NULL,NULL,NULL,'c3b35d10-a853-46d0-809c-cc6e38058b28'),(1193,NULL,381,0,0,'2023-11-25',NULL,NULL,NULL,NULL,'c3b35d10-a853-46d0-809c-cc6e38058b28'),(1194,NULL,386,0,0,'2023-12-25',NULL,NULL,NULL,NULL,'c3b35d10-a853-46d0-809c-cc6e38058b28'),(1195,NULL,382,0,0,'2023-08-10',NULL,NULL,NULL,NULL,'3f4b3ccb-d65f-431c-89c7-f5697eccefc9'),(1196,NULL,382,0,0,'2023-09-10',NULL,NULL,NULL,NULL,'3f4b3ccb-d65f-431c-89c7-f5697eccefc9'),(1197,NULL,382,0,0,'2023-10-10',NULL,NULL,NULL,NULL,'3f4b3ccb-d65f-431c-89c7-f5697eccefc9'),(1198,NULL,382,0,0,'2023-11-10',NULL,NULL,NULL,NULL,'3f4b3ccb-d65f-431c-89c7-f5697eccefc9'),(1199,NULL,382,0,0,'2023-12-10',NULL,NULL,NULL,NULL,'3f4b3ccb-d65f-431c-89c7-f5697eccefc9'),(1200,1000089,185,0,185,'2023-06-18',NULL,'2023-08-09 11:46:21',1001,181549,'f534cd44-316f-4c71-a8f2-150f19a210ec'),(1201,NULL,182,0,0,'2023-07-01',NULL,NULL,NULL,NULL,'f534cd44-316f-4c71-a8f2-150f19a210ec'),(1202,NULL,182,0,0,'2023-07-18',NULL,NULL,NULL,NULL,'f534cd44-316f-4c71-a8f2-150f19a210ec'),(1203,NULL,182,0,0,'2023-08-01',NULL,NULL,NULL,NULL,'f534cd44-316f-4c71-a8f2-150f19a210ec'),(1204,NULL,182,0,0,'2023-08-18',NULL,NULL,NULL,NULL,'f534cd44-316f-4c71-a8f2-150f19a210ec'),(1205,NULL,182,0,0,'2023-09-01',NULL,NULL,NULL,NULL,'f534cd44-316f-4c71-a8f2-150f19a210ec'),(1206,NULL,182,0,0,'2023-09-18',NULL,NULL,NULL,NULL,'f534cd44-316f-4c71-a8f2-150f19a210ec'),(1207,NULL,179,0,0,'2023-10-01',NULL,'2023-08-09 11:46:21',NULL,NULL,'f534cd44-316f-4c71-a8f2-150f19a210ec'),(1208,1000028,420,0,420,'2023-08-08',NULL,'2023-07-28 18:32:16',1001,312965,'d1bc19f4-ddcd-487b-8685-02a4fb936524'),(1209,NULL,420,0,0,'2023-09-08',NULL,NULL,NULL,NULL,'d1bc19f4-ddcd-487b-8685-02a4fb936524'),(1210,NULL,420,0,0,'2023-10-08',NULL,NULL,NULL,NULL,'d1bc19f4-ddcd-487b-8685-02a4fb936524'),(1211,NULL,422,0,0,'2023-11-08',NULL,NULL,NULL,NULL,'d1bc19f4-ddcd-487b-8685-02a4fb936524'),(1212,NULL,260,0,0,'2023-08-11',NULL,NULL,NULL,NULL,'5ddecd00-2d58-4be2-8c72-d1d58e298a01'),(1213,NULL,260,0,0,'2023-09-11',NULL,NULL,NULL,NULL,'5ddecd00-2d58-4be2-8c72-d1d58e298a01'),(1214,NULL,260,0,0,'2023-10-11',NULL,NULL,NULL,NULL,'5ddecd00-2d58-4be2-8c72-d1d58e298a01'),(1215,NULL,260,0,0,'2023-11-11',NULL,NULL,NULL,NULL,'5ddecd00-2d58-4be2-8c72-d1d58e298a01'),(1216,NULL,373,0,0,'2023-08-15',NULL,NULL,NULL,NULL,'6eb37c48-f233-4761-aa59-84da4ee36f81'),(1217,NULL,373,0,0,'2023-09-15',NULL,NULL,NULL,NULL,'6eb37c48-f233-4761-aa59-84da4ee36f81'),(1218,NULL,374,0,0,'2023-10-15',NULL,NULL,NULL,NULL,'6eb37c48-f233-4761-aa59-84da4ee36f81'),(1219,NULL,515,0,0,'2023-02-16',NULL,NULL,NULL,NULL,'d3f60879-6949-49de-91a4-33d0a396b0d1'),(1220,NULL,515,0,0,'2023-03-16',NULL,NULL,NULL,NULL,'d3f60879-6949-49de-91a4-33d0a396b0d1'),(1221,NULL,515,0,0,'2023-04-16',NULL,NULL,NULL,NULL,'d3f60879-6949-49de-91a4-33d0a396b0d1'),(1222,NULL,515,0,0,'2023-05-16',NULL,NULL,NULL,NULL,'d3f60879-6949-49de-91a4-33d0a396b0d1'),(1223,NULL,515,0,0,'2023-06-16',NULL,NULL,NULL,NULL,'d3f60879-6949-49de-91a4-33d0a396b0d1'),(1224,NULL,515,0,0,'2023-07-16',NULL,NULL,NULL,NULL,'d3f60879-6949-49de-91a4-33d0a396b0d1'),(1225,NULL,515,0,0,'2023-08-16',NULL,NULL,NULL,NULL,'d3f60879-6949-49de-91a4-33d0a396b0d1'),(1226,NULL,515,0,0,'2023-09-16',NULL,NULL,NULL,NULL,'d3f60879-6949-49de-91a4-33d0a396b0d1'),(1227,NULL,515,0,0,'2023-10-16',NULL,NULL,NULL,NULL,'d3f60879-6949-49de-91a4-33d0a396b0d1'),(1228,1000051,285,0,285,'2023-07-21',NULL,'2023-08-03 10:39:20',1001,791950,'3fe8fb3c-0abb-4966-8ebd-dbba50f390b3'),(1229,NULL,285,0,0,'2023-08-21',NULL,NULL,NULL,NULL,'3fe8fb3c-0abb-4966-8ebd-dbba50f390b3'),(1230,NULL,285,0,0,'2023-09-21',NULL,NULL,NULL,NULL,'3fe8fb3c-0abb-4966-8ebd-dbba50f390b3'),(1231,NULL,285,0,0,'2023-10-21',NULL,NULL,NULL,NULL,'3fe8fb3c-0abb-4966-8ebd-dbba50f390b3'),(1232,NULL,402,0,0,'2023-05-08',NULL,NULL,NULL,NULL,'dfc754ac-7604-496e-86fc-92b90aae6bbf'),(1233,NULL,402,0,0,'2023-06-08',NULL,NULL,NULL,NULL,'dfc754ac-7604-496e-86fc-92b90aae6bbf'),(1234,NULL,402,0,0,'2023-07-08',NULL,NULL,NULL,NULL,'dfc754ac-7604-496e-86fc-92b90aae6bbf'),(1235,NULL,402,0,0,'2023-08-08',NULL,NULL,NULL,NULL,'dfc754ac-7604-496e-86fc-92b90aae6bbf'),(1236,NULL,402,0,0,'2023-09-08',NULL,NULL,NULL,NULL,'dfc754ac-7604-496e-86fc-92b90aae6bbf'),(1237,NULL,402,0,0,'2023-10-08',NULL,NULL,NULL,NULL,'dfc754ac-7604-496e-86fc-92b90aae6bbf'),(1238,NULL,402,0,0,'2023-11-08',NULL,NULL,NULL,NULL,'dfc754ac-7604-496e-86fc-92b90aae6bbf'),(1239,NULL,300,0,0,'2023-07-28',NULL,NULL,NULL,NULL,'d06d3e68-3726-4d24-a57c-17bbb36a2509'),(1240,NULL,300,0,0,'2023-08-28',NULL,NULL,NULL,NULL,'d06d3e68-3726-4d24-a57c-17bbb36a2509'),(1241,NULL,300,0,0,'2023-09-28',NULL,NULL,NULL,NULL,'d06d3e68-3726-4d24-a57c-17bbb36a2509'),(1242,NULL,300,0,0,'2023-10-28',NULL,NULL,NULL,NULL,'d06d3e68-3726-4d24-a57c-17bbb36a2509'),(1243,NULL,300,0,0,'2023-11-28',NULL,NULL,NULL,NULL,'d06d3e68-3726-4d24-a57c-17bbb36a2509'),(1244,NULL,300,0,0,'2023-12-28',NULL,NULL,NULL,NULL,'d06d3e68-3726-4d24-a57c-17bbb36a2509'),(1245,NULL,300,0,0,'2024-01-28',NULL,NULL,NULL,NULL,'d06d3e68-3726-4d24-a57c-17bbb36a2509'),(1246,NULL,300,0,0,'2024-02-28',NULL,NULL,NULL,NULL,'d06d3e68-3726-4d24-a57c-17bbb36a2509'),(1247,NULL,300,0,0,'2024-03-28',NULL,NULL,NULL,NULL,'d06d3e68-3726-4d24-a57c-17bbb36a2509'),(1248,NULL,391,0,0,'2023-07-28',NULL,NULL,NULL,NULL,'a32cd0db-1474-4324-85b3-ee780de32e6a'),(1249,NULL,391,0,0,'2023-08-28',NULL,NULL,NULL,NULL,'a32cd0db-1474-4324-85b3-ee780de32e6a'),(1250,NULL,391,0,0,'2023-09-28',NULL,NULL,NULL,NULL,'a32cd0db-1474-4324-85b3-ee780de32e6a'),(1251,NULL,394,0,0,'2023-10-28',NULL,NULL,NULL,NULL,'a32cd0db-1474-4324-85b3-ee780de32e6a'),(1252,NULL,200,0,0,'2023-08-05',NULL,NULL,NULL,NULL,'50b6f411-ea5b-4e44-9ce2-15334ef2f3a6'),(1253,NULL,200,0,0,'2023-09-05',NULL,NULL,NULL,NULL,'50b6f411-ea5b-4e44-9ce2-15334ef2f3a6'),(1254,NULL,200,0,0,'2023-10-05',NULL,NULL,NULL,NULL,'50b6f411-ea5b-4e44-9ce2-15334ef2f3a6'),(1255,NULL,200,0,0,'2023-11-05',NULL,NULL,NULL,NULL,'50b6f411-ea5b-4e44-9ce2-15334ef2f3a6'),(1256,NULL,200,0,0,'2023-12-05',NULL,NULL,NULL,NULL,'50b6f411-ea5b-4e44-9ce2-15334ef2f3a6'),(1257,NULL,200,0,0,'2024-01-05',NULL,NULL,NULL,NULL,'50b6f411-ea5b-4e44-9ce2-15334ef2f3a6'),(1258,NULL,392,0,0,'2023-11-01',NULL,NULL,NULL,NULL,'ad92021a-5f26-4f00-ae04-988d6c207b7a'),(1259,NULL,311,0,0,'2023-06-28',NULL,NULL,NULL,NULL,'099bc828-c275-45ba-9b20-bacf4f2493aa'),(1260,NULL,311,0,0,'2023-07-28',NULL,NULL,NULL,NULL,'099bc828-c275-45ba-9b20-bacf4f2493aa'),(1261,NULL,311,0,0,'2023-08-28',NULL,NULL,NULL,NULL,'099bc828-c275-45ba-9b20-bacf4f2493aa'),(1262,NULL,311,0,0,'2023-09-28',NULL,NULL,NULL,NULL,'099bc828-c275-45ba-9b20-bacf4f2493aa'),(1263,NULL,314,0,0,'2023-10-28',NULL,NULL,NULL,NULL,'099bc828-c275-45ba-9b20-bacf4f2493aa'),(1264,NULL,327,0,0,'2023-04-16',NULL,NULL,NULL,NULL,'ababb883-2ada-42bd-8ef5-545e0fc4e3a1'),(1265,NULL,327,0,0,'2023-05-16',NULL,NULL,NULL,NULL,'ababb883-2ada-42bd-8ef5-545e0fc4e3a1'),(1266,NULL,327,0,0,'2023-06-16',NULL,NULL,NULL,NULL,'ababb883-2ada-42bd-8ef5-545e0fc4e3a1'),(1267,NULL,327,0,0,'2023-07-16',NULL,NULL,NULL,NULL,'ababb883-2ada-42bd-8ef5-545e0fc4e3a1'),(1268,NULL,327,0,0,'2023-08-16',NULL,NULL,NULL,NULL,'ababb883-2ada-42bd-8ef5-545e0fc4e3a1'),(1269,NULL,327,0,0,'2023-09-16',NULL,NULL,NULL,NULL,'ababb883-2ada-42bd-8ef5-545e0fc4e3a1'),(1270,NULL,327,0,0,'2023-10-16',NULL,NULL,NULL,NULL,'ababb883-2ada-42bd-8ef5-545e0fc4e3a1'),(1271,NULL,327,0,0,'2023-11-16',NULL,NULL,NULL,NULL,'ababb883-2ada-42bd-8ef5-545e0fc4e3a1'),(1272,NULL,328,0,0,'2023-12-16',NULL,NULL,NULL,NULL,'ababb883-2ada-42bd-8ef5-545e0fc4e3a1'),(1273,NULL,464,0,0,'2023-06-30',NULL,NULL,NULL,NULL,'37cdb3b8-d989-4a3f-8eb6-d5f325680f69'),(1274,NULL,464,0,0,'2023-07-30',NULL,NULL,NULL,NULL,'37cdb3b8-d989-4a3f-8eb6-d5f325680f69'),(1275,NULL,464,0,0,'2023-08-30',NULL,NULL,NULL,NULL,'37cdb3b8-d989-4a3f-8eb6-d5f325680f69'),(1276,NULL,464,0,0,'2023-09-30',NULL,NULL,NULL,NULL,'37cdb3b8-d989-4a3f-8eb6-d5f325680f69'),(1277,NULL,464,0,0,'2023-10-30',NULL,NULL,NULL,NULL,'37cdb3b8-d989-4a3f-8eb6-d5f325680f69'),(1278,NULL,464,0,0,'2023-11-30',NULL,NULL,NULL,NULL,'37cdb3b8-d989-4a3f-8eb6-d5f325680f69'),(1279,NULL,466,0,0,'2023-12-30',NULL,NULL,NULL,NULL,'37cdb3b8-d989-4a3f-8eb6-d5f325680f69'),(1280,1000041,280,0,280,'2023-07-31',NULL,'2023-08-01 18:45:14',1001,791950,'d5eced24-48fa-45d6-8281-d480569edbc4'),(1281,NULL,280,0,0,'2023-08-31',NULL,NULL,NULL,NULL,'d5eced24-48fa-45d6-8281-d480569edbc4'),(1282,NULL,280,0,0,'2023-09-30',NULL,NULL,NULL,NULL,'d5eced24-48fa-45d6-8281-d480569edbc4'),(1283,NULL,280,0,0,'2023-10-31',NULL,NULL,NULL,NULL,'d5eced24-48fa-45d6-8281-d480569edbc4'),(1284,NULL,280,0,0,'2023-11-30',NULL,NULL,NULL,NULL,'d5eced24-48fa-45d6-8281-d480569edbc4'),(1285,NULL,450,0,0,'2023-08-15',NULL,NULL,NULL,NULL,'3aef084f-11e5-4eee-85b7-af28411771dc'),(1286,NULL,450,0,0,'2023-09-15',NULL,NULL,NULL,NULL,'3aef084f-11e5-4eee-85b7-af28411771dc'),(1287,NULL,450,0,0,'2023-10-15',NULL,NULL,NULL,NULL,'3aef084f-11e5-4eee-85b7-af28411771dc'),(1288,NULL,450,0,0,'2023-11-15',NULL,NULL,NULL,NULL,'3aef084f-11e5-4eee-85b7-af28411771dc'),(1289,NULL,450,0,0,'2023-12-15',NULL,NULL,NULL,NULL,'3aef084f-11e5-4eee-85b7-af28411771dc'),(1290,NULL,450,0,0,'2024-01-15',NULL,NULL,NULL,NULL,'3aef084f-11e5-4eee-85b7-af28411771dc'),(1291,NULL,520,0,0,'2023-06-30',NULL,NULL,NULL,NULL,'9a878188-02f1-4d6c-a00a-1ba6b21c32aa'),(1292,NULL,520,0,0,'2023-07-30',NULL,NULL,NULL,NULL,'9a878188-02f1-4d6c-a00a-1ba6b21c32aa'),(1293,NULL,520,0,0,'2023-08-30',NULL,NULL,NULL,NULL,'9a878188-02f1-4d6c-a00a-1ba6b21c32aa'),(1294,NULL,520,0,0,'2023-09-30',NULL,NULL,NULL,NULL,'9a878188-02f1-4d6c-a00a-1ba6b21c32aa'),(1295,NULL,520,0,0,'2023-10-30',NULL,NULL,NULL,NULL,'9a878188-02f1-4d6c-a00a-1ba6b21c32aa'),(1296,NULL,520,0,0,'2023-11-30',NULL,NULL,NULL,NULL,'9a878188-02f1-4d6c-a00a-1ba6b21c32aa'),(1297,NULL,520,0,0,'2023-12-30',NULL,NULL,NULL,NULL,'9a878188-02f1-4d6c-a00a-1ba6b21c32aa'),(1298,1000031,450,0,450,'2023-08-02',NULL,'2023-08-01 10:34:11',1001,181549,'26d09902-7969-4db6-9f9e-fa9e4f5dabab'),(1299,NULL,450,0,0,'2023-09-02',NULL,NULL,NULL,NULL,'26d09902-7969-4db6-9f9e-fa9e4f5dabab'),(1300,NULL,450,0,0,'2023-10-02',NULL,NULL,NULL,NULL,'26d09902-7969-4db6-9f9e-fa9e4f5dabab'),(1301,NULL,450,0,0,'2023-11-02',NULL,NULL,NULL,NULL,'26d09902-7969-4db6-9f9e-fa9e4f5dabab'),(1302,NULL,450,0,0,'2023-12-02',NULL,NULL,NULL,NULL,'26d09902-7969-4db6-9f9e-fa9e4f5dabab'),(1303,NULL,450,0,0,'2024-01-02',NULL,NULL,NULL,NULL,'26d09902-7969-4db6-9f9e-fa9e4f5dabab'),(1304,NULL,312,0,0,'2023-08-06',NULL,NULL,NULL,NULL,'45c6574a-a429-4029-a71e-cf900809d4be'),(1305,NULL,312,0,0,'2023-09-06',NULL,NULL,NULL,NULL,'45c6574a-a429-4029-a71e-cf900809d4be'),(1306,NULL,312,0,0,'2023-10-06',NULL,NULL,NULL,NULL,'45c6574a-a429-4029-a71e-cf900809d4be'),(1307,NULL,312,0,0,'2023-11-06',NULL,NULL,NULL,NULL,'45c6574a-a429-4029-a71e-cf900809d4be'),(1308,NULL,312,0,0,'2023-12-06',NULL,NULL,NULL,NULL,'45c6574a-a429-4029-a71e-cf900809d4be'),(1309,NULL,315,0,0,'2024-01-06',NULL,NULL,NULL,NULL,'45c6574a-a429-4029-a71e-cf900809d4be'),(1310,NULL,325,0,0,'2023-08-03',NULL,NULL,NULL,NULL,'12c9626c-f7a8-4efc-ae24-e0db908971c4'),(1311,NULL,325,0,0,'2023-09-03',NULL,NULL,NULL,NULL,'12c9626c-f7a8-4efc-ae24-e0db908971c4'),(1312,NULL,325,0,0,'2023-10-03',NULL,NULL,NULL,NULL,'12c9626c-f7a8-4efc-ae24-e0db908971c4'),(1313,NULL,325,0,0,'2023-11-03',NULL,NULL,NULL,NULL,'12c9626c-f7a8-4efc-ae24-e0db908971c4'),(1314,NULL,283,0,0,'2023-08-04',NULL,NULL,NULL,NULL,'26d63314-bdff-4aa5-8496-a6a3f7fe62ff'),(1315,NULL,283,0,0,'2023-09-04',NULL,NULL,NULL,NULL,'26d63314-bdff-4aa5-8496-a6a3f7fe62ff'),(1316,NULL,283,0,0,'2023-10-04',NULL,NULL,NULL,NULL,'26d63314-bdff-4aa5-8496-a6a3f7fe62ff'),(1317,NULL,284,0,0,'2023-11-04',NULL,NULL,NULL,NULL,'26d63314-bdff-4aa5-8496-a6a3f7fe62ff'),(1318,NULL,480,0,0,'2023-06-09',NULL,NULL,NULL,NULL,'e7b4c0ff-2866-4ed8-a88d-12c55291e504'),(1319,NULL,480,0,0,'2023-07-09',NULL,NULL,NULL,NULL,'e7b4c0ff-2866-4ed8-a88d-12c55291e504'),(1320,NULL,480,0,0,'2023-08-09',NULL,NULL,NULL,NULL,'e7b4c0ff-2866-4ed8-a88d-12c55291e504'),(1321,NULL,480,0,0,'2023-09-09',NULL,NULL,NULL,NULL,'e7b4c0ff-2866-4ed8-a88d-12c55291e504'),(1322,NULL,480,0,0,'2023-10-09',NULL,NULL,NULL,NULL,'e7b4c0ff-2866-4ed8-a88d-12c55291e504'),(1323,NULL,480,0,0,'2023-11-09',NULL,NULL,NULL,NULL,'e7b4c0ff-2866-4ed8-a88d-12c55291e504'),(1324,NULL,480,0,0,'2023-12-09',NULL,NULL,NULL,NULL,'e7b4c0ff-2866-4ed8-a88d-12c55291e504'),(1325,NULL,480,0,0,'2024-01-09',NULL,NULL,NULL,NULL,'e7b4c0ff-2866-4ed8-a88d-12c55291e504'),(1326,1000063,350,0,350,'2023-08-02','BI 706510726','2023-08-04 16:07:05',1003,181549,'7a8d78ca-a6cb-482c-a156-5439d57657f4'),(1327,NULL,321,0,0,'2023-08-17',NULL,NULL,NULL,NULL,'7a8d78ca-a6cb-482c-a156-5439d57657f4'),(1328,NULL,321,0,0,'2023-09-02',NULL,NULL,NULL,NULL,'7a8d78ca-a6cb-482c-a156-5439d57657f4'),(1329,NULL,321,0,0,'2023-09-17',NULL,NULL,NULL,NULL,'7a8d78ca-a6cb-482c-a156-5439d57657f4'),(1330,NULL,321,0,0,'2023-10-02',NULL,NULL,NULL,NULL,'7a8d78ca-a6cb-482c-a156-5439d57657f4'),(1331,NULL,321,0,0,'2023-10-17',NULL,NULL,NULL,NULL,'7a8d78ca-a6cb-482c-a156-5439d57657f4'),(1332,NULL,321,0,0,'2023-11-02',NULL,NULL,NULL,NULL,'7a8d78ca-a6cb-482c-a156-5439d57657f4'),(1333,NULL,321,0,0,'2023-11-17',NULL,NULL,NULL,NULL,'7a8d78ca-a6cb-482c-a156-5439d57657f4'),(1334,NULL,321,0,0,'2023-12-02',NULL,NULL,NULL,NULL,'7a8d78ca-a6cb-482c-a156-5439d57657f4'),(1335,NULL,321,0,0,'2023-12-17',NULL,NULL,NULL,NULL,'7a8d78ca-a6cb-482c-a156-5439d57657f4'),(1336,NULL,321,0,0,'2024-01-02',NULL,NULL,NULL,NULL,'7a8d78ca-a6cb-482c-a156-5439d57657f4'),(1337,NULL,321,0,0,'2024-02-17',NULL,NULL,NULL,NULL,'7a8d78ca-a6cb-482c-a156-5439d57657f4'),(1338,NULL,294,0,0,'2024-03-02',NULL,'2023-08-04 16:07:05',NULL,NULL,'7a8d78ca-a6cb-482c-a156-5439d57657f4'),(1339,1000070,320,0,320,'2023-07-30',NULL,'2023-08-05 17:23:30',1001,312965,'b8c9c87c-990d-4235-b61a-580f7b629006'),(1340,NULL,317,0,0,'2023-08-30',NULL,NULL,NULL,NULL,'b8c9c87c-990d-4235-b61a-580f7b629006'),(1341,NULL,317,0,0,'2023-09-30',NULL,NULL,NULL,NULL,'b8c9c87c-990d-4235-b61a-580f7b629006'),(1342,NULL,317,0,0,'2023-10-30',NULL,NULL,NULL,NULL,'b8c9c87c-990d-4235-b61a-580f7b629006'),(1343,NULL,314,0,0,'2023-11-30',NULL,'2023-08-05 17:23:30',NULL,NULL,'b8c9c87c-990d-4235-b61a-580f7b629006'),(1344,1000034,260,0,260,'2023-08-01',NULL,'2023-08-01 15:30:04',1001,181549,'bf52b100-a176-408f-8ff7-66f78b6ef8bf'),(1345,NULL,260,0,0,'2023-08-15',NULL,NULL,NULL,NULL,'bf52b100-a176-408f-8ff7-66f78b6ef8bf'),(1346,NULL,260,0,0,'2023-09-01',NULL,NULL,NULL,NULL,'bf52b100-a176-408f-8ff7-66f78b6ef8bf'),(1347,NULL,260,0,0,'2023-09-15',NULL,NULL,NULL,NULL,'bf52b100-a176-408f-8ff7-66f78b6ef8bf'),(1348,NULL,260,0,0,'2023-10-01',NULL,NULL,NULL,NULL,'bf52b100-a176-408f-8ff7-66f78b6ef8bf'),(1349,NULL,260,0,0,'2023-10-15',NULL,NULL,NULL,NULL,'bf52b100-a176-408f-8ff7-66f78b6ef8bf'),(1350,NULL,260,0,0,'2023-11-01',NULL,NULL,NULL,NULL,'bf52b100-a176-408f-8ff7-66f78b6ef8bf'),(1351,NULL,260,0,0,'2023-11-15',NULL,NULL,NULL,NULL,'bf52b100-a176-408f-8ff7-66f78b6ef8bf'),(1352,NULL,260,0,0,'2023-12-01',NULL,NULL,NULL,NULL,'bf52b100-a176-408f-8ff7-66f78b6ef8bf'),(1353,NULL,260,0,0,'2023-12-15',NULL,NULL,NULL,NULL,'bf52b100-a176-408f-8ff7-66f78b6ef8bf'),(1354,NULL,260,0,0,'2024-01-01',NULL,NULL,NULL,NULL,'bf52b100-a176-408f-8ff7-66f78b6ef8bf'),(1355,NULL,260,0,0,'2024-01-15',NULL,NULL,NULL,NULL,'bf52b100-a176-408f-8ff7-66f78b6ef8bf'),(1356,NULL,260,0,0,'2024-02-01',NULL,NULL,NULL,NULL,'bf52b100-a176-408f-8ff7-66f78b6ef8bf'),(1357,1000025,997.5,0,997.5,'2023-07-28',NULL,'2023-07-28 17:59:00',1001,312965,'4fda499b-6f30-43d0-8c39-7efb61a70199'),(1358,NULL,997.5,0,0,'2023-08-27',NULL,NULL,NULL,NULL,'4fda499b-6f30-43d0-8c39-7efb61a70199'),(1359,1000026,175,0,175,'2023-07-28',NULL,'2023-07-28 18:10:18',1001,312965,'9b1eb6c5-3636-4e80-9c68-a20729186f86'),(1360,1000027,1600,0,1600,'2023-07-28',NULL,'2023-07-28 18:15:43',1001,312965,'21e0df9e-9f88-4297-ba1f-465710a72eb6'),(1361,NULL,1595,0,0,'2023-08-27',NULL,NULL,NULL,NULL,'21e0df9e-9f88-4297-ba1f-465710a72eb6'),(1362,NULL,1595,0,0,'2023-09-11',NULL,NULL,NULL,NULL,'21e0df9e-9f88-4297-ba1f-465710a72eb6'),(1363,1000029,647.5,0,647.5,'2023-07-29',NULL,'2023-07-29 11:56:44',1001,312965,'c5abb6e2-cb66-4936-9c57-68b7bc189964'),(1364,NULL,647.5,0,0,'2023-08-29',NULL,NULL,NULL,NULL,'c5abb6e2-cb66-4936-9c57-68b7bc189964'),(1365,NULL,303,0,0,'2023-06-06',NULL,NULL,NULL,NULL,'b0f96b04-5975-4f5f-b41d-d9b876323456'),(1366,NULL,303,0,0,'2023-07-06',NULL,NULL,NULL,NULL,'b0f96b04-5975-4f5f-b41d-d9b876323456'),(1367,NULL,303,0,0,'2023-08-06',NULL,NULL,NULL,NULL,'b0f96b04-5975-4f5f-b41d-d9b876323456'),(1368,NULL,303,0,0,'2023-09-06',NULL,NULL,NULL,NULL,'b0f96b04-5975-4f5f-b41d-d9b876323456'),(1369,NULL,303,0,0,'2023-10-06',NULL,NULL,NULL,NULL,'b0f96b04-5975-4f5f-b41d-d9b876323456'),(1370,NULL,303,0,0,'2023-11-06',NULL,NULL,NULL,NULL,'b0f96b04-5975-4f5f-b41d-d9b876323456'),(1371,NULL,307,0,0,'2023-12-06',NULL,NULL,NULL,NULL,'b0f96b04-5975-4f5f-b41d-d9b876323456'),(1372,NULL,475,0,0,'2023-08-10',NULL,NULL,NULL,NULL,'b13cef6c-3e03-4025-9cf1-5066f333017e'),(1373,NULL,475,0,0,'2023-09-10',NULL,NULL,NULL,NULL,'b13cef6c-3e03-4025-9cf1-5066f333017e'),(1374,NULL,475,0,0,'2023-10-10',NULL,NULL,NULL,NULL,'b13cef6c-3e03-4025-9cf1-5066f333017e'),(1375,NULL,475,0,0,'2023-11-10',NULL,NULL,NULL,NULL,'b13cef6c-3e03-4025-9cf1-5066f333017e'),(1376,NULL,475,0,0,'2023-12-10',NULL,NULL,NULL,NULL,'b13cef6c-3e03-4025-9cf1-5066f333017e'),(1377,NULL,475,0,0,'2024-01-10',NULL,NULL,NULL,NULL,'b13cef6c-3e03-4025-9cf1-5066f333017e'),(1378,NULL,475,0,0,'2024-02-10',NULL,NULL,NULL,NULL,'b13cef6c-3e03-4025-9cf1-5066f333017e'),(1379,NULL,230,0,0,'2023-08-08',NULL,NULL,NULL,NULL,'c948e9bd-5b88-49c3-9883-52561dcbdb37'),(1380,NULL,350,0,0,'2023-09-09',NULL,NULL,NULL,NULL,'a7bdae8c-a21b-42a4-b0ff-384f0daed350'),(1381,NULL,350,0,0,'2023-10-09',NULL,NULL,NULL,NULL,'a7bdae8c-a21b-42a4-b0ff-384f0daed350'),(1382,NULL,350,0,0,'2023-11-09',NULL,NULL,NULL,NULL,'a7bdae8c-a21b-42a4-b0ff-384f0daed350'),(1383,NULL,350,0,0,'2023-12-09',NULL,NULL,NULL,NULL,'a7bdae8c-a21b-42a4-b0ff-384f0daed350'),(1384,1000060,250,0,250,'2023-08-14',NULL,'2023-08-04 11:38:47',1001,181549,'a55425f9-088e-4143-912d-e5432721bfbd'),(1385,1000094,250,0,250,'2023-08-21',NULL,'2023-08-11 10:43:46',1001,791950,'a55425f9-088e-4143-912d-e5432721bfbd'),(1386,NULL,250,0,0,'2023-08-28',NULL,NULL,NULL,NULL,'a55425f9-088e-4143-912d-e5432721bfbd'),(1387,NULL,250,0,0,'2023-09-04',NULL,NULL,NULL,NULL,'a55425f9-088e-4143-912d-e5432721bfbd'),(1388,NULL,250,0,0,'2023-09-11',NULL,NULL,NULL,NULL,'a55425f9-088e-4143-912d-e5432721bfbd'),(1389,NULL,250,0,0,'2023-09-18',NULL,NULL,NULL,NULL,'a55425f9-088e-4143-912d-e5432721bfbd'),(1390,NULL,250,0,0,'2023-09-25',NULL,NULL,NULL,NULL,'a55425f9-088e-4143-912d-e5432721bfbd'),(1391,NULL,250,0,0,'2023-10-02',NULL,NULL,NULL,NULL,'a55425f9-088e-4143-912d-e5432721bfbd'),(1392,NULL,250,0,0,'2023-10-09',NULL,NULL,NULL,NULL,'a55425f9-088e-4143-912d-e5432721bfbd'),(1393,NULL,250,0,0,'2023-10-16',NULL,NULL,NULL,NULL,'a55425f9-088e-4143-912d-e5432721bfbd'),(1394,NULL,250,0,0,'2023-10-23',NULL,NULL,NULL,NULL,'a55425f9-088e-4143-912d-e5432721bfbd'),(1395,NULL,250,0,0,'2023-10-30',NULL,NULL,NULL,NULL,'a55425f9-088e-4143-912d-e5432721bfbd'),(1396,NULL,250,0,0,'2023-11-06',NULL,NULL,NULL,NULL,'a55425f9-088e-4143-912d-e5432721bfbd'),(1397,NULL,250,0,0,'2023-11-13',NULL,NULL,NULL,NULL,'a55425f9-088e-4143-912d-e5432721bfbd'),(1398,NULL,250,0,0,'2023-11-20',NULL,NULL,NULL,NULL,'a55425f9-088e-4143-912d-e5432721bfbd'),(1399,NULL,250,0,0,'2023-11-27',NULL,NULL,NULL,NULL,'a55425f9-088e-4143-912d-e5432721bfbd'),(1400,NULL,250,0,0,'2023-12-04',NULL,NULL,NULL,NULL,'a55425f9-088e-4143-912d-e5432721bfbd'),(1401,NULL,250,0,0,'2023-12-11',NULL,NULL,NULL,NULL,'a55425f9-088e-4143-912d-e5432721bfbd'),(1402,NULL,250,0,0,'2023-12-18',NULL,NULL,NULL,NULL,'a55425f9-088e-4143-912d-e5432721bfbd'),(1403,NULL,250,0,0,'2023-12-25',NULL,NULL,NULL,NULL,'a55425f9-088e-4143-912d-e5432721bfbd'),(1404,NULL,250,0,0,'2024-01-01',NULL,NULL,NULL,NULL,'a55425f9-088e-4143-912d-e5432721bfbd'),(1405,NULL,250,0,0,'2024-01-08',NULL,NULL,NULL,NULL,'a55425f9-088e-4143-912d-e5432721bfbd'),(1406,NULL,393,0,0,'2023-08-20',NULL,NULL,NULL,NULL,'5701005d-dae2-4c11-9800-1ce87835de55'),(1407,NULL,393,0,0,'2023-09-20',NULL,NULL,NULL,NULL,'5701005d-dae2-4c11-9800-1ce87835de55'),(1408,NULL,393,0,0,'2023-10-20',NULL,NULL,NULL,NULL,'5701005d-dae2-4c11-9800-1ce87835de55'),(1409,NULL,393,0,0,'2023-11-20',NULL,NULL,NULL,NULL,'5701005d-dae2-4c11-9800-1ce87835de55'),(1410,NULL,393,0,0,'2023-12-20',NULL,NULL,NULL,NULL,'5701005d-dae2-4c11-9800-1ce87835de55'),(1411,1000074,335,0,335,'2023-07-01',NULL,'2023-08-07 10:09:44',1001,312965,'d401cc8a-abe1-4a1a-b500-8e6a6d2f7eb4'),(1412,NULL,335,0,0,'2023-08-01',NULL,NULL,NULL,NULL,'d401cc8a-abe1-4a1a-b500-8e6a6d2f7eb4'),(1413,NULL,335,0,0,'2023-09-01',NULL,NULL,NULL,NULL,'d401cc8a-abe1-4a1a-b500-8e6a6d2f7eb4'),(1414,NULL,335,0,0,'2023-10-01',NULL,NULL,NULL,NULL,'d401cc8a-abe1-4a1a-b500-8e6a6d2f7eb4'),(1415,NULL,335,0,0,'2023-11-01',NULL,NULL,NULL,NULL,'d401cc8a-abe1-4a1a-b500-8e6a6d2f7eb4'),(1416,NULL,335,0,0,'2023-12-01',NULL,NULL,NULL,NULL,'d401cc8a-abe1-4a1a-b500-8e6a6d2f7eb4'),(1417,NULL,335,0,0,'2024-01-01',NULL,NULL,NULL,NULL,'d401cc8a-abe1-4a1a-b500-8e6a6d2f7eb4'),(1418,NULL,335,0,0,'2024-02-01',NULL,NULL,NULL,NULL,'d401cc8a-abe1-4a1a-b500-8e6a6d2f7eb4'),(1419,NULL,350,0,0,'2023-08-10',NULL,NULL,NULL,NULL,'0e67b5f7-08ee-4376-b1cb-ae98c5a0fea2'),(1420,NULL,350,0,0,'2023-09-10',NULL,NULL,NULL,NULL,'0e67b5f7-08ee-4376-b1cb-ae98c5a0fea2'),(1421,NULL,350,0,0,'2023-10-10',NULL,NULL,NULL,NULL,'0e67b5f7-08ee-4376-b1cb-ae98c5a0fea2'),(1422,NULL,350,0,0,'2023-11-10',NULL,NULL,NULL,NULL,'0e67b5f7-08ee-4376-b1cb-ae98c5a0fea2'),(1423,NULL,350,0,0,'2023-12-10',NULL,NULL,NULL,NULL,'0e67b5f7-08ee-4376-b1cb-ae98c5a0fea2'),(1424,NULL,350,0,0,'2024-01-10',NULL,NULL,NULL,NULL,'0e67b5f7-08ee-4376-b1cb-ae98c5a0fea2'),(1425,NULL,460,0,0,'2023-08-10',NULL,NULL,NULL,NULL,'e39598bb-873e-4ff5-8fdf-5a6867cca83a'),(1426,NULL,460,0,0,'2023-09-10',NULL,NULL,NULL,NULL,'e39598bb-873e-4ff5-8fdf-5a6867cca83a'),(1427,NULL,460,0,0,'2023-10-10',NULL,NULL,NULL,NULL,'e39598bb-873e-4ff5-8fdf-5a6867cca83a'),(1428,NULL,460,0,0,'2023-11-10',NULL,NULL,NULL,NULL,'e39598bb-873e-4ff5-8fdf-5a6867cca83a'),(1429,NULL,460,0,0,'2023-12-10',NULL,NULL,NULL,NULL,'e39598bb-873e-4ff5-8fdf-5a6867cca83a'),(1430,NULL,460,0,0,'2024-01-10',NULL,NULL,NULL,NULL,'e39598bb-873e-4ff5-8fdf-5a6867cca83a'),(1431,NULL,550,0,0,'2023-07-03',NULL,NULL,NULL,NULL,'fe719d02-a9e3-42bc-afcc-137d8efad299'),(1432,NULL,550,0,0,'2023-08-03',NULL,NULL,NULL,NULL,'fe719d02-a9e3-42bc-afcc-137d8efad299'),(1433,NULL,550,0,0,'2023-09-03',NULL,NULL,NULL,NULL,'fe719d02-a9e3-42bc-afcc-137d8efad299'),(1434,NULL,550,0,0,'2023-10-03',NULL,NULL,NULL,NULL,'fe719d02-a9e3-42bc-afcc-137d8efad299'),(1435,NULL,550,0,0,'2023-11-03',NULL,NULL,NULL,NULL,'fe719d02-a9e3-42bc-afcc-137d8efad299'),(1436,NULL,216,0,0,'2023-08-16',NULL,NULL,NULL,NULL,'4212277a-e7d2-42f0-a3ae-785095806a75'),(1437,NULL,216,0,0,'2023-09-16',NULL,NULL,NULL,NULL,'4212277a-e7d2-42f0-a3ae-785095806a75'),(1438,NULL,216,0,0,'2023-10-16',NULL,NULL,NULL,NULL,'4212277a-e7d2-42f0-a3ae-785095806a75'),(1439,NULL,216,0,0,'2023-11-16',NULL,NULL,NULL,NULL,'4212277a-e7d2-42f0-a3ae-785095806a75'),(1440,NULL,216,0,0,'2023-12-16',NULL,NULL,NULL,NULL,'4212277a-e7d2-42f0-a3ae-785095806a75'),(1441,NULL,219,0,0,'2024-01-16',NULL,NULL,NULL,NULL,'4212277a-e7d2-42f0-a3ae-785095806a75'),(1442,NULL,392,0,0,'2023-07-15',NULL,NULL,NULL,NULL,'67bbaa9f-a54a-4870-b152-5dd899d3ef3b'),(1443,NULL,392,0,0,'2023-08-15',NULL,NULL,NULL,NULL,'67bbaa9f-a54a-4870-b152-5dd899d3ef3b'),(1444,NULL,392,0,0,'2023-09-15',NULL,NULL,NULL,NULL,'67bbaa9f-a54a-4870-b152-5dd899d3ef3b'),(1445,NULL,392,0,0,'2023-10-15',NULL,NULL,NULL,NULL,'67bbaa9f-a54a-4870-b152-5dd899d3ef3b'),(1446,NULL,392,0,0,'2023-11-15',NULL,NULL,NULL,NULL,'67bbaa9f-a54a-4870-b152-5dd899d3ef3b'),(1447,NULL,392,0,0,'2023-12-15',NULL,NULL,NULL,NULL,'67bbaa9f-a54a-4870-b152-5dd899d3ef3b'),(1448,NULL,398,0,0,'2024-01-15',NULL,NULL,NULL,NULL,'67bbaa9f-a54a-4870-b152-5dd899d3ef3b'),(1449,NULL,400,0,0,'2023-10-15',NULL,NULL,NULL,NULL,'60164e04-295c-46db-90af-045858c8ab58'),(1450,NULL,400,0,0,'2023-11-15',NULL,NULL,NULL,NULL,'60164e04-295c-46db-90af-045858c8ab58'),(1451,NULL,360,0,0,'2023-08-12',NULL,NULL,NULL,NULL,'0e69edc8-fbcf-48ab-b95d-578ec75dbc6f'),(1452,NULL,360,0,0,'2023-09-12',NULL,NULL,NULL,NULL,'0e69edc8-fbcf-48ab-b95d-578ec75dbc6f'),(1453,NULL,360,0,0,'2023-10-12',NULL,NULL,NULL,NULL,'0e69edc8-fbcf-48ab-b95d-578ec75dbc6f'),(1454,NULL,360,0,0,'2023-11-12',NULL,NULL,NULL,NULL,'0e69edc8-fbcf-48ab-b95d-578ec75dbc6f'),(1455,NULL,360,0,0,'2023-12-12',NULL,NULL,NULL,NULL,'0e69edc8-fbcf-48ab-b95d-578ec75dbc6f'),(1456,NULL,360,0,0,'2024-01-12',NULL,NULL,NULL,NULL,'0e69edc8-fbcf-48ab-b95d-578ec75dbc6f'),(1457,NULL,395,0,0,'2023-12-18',NULL,NULL,NULL,NULL,'e52062b1-7f6c-4fa5-9797-3cbd4816ac2b'),(1458,NULL,395,0,0,'2023-09-18',NULL,NULL,NULL,NULL,'e52062b1-7f6c-4fa5-9797-3cbd4816ac2b'),(1459,NULL,395,0,0,'2023-10-18',NULL,NULL,NULL,NULL,'e52062b1-7f6c-4fa5-9797-3cbd4816ac2b'),(1460,NULL,395,0,0,'2023-11-18',NULL,NULL,NULL,NULL,'e52062b1-7f6c-4fa5-9797-3cbd4816ac2b'),(1461,NULL,395,0,0,'2023-08-18',NULL,NULL,NULL,NULL,'e52062b1-7f6c-4fa5-9797-3cbd4816ac2b'),(1462,NULL,395,0,0,'2024-01-18',NULL,NULL,NULL,NULL,'e52062b1-7f6c-4fa5-9797-3cbd4816ac2b'),(1463,1000085,320,0,320,'2023-06-19',NULL,'2023-08-07 16:19:05',1001,791950,'20a541ed-fc5f-4d32-8ecc-8084ee389268'),(1464,NULL,251,0,0,'2023-07-19',NULL,NULL,NULL,NULL,'20a541ed-fc5f-4d32-8ecc-8084ee389268'),(1465,NULL,251,0,0,'2023-08-19',NULL,NULL,NULL,NULL,'20a541ed-fc5f-4d32-8ecc-8084ee389268'),(1466,NULL,251,0,0,'2023-09-19',NULL,NULL,NULL,NULL,'20a541ed-fc5f-4d32-8ecc-8084ee389268'),(1467,NULL,251,0,0,'2023-10-19',NULL,NULL,NULL,NULL,'20a541ed-fc5f-4d32-8ecc-8084ee389268'),(1468,NULL,251,0,0,'2023-11-19',NULL,NULL,NULL,NULL,'20a541ed-fc5f-4d32-8ecc-8084ee389268'),(1469,NULL,251,0,0,'2023-12-19',NULL,NULL,NULL,NULL,'20a541ed-fc5f-4d32-8ecc-8084ee389268'),(1470,NULL,189,0,0,'2024-01-19',NULL,'2023-08-07 16:19:05',NULL,NULL,'20a541ed-fc5f-4d32-8ecc-8084ee389268'),(1471,1000050,470,0,470,'2023-07-25',NULL,'2023-08-03 10:33:56',1001,791950,'2e4706a9-b198-491f-8422-8821f67a4cab'),(1472,NULL,470,0,0,'2023-08-25',NULL,NULL,NULL,NULL,'2e4706a9-b198-491f-8422-8821f67a4cab'),(1473,NULL,470,0,0,'2023-09-25',NULL,NULL,NULL,NULL,'2e4706a9-b198-491f-8422-8821f67a4cab'),(1474,NULL,470,0,0,'2023-10-25',NULL,NULL,NULL,NULL,'2e4706a9-b198-491f-8422-8821f67a4cab'),(1475,NULL,470,0,0,'2023-11-25',NULL,NULL,NULL,NULL,'2e4706a9-b198-491f-8422-8821f67a4cab'),(1476,NULL,470,0,0,'2023-12-25',NULL,NULL,NULL,NULL,'2e4706a9-b198-491f-8422-8821f67a4cab'),(1477,NULL,470,0,0,'2024-01-25',NULL,NULL,NULL,NULL,'2e4706a9-b198-491f-8422-8821f67a4cab'),(1478,NULL,470,0,0,'2024-02-25',NULL,NULL,NULL,NULL,'2e4706a9-b198-491f-8422-8821f67a4cab'),(1479,NULL,470,0,0,'2024-03-25',NULL,NULL,NULL,NULL,'2e4706a9-b198-491f-8422-8821f67a4cab'),(1480,NULL,362,0,0,'2023-07-15',NULL,NULL,NULL,NULL,'7c33aef5-d6e5-453f-b81b-d5112f906085'),(1481,NULL,362,0,0,'2023-08-15',NULL,NULL,NULL,NULL,'7c33aef5-d6e5-453f-b81b-d5112f906085'),(1482,NULL,362,0,0,'2023-09-15',NULL,NULL,NULL,NULL,'7c33aef5-d6e5-453f-b81b-d5112f906085'),(1483,NULL,362,0,0,'2023-10-15',NULL,NULL,NULL,NULL,'7c33aef5-d6e5-453f-b81b-d5112f906085'),(1484,NULL,362,0,0,'2023-11-15',NULL,NULL,NULL,NULL,'7c33aef5-d6e5-453f-b81b-d5112f906085'),(1485,NULL,362,0,0,'2023-12-15',NULL,NULL,NULL,NULL,'7c33aef5-d6e5-453f-b81b-d5112f906085'),(1486,NULL,362,0,0,'2024-01-15',NULL,NULL,NULL,NULL,'7c33aef5-d6e5-453f-b81b-d5112f906085'),(1487,NULL,362,0,0,'2024-02-15',NULL,NULL,NULL,NULL,'7c33aef5-d6e5-453f-b81b-d5112f906085'),(1488,NULL,364,0,0,'2024-03-15',NULL,NULL,NULL,NULL,'7c33aef5-d6e5-453f-b81b-d5112f906085'),(1489,NULL,355,0,0,'2023-07-29',NULL,NULL,NULL,NULL,'8b8e6cc0-a623-4378-93be-dbb909cb5a28'),(1490,NULL,355,0,0,'2023-08-29',NULL,NULL,NULL,NULL,'8b8e6cc0-a623-4378-93be-dbb909cb5a28'),(1491,NULL,355,0,0,'2023-09-29',NULL,NULL,NULL,NULL,'8b8e6cc0-a623-4378-93be-dbb909cb5a28'),(1492,NULL,355,0,0,'2023-10-29',NULL,NULL,NULL,NULL,'8b8e6cc0-a623-4378-93be-dbb909cb5a28'),(1493,NULL,355,0,0,'2023-11-29',NULL,NULL,NULL,NULL,'8b8e6cc0-a623-4378-93be-dbb909cb5a28'),(1494,NULL,355,0,0,'2023-12-29',NULL,NULL,NULL,NULL,'8b8e6cc0-a623-4378-93be-dbb909cb5a28'),(1495,NULL,355,0,0,'2024-01-29',NULL,NULL,NULL,NULL,'8b8e6cc0-a623-4378-93be-dbb909cb5a28'),(1496,NULL,270,0,0,'2023-07-30',NULL,NULL,NULL,NULL,'84f0a30e-63f4-4145-8de2-1115e765ab0d'),(1497,NULL,270,0,0,'2023-08-30',NULL,NULL,NULL,NULL,'84f0a30e-63f4-4145-8de2-1115e765ab0d'),(1498,NULL,270,0,0,'2023-09-30',NULL,NULL,NULL,NULL,'84f0a30e-63f4-4145-8de2-1115e765ab0d'),(1499,NULL,270,0,0,'2023-10-30',NULL,NULL,NULL,NULL,'84f0a30e-63f4-4145-8de2-1115e765ab0d'),(1500,NULL,270,0,0,'2023-11-30',NULL,NULL,NULL,NULL,'84f0a30e-63f4-4145-8de2-1115e765ab0d'),(1501,NULL,270,0,0,'2023-12-30',NULL,NULL,NULL,NULL,'84f0a30e-63f4-4145-8de2-1115e765ab0d'),(1502,NULL,270,0,0,'2024-01-30',NULL,NULL,NULL,NULL,'84f0a30e-63f4-4145-8de2-1115e765ab0d'),(1503,NULL,391,0,0,'2023-08-17',NULL,NULL,NULL,NULL,'46a25822-4596-44eb-a6b9-cb1e8b6faaf4'),(1504,NULL,391,0,0,'2023-09-17',NULL,NULL,NULL,NULL,'46a25822-4596-44eb-a6b9-cb1e8b6faaf4'),(1505,NULL,391,0,0,'2023-10-17',NULL,NULL,NULL,NULL,'46a25822-4596-44eb-a6b9-cb1e8b6faaf4'),(1506,NULL,391,0,0,'2023-11-17',NULL,NULL,NULL,NULL,'46a25822-4596-44eb-a6b9-cb1e8b6faaf4'),(1507,NULL,391,0,0,'2023-12-17',NULL,NULL,NULL,NULL,'46a25822-4596-44eb-a6b9-cb1e8b6faaf4'),(1508,NULL,391,0,0,'2024-01-17',NULL,NULL,NULL,NULL,'46a25822-4596-44eb-a6b9-cb1e8b6faaf4'),(1509,NULL,391,0,0,'2024-02-17',NULL,NULL,NULL,NULL,'46a25822-4596-44eb-a6b9-cb1e8b6faaf4'),(1510,NULL,391,0,0,'2024-03-17',NULL,NULL,NULL,NULL,'46a25822-4596-44eb-a6b9-cb1e8b6faaf4'),(1511,NULL,392,0,0,'2024-04-17',NULL,NULL,NULL,NULL,'46a25822-4596-44eb-a6b9-cb1e8b6faaf4'),(1512,NULL,530,0,0,'2023-08-03',NULL,NULL,NULL,NULL,'03969ccf-3eda-4500-b79c-013b7c029029'),(1513,NULL,530,0,0,'2023-09-03',NULL,NULL,NULL,NULL,'03969ccf-3eda-4500-b79c-013b7c029029'),(1514,NULL,530,0,0,'2023-10-03',NULL,NULL,NULL,NULL,'03969ccf-3eda-4500-b79c-013b7c029029'),(1515,NULL,530,0,0,'2023-11-03',NULL,NULL,NULL,NULL,'03969ccf-3eda-4500-b79c-013b7c029029'),(1516,NULL,530,0,0,'2023-12-03',NULL,NULL,NULL,NULL,'03969ccf-3eda-4500-b79c-013b7c029029'),(1517,NULL,530,0,0,'2024-01-03',NULL,NULL,NULL,NULL,'03969ccf-3eda-4500-b79c-013b7c029029'),(1518,NULL,530,0,0,'2024-02-03',NULL,NULL,NULL,NULL,'03969ccf-3eda-4500-b79c-013b7c029029'),(1519,NULL,530,0,0,'2024-03-03',NULL,NULL,NULL,NULL,'03969ccf-3eda-4500-b79c-013b7c029029'),(1520,NULL,530,0,0,'2024-04-03',NULL,NULL,NULL,NULL,'03969ccf-3eda-4500-b79c-013b7c029029'),(1521,1000075,257,0,250,'2023-07-04',NULL,'2023-08-07 10:32:41',1001,312965,'01b7e79a-9e6e-45fa-a4f2-dd2b2574bc95'),(1522,NULL,257,0,0,'2023-08-04',NULL,NULL,NULL,NULL,'01b7e79a-9e6e-45fa-a4f2-dd2b2574bc95'),(1523,NULL,257,0,0,'2023-09-04',NULL,NULL,NULL,NULL,'01b7e79a-9e6e-45fa-a4f2-dd2b2574bc95'),(1524,NULL,257,0,0,'2023-10-04',NULL,NULL,NULL,NULL,'01b7e79a-9e6e-45fa-a4f2-dd2b2574bc95'),(1525,NULL,257,0,0,'2023-11-04',NULL,NULL,NULL,NULL,'01b7e79a-9e6e-45fa-a4f2-dd2b2574bc95'),(1526,NULL,257,0,0,'2023-12-04',NULL,NULL,NULL,NULL,'01b7e79a-9e6e-45fa-a4f2-dd2b2574bc95'),(1527,NULL,257,0,0,'2024-01-04',NULL,NULL,NULL,NULL,'01b7e79a-9e6e-45fa-a4f2-dd2b2574bc95'),(1528,NULL,261,0,0,'2024-02-04',NULL,NULL,NULL,NULL,'01b7e79a-9e6e-45fa-a4f2-dd2b2574bc95'),(1529,1000058,510,0,510,'2023-07-06',NULL,'2023-08-03 15:30:09',1001,791950,'bb04504e-1cfb-4cc1-ac63-c1e765b05635'),(1530,NULL,481,0,0,'2023-08-06',NULL,NULL,NULL,NULL,'bb04504e-1cfb-4cc1-ac63-c1e765b05635'),(1531,NULL,481,0,0,'2023-09-06',NULL,NULL,NULL,NULL,'bb04504e-1cfb-4cc1-ac63-c1e765b05635'),(1532,NULL,481,0,0,'2023-10-06',NULL,NULL,NULL,NULL,'bb04504e-1cfb-4cc1-ac63-c1e765b05635'),(1533,NULL,481,0,0,'2023-11-06',NULL,NULL,NULL,NULL,'bb04504e-1cfb-4cc1-ac63-c1e765b05635'),(1534,NULL,481,0,0,'2023-12-06',NULL,NULL,NULL,NULL,'bb04504e-1cfb-4cc1-ac63-c1e765b05635'),(1535,NULL,481,0,0,'2024-01-06',NULL,NULL,NULL,NULL,'bb04504e-1cfb-4cc1-ac63-c1e765b05635'),(1536,NULL,481,0,0,'2024-02-06',NULL,NULL,NULL,NULL,'bb04504e-1cfb-4cc1-ac63-c1e765b05635'),(1537,NULL,481,0,0,'2024-03-06',NULL,NULL,NULL,NULL,'bb04504e-1cfb-4cc1-ac63-c1e765b05635'),(1538,NULL,452,0,0,'2024-04-06',NULL,'2023-08-03 15:30:09',NULL,NULL,'bb04504e-1cfb-4cc1-ac63-c1e765b05635'),(1539,NULL,250,0,0,'2023-07-06',NULL,NULL,NULL,NULL,'a2294ab3-0ab2-4d8d-9b6e-9a02ec98763d'),(1540,NULL,250,0,0,'2023-08-06',NULL,NULL,NULL,NULL,'a2294ab3-0ab2-4d8d-9b6e-9a02ec98763d'),(1541,NULL,250,0,0,'2023-09-06',NULL,NULL,NULL,NULL,'a2294ab3-0ab2-4d8d-9b6e-9a02ec98763d'),(1542,NULL,250,0,0,'2023-10-06',NULL,NULL,NULL,NULL,'a2294ab3-0ab2-4d8d-9b6e-9a02ec98763d'),(1543,NULL,250,0,0,'2023-11-06',NULL,NULL,NULL,NULL,'a2294ab3-0ab2-4d8d-9b6e-9a02ec98763d'),(1544,NULL,250,0,0,'2023-12-06',NULL,NULL,NULL,NULL,'a2294ab3-0ab2-4d8d-9b6e-9a02ec98763d'),(1545,NULL,250,0,0,'2024-01-06',NULL,NULL,NULL,NULL,'a2294ab3-0ab2-4d8d-9b6e-9a02ec98763d'),(1546,NULL,250,0,0,'2024-02-06',NULL,NULL,NULL,NULL,'a2294ab3-0ab2-4d8d-9b6e-9a02ec98763d'),(1547,NULL,393,0,0,'2023-07-06',NULL,NULL,NULL,NULL,'a00bea4f-d6de-4fc8-8397-c2abb7177733'),(1548,NULL,393,0,0,'2023-08-06',NULL,NULL,NULL,NULL,'a00bea4f-d6de-4fc8-8397-c2abb7177733'),(1549,NULL,393,0,0,'2023-09-06',NULL,NULL,NULL,NULL,'a00bea4f-d6de-4fc8-8397-c2abb7177733'),(1550,NULL,393,0,0,'2023-10-06',NULL,NULL,NULL,NULL,'a00bea4f-d6de-4fc8-8397-c2abb7177733'),(1551,NULL,393,0,0,'2023-11-06',NULL,NULL,NULL,NULL,'a00bea4f-d6de-4fc8-8397-c2abb7177733'),(1552,NULL,393,0,0,'2023-12-06',NULL,NULL,NULL,NULL,'a00bea4f-d6de-4fc8-8397-c2abb7177733'),(1553,NULL,393,0,0,'2024-01-06',NULL,NULL,NULL,NULL,'a00bea4f-d6de-4fc8-8397-c2abb7177733'),(1554,NULL,399,0,0,'2024-02-06',NULL,NULL,NULL,NULL,'a00bea4f-d6de-4fc8-8397-c2abb7177733'),(1555,1000030,310,0,155,'2023-08-15',NULL,'2023-07-31 15:54:31',1001,181549,'8662a6fb-7ed7-41fd-89d8-50da481bc70e'),(1556,NULL,310,0,0,'2023-09-15',NULL,NULL,NULL,NULL,'8662a6fb-7ed7-41fd-89d8-50da481bc70e'),(1557,NULL,310,0,0,'2023-10-15',NULL,NULL,NULL,NULL,'8662a6fb-7ed7-41fd-89d8-50da481bc70e'),(1558,NULL,310,0,0,'2023-11-15',NULL,NULL,NULL,NULL,'8662a6fb-7ed7-41fd-89d8-50da481bc70e'),(1559,NULL,310,0,0,'2023-12-15',NULL,NULL,NULL,NULL,'8662a6fb-7ed7-41fd-89d8-50da481bc70e'),(1560,NULL,310,0,0,'2024-01-15',NULL,NULL,NULL,NULL,'8662a6fb-7ed7-41fd-89d8-50da481bc70e'),(1561,NULL,310,0,0,'2024-02-15',NULL,NULL,NULL,NULL,'8662a6fb-7ed7-41fd-89d8-50da481bc70e'),(1562,NULL,270,0,0,'2023-07-15',NULL,NULL,NULL,NULL,'249c5e70-aa95-4584-b196-6129a2163b9b'),(1563,NULL,270,0,0,'2023-08-15',NULL,NULL,NULL,NULL,'249c5e70-aa95-4584-b196-6129a2163b9b'),(1564,NULL,270,0,0,'2023-09-15',NULL,NULL,NULL,NULL,'249c5e70-aa95-4584-b196-6129a2163b9b'),(1565,NULL,270,0,0,'2023-10-15',NULL,NULL,NULL,NULL,'249c5e70-aa95-4584-b196-6129a2163b9b'),(1566,NULL,270,0,0,'2023-11-15',NULL,NULL,NULL,NULL,'249c5e70-aa95-4584-b196-6129a2163b9b'),(1567,NULL,270,0,0,'2023-12-15',NULL,NULL,NULL,NULL,'249c5e70-aa95-4584-b196-6129a2163b9b'),(1568,NULL,325,0,0,'2023-07-01',NULL,NULL,NULL,NULL,'9bd92cdf-25bb-402f-bb2d-4a87e29ec06f'),(1569,NULL,325,0,0,'2023-07-16',NULL,NULL,NULL,NULL,'9bd92cdf-25bb-402f-bb2d-4a87e29ec06f'),(1570,NULL,325,0,0,'2023-08-01',NULL,NULL,NULL,NULL,'9bd92cdf-25bb-402f-bb2d-4a87e29ec06f'),(1571,NULL,325,0,0,'2023-08-16',NULL,NULL,NULL,NULL,'9bd92cdf-25bb-402f-bb2d-4a87e29ec06f'),(1572,NULL,325,0,0,'2023-09-01',NULL,NULL,NULL,NULL,'9bd92cdf-25bb-402f-bb2d-4a87e29ec06f'),(1573,NULL,325,0,0,'2023-09-16',NULL,NULL,NULL,NULL,'9bd92cdf-25bb-402f-bb2d-4a87e29ec06f'),(1574,NULL,325,0,0,'2023-10-01',NULL,NULL,NULL,NULL,'9bd92cdf-25bb-402f-bb2d-4a87e29ec06f'),(1575,NULL,325,0,0,'2023-10-16',NULL,NULL,NULL,NULL,'9bd92cdf-25bb-402f-bb2d-4a87e29ec06f'),(1576,NULL,325,0,0,'2023-11-01',NULL,NULL,NULL,NULL,'9bd92cdf-25bb-402f-bb2d-4a87e29ec06f'),(1577,NULL,325,0,0,'2023-11-16',NULL,NULL,NULL,NULL,'9bd92cdf-25bb-402f-bb2d-4a87e29ec06f'),(1578,NULL,325,0,0,'2023-12-01',NULL,NULL,NULL,NULL,'9bd92cdf-25bb-402f-bb2d-4a87e29ec06f'),(1579,NULL,325,0,0,'2023-12-16',NULL,NULL,NULL,NULL,'9bd92cdf-25bb-402f-bb2d-4a87e29ec06f'),(1580,NULL,325,0,0,'2024-01-01',NULL,NULL,NULL,NULL,'9bd92cdf-25bb-402f-bb2d-4a87e29ec06f'),(1581,NULL,325,0,0,'2024-01-16',NULL,NULL,NULL,NULL,'9bd92cdf-25bb-402f-bb2d-4a87e29ec06f'),(1582,NULL,325,0,0,'2024-02-01',NULL,NULL,NULL,NULL,'9bd92cdf-25bb-402f-bb2d-4a87e29ec06f'),(1583,NULL,325,0,0,'2024-02-16',NULL,NULL,NULL,NULL,'9bd92cdf-25bb-402f-bb2d-4a87e29ec06f'),(1584,NULL,325,0,0,'2024-03-01',NULL,NULL,NULL,NULL,'9bd92cdf-25bb-402f-bb2d-4a87e29ec06f'),(1585,NULL,325,0,0,'2024-03-16',NULL,NULL,NULL,NULL,'9bd92cdf-25bb-402f-bb2d-4a87e29ec06f'),(1586,NULL,325,0,0,'2024-04-01',NULL,NULL,NULL,NULL,'9bd92cdf-25bb-402f-bb2d-4a87e29ec06f'),(1587,NULL,325,0,0,'2024-04-16',NULL,NULL,NULL,NULL,'9bd92cdf-25bb-402f-bb2d-4a87e29ec06f'),(1588,NULL,230,0,0,'2023-08-16',NULL,NULL,NULL,NULL,'f30e4bb5-dfed-43e2-b08a-8d007d87558c'),(1589,NULL,230,0,0,'2023-09-16',NULL,NULL,NULL,NULL,'f30e4bb5-dfed-43e2-b08a-8d007d87558c'),(1590,NULL,230,0,0,'2023-10-16',NULL,NULL,NULL,NULL,'f30e4bb5-dfed-43e2-b08a-8d007d87558c'),(1591,NULL,230,0,0,'2023-11-16',NULL,NULL,NULL,NULL,'f30e4bb5-dfed-43e2-b08a-8d007d87558c'),(1592,NULL,230,0,0,'2023-12-16',NULL,NULL,NULL,NULL,'f30e4bb5-dfed-43e2-b08a-8d007d87558c'),(1593,NULL,230,0,0,'2024-01-16',NULL,NULL,NULL,NULL,'f30e4bb5-dfed-43e2-b08a-8d007d87558c'),(1594,NULL,230,0,0,'2024-02-16',NULL,NULL,NULL,NULL,'f30e4bb5-dfed-43e2-b08a-8d007d87558c'),(1595,1000040,400,0,400,'2023-07-17',NULL,'2023-08-01 18:44:11',1003,791950,'94f65452-ba8a-4a79-b21d-aec1b15f0841'),(1596,1000073,630,0,630,'2023-07-30',NULL,'2023-08-07 09:50:08',1001,312965,'a5fd9dd7-938f-40f8-9c05-17ae1565d633'),(1597,NULL,627,0,0,'2023-08-30',NULL,NULL,NULL,NULL,'a5fd9dd7-938f-40f8-9c05-17ae1565d633'),(1598,NULL,627,0,0,'2023-09-30',NULL,NULL,NULL,NULL,'a5fd9dd7-938f-40f8-9c05-17ae1565d633'),(1599,NULL,627,0,0,'2023-10-30',NULL,NULL,NULL,NULL,'a5fd9dd7-938f-40f8-9c05-17ae1565d633'),(1600,NULL,627,0,0,'2023-11-30',NULL,NULL,NULL,NULL,'a5fd9dd7-938f-40f8-9c05-17ae1565d633'),(1601,NULL,624,0,0,'2023-12-30',NULL,'2023-08-07 09:50:08',NULL,NULL,'a5fd9dd7-938f-40f8-9c05-17ae1565d633'),(1602,NULL,360,0,0,'2023-08-23',NULL,NULL,NULL,NULL,'1eb92176-1e04-4db0-9f0f-d21457ba22f9'),(1603,NULL,360,0,0,'2023-09-23',NULL,NULL,NULL,NULL,'1eb92176-1e04-4db0-9f0f-d21457ba22f9'),(1604,NULL,360,0,0,'2023-10-23',NULL,NULL,NULL,NULL,'1eb92176-1e04-4db0-9f0f-d21457ba22f9'),(1605,NULL,360,0,0,'2023-11-23',NULL,NULL,NULL,NULL,'1eb92176-1e04-4db0-9f0f-d21457ba22f9'),(1606,NULL,360,0,0,'2023-12-23',NULL,NULL,NULL,NULL,'1eb92176-1e04-4db0-9f0f-d21457ba22f9'),(1607,NULL,360,0,0,'2024-01-23',NULL,NULL,NULL,NULL,'1eb92176-1e04-4db0-9f0f-d21457ba22f9'),(1608,NULL,360,0,0,'2024-02-23',NULL,NULL,NULL,NULL,'1eb92176-1e04-4db0-9f0f-d21457ba22f9'),(1609,NULL,230,0,0,'2023-08-23',NULL,NULL,NULL,NULL,'54677fe0-705b-4ef5-b8ed-f7c31f1f794d'),(1610,NULL,230,0,0,'2023-09-23',NULL,NULL,NULL,NULL,'54677fe0-705b-4ef5-b8ed-f7c31f1f794d'),(1611,NULL,230,0,0,'2023-10-23',NULL,NULL,NULL,NULL,'54677fe0-705b-4ef5-b8ed-f7c31f1f794d'),(1612,NULL,230,0,0,'2023-11-23',NULL,NULL,NULL,NULL,'54677fe0-705b-4ef5-b8ed-f7c31f1f794d'),(1613,NULL,230,0,0,'2023-12-23',NULL,NULL,NULL,NULL,'54677fe0-705b-4ef5-b8ed-f7c31f1f794d'),(1614,NULL,230,0,0,'2024-01-23',NULL,NULL,NULL,NULL,'54677fe0-705b-4ef5-b8ed-f7c31f1f794d'),(1615,NULL,230,0,0,'2024-02-23',NULL,NULL,NULL,NULL,'54677fe0-705b-4ef5-b8ed-f7c31f1f794d'),(1616,NULL,633,0,0,'2023-08-30',NULL,NULL,NULL,NULL,'e98c7154-ff07-4c03-a2fe-92fd06915bb5'),(1617,NULL,633,0,0,'2023-09-30',NULL,NULL,NULL,NULL,'e98c7154-ff07-4c03-a2fe-92fd06915bb5'),(1618,NULL,633,0,0,'2023-10-30',NULL,NULL,NULL,NULL,'e98c7154-ff07-4c03-a2fe-92fd06915bb5'),(1619,NULL,633,0,0,'2023-11-30',NULL,NULL,NULL,NULL,'e98c7154-ff07-4c03-a2fe-92fd06915bb5'),(1620,NULL,633,0,0,'2023-12-30',NULL,NULL,NULL,NULL,'e98c7154-ff07-4c03-a2fe-92fd06915bb5'),(1621,NULL,633,0,0,'2024-01-30',NULL,NULL,NULL,NULL,'e98c7154-ff07-4c03-a2fe-92fd06915bb5'),(1622,NULL,633,0,0,'2024-02-28',NULL,NULL,NULL,NULL,'e98c7154-ff07-4c03-a2fe-92fd06915bb5'),(1623,NULL,633,0,0,'2024-03-30',NULL,NULL,NULL,NULL,'e98c7154-ff07-4c03-a2fe-92fd06915bb5'),(1624,NULL,636,0,0,'2024-04-30',NULL,NULL,NULL,NULL,'e98c7154-ff07-4c03-a2fe-92fd06915bb5'),(1625,1000048,285,0,285,'2023-07-30',NULL,'2023-08-02 14:26:18',1001,791950,'a71b4aad-5a89-4286-a321-468dffc9f582'),(1626,NULL,285,0,0,'2023-08-30',NULL,NULL,NULL,NULL,'a71b4aad-5a89-4286-a321-468dffc9f582'),(1627,NULL,285,0,0,'2023-09-30',NULL,NULL,NULL,NULL,'a71b4aad-5a89-4286-a321-468dffc9f582'),(1628,NULL,285,0,0,'2023-10-30',NULL,NULL,NULL,NULL,'a71b4aad-5a89-4286-a321-468dffc9f582'),(1629,NULL,285,0,0,'2023-11-30',NULL,NULL,NULL,NULL,'a71b4aad-5a89-4286-a321-468dffc9f582'),(1630,NULL,285,0,0,'2023-12-30',NULL,NULL,NULL,NULL,'a71b4aad-5a89-4286-a321-468dffc9f582'),(1631,NULL,285,0,0,'2024-01-30',NULL,NULL,NULL,NULL,'a71b4aad-5a89-4286-a321-468dffc9f582'),(1632,NULL,285,0,0,'2024-02-29',NULL,NULL,NULL,NULL,'a71b4aad-5a89-4286-a321-468dffc9f582'),(1633,1000088,560,0,560,'2023-07-30',NULL,'2023-08-07 20:53:26',1001,134422,'859ca673-4955-4c13-8883-876a4fd4b8e3'),(1634,NULL,550,0,0,'2023-08-30',NULL,NULL,NULL,NULL,'859ca673-4955-4c13-8883-876a4fd4b8e3'),(1635,NULL,550,0,0,'2023-09-30',NULL,NULL,NULL,NULL,'859ca673-4955-4c13-8883-876a4fd4b8e3'),(1636,NULL,550,0,0,'2023-10-30',NULL,NULL,NULL,NULL,'859ca673-4955-4c13-8883-876a4fd4b8e3'),(1637,NULL,550,0,0,'2023-11-30',NULL,NULL,NULL,NULL,'859ca673-4955-4c13-8883-876a4fd4b8e3'),(1638,NULL,550,0,0,'2023-12-30',NULL,NULL,NULL,NULL,'859ca673-4955-4c13-8883-876a4fd4b8e3'),(1639,NULL,550,0,0,'2024-01-30',NULL,NULL,NULL,NULL,'859ca673-4955-4c13-8883-876a4fd4b8e3'),(1640,NULL,550,0,0,'2024-02-29',NULL,NULL,NULL,NULL,'859ca673-4955-4c13-8883-876a4fd4b8e3'),(1641,NULL,550,0,0,'2024-03-30',NULL,NULL,NULL,NULL,'859ca673-4955-4c13-8883-876a4fd4b8e3'),(1642,NULL,540,0,0,'2024-04-30',NULL,'2023-08-07 20:53:26',NULL,NULL,'859ca673-4955-4c13-8883-876a4fd4b8e3'),(1643,1000043,285,0,285,'2023-08-02',NULL,'2023-08-01 19:25:24',1001,791950,'edda05db-594c-48ce-a14b-4a3322d01662'),(1644,NULL,285,0,0,'2023-09-02',NULL,NULL,NULL,NULL,'edda05db-594c-48ce-a14b-4a3322d01662'),(1645,NULL,285,0,0,'2023-10-02',NULL,NULL,NULL,NULL,'edda05db-594c-48ce-a14b-4a3322d01662'),(1646,NULL,285,0,0,'2023-11-02',NULL,NULL,NULL,NULL,'edda05db-594c-48ce-a14b-4a3322d01662'),(1647,NULL,285,0,0,'2023-12-02',NULL,NULL,NULL,NULL,'edda05db-594c-48ce-a14b-4a3322d01662'),(1648,NULL,285,0,0,'2024-01-02',NULL,NULL,NULL,NULL,'edda05db-594c-48ce-a14b-4a3322d01662'),(1649,NULL,285,0,0,'2024-02-02',NULL,NULL,NULL,NULL,'edda05db-594c-48ce-a14b-4a3322d01662'),(1650,NULL,285,0,0,'2024-03-02',NULL,NULL,NULL,NULL,'edda05db-594c-48ce-a14b-4a3322d01662'),(1651,NULL,650,0,0,'2023-08-07',NULL,NULL,NULL,NULL,'8fbd9861-dae5-4f1a-a083-23f63c50030e'),(1652,NULL,650,0,0,'2023-09-07',NULL,NULL,NULL,NULL,'8fbd9861-dae5-4f1a-a083-23f63c50030e'),(1653,NULL,650,0,0,'2023-10-07',NULL,NULL,NULL,NULL,'8fbd9861-dae5-4f1a-a083-23f63c50030e'),(1654,NULL,650,0,0,'2023-11-07',NULL,NULL,NULL,NULL,'8fbd9861-dae5-4f1a-a083-23f63c50030e'),(1655,NULL,650,0,0,'2023-12-07',NULL,NULL,NULL,NULL,'8fbd9861-dae5-4f1a-a083-23f63c50030e'),(1656,NULL,650,0,0,'2024-01-07',NULL,NULL,NULL,NULL,'8fbd9861-dae5-4f1a-a083-23f63c50030e'),(1657,NULL,650,0,0,'2024-02-07',NULL,NULL,NULL,NULL,'8fbd9861-dae5-4f1a-a083-23f63c50030e'),(1658,NULL,650,0,0,'2024-03-07',NULL,NULL,NULL,NULL,'8fbd9861-dae5-4f1a-a083-23f63c50030e'),(1659,NULL,650,0,0,'2024-04-07',NULL,NULL,NULL,NULL,'8fbd9861-dae5-4f1a-a083-23f63c50030e'),(1660,NULL,650,0,0,'2024-05-07',NULL,NULL,NULL,NULL,'8fbd9861-dae5-4f1a-a083-23f63c50030e'),(1661,NULL,300,0,0,'2023-07-25',NULL,NULL,NULL,NULL,'bd2a6760-7645-46f6-ae01-e7be31005d8c'),(1662,NULL,270,0,0,'2023-08-10',NULL,NULL,NULL,NULL,'e4cacdbc-26de-4bc1-a456-d9b8d95e72b7'),(1663,NULL,270,0,0,'2023-09-10',NULL,NULL,NULL,NULL,'e4cacdbc-26de-4bc1-a456-d9b8d95e72b7'),(1664,NULL,270,0,0,'2023-10-10',NULL,NULL,NULL,NULL,'e4cacdbc-26de-4bc1-a456-d9b8d95e72b7'),(1665,NULL,270,0,0,'2023-11-10',NULL,NULL,NULL,NULL,'e4cacdbc-26de-4bc1-a456-d9b8d95e72b7'),(1666,NULL,270,0,0,'2023-12-10',NULL,NULL,NULL,NULL,'e4cacdbc-26de-4bc1-a456-d9b8d95e72b7'),(1667,NULL,270,0,0,'2024-01-10',NULL,NULL,NULL,NULL,'e4cacdbc-26de-4bc1-a456-d9b8d95e72b7'),(1668,1000084,600,0,600,'2023-07-30',NULL,'2023-08-07 16:02:06',1001,134422,'10203ddb-d956-4a90-967d-14dd143e30e2'),(1669,NULL,572,0,0,'2023-08-30',NULL,NULL,NULL,NULL,'10203ddb-d956-4a90-967d-14dd143e30e2'),(1670,NULL,572,0,0,'2023-09-30',NULL,NULL,NULL,NULL,'10203ddb-d956-4a90-967d-14dd143e30e2'),(1671,NULL,572,0,0,'2023-10-30',NULL,NULL,NULL,NULL,'10203ddb-d956-4a90-967d-14dd143e30e2'),(1672,NULL,572,0,0,'2023-11-30',NULL,NULL,NULL,NULL,'10203ddb-d956-4a90-967d-14dd143e30e2'),(1673,NULL,572,0,0,'2023-12-30',NULL,NULL,NULL,NULL,'10203ddb-d956-4a90-967d-14dd143e30e2'),(1674,NULL,572,0,0,'2024-01-30',NULL,NULL,NULL,NULL,'10203ddb-d956-4a90-967d-14dd143e30e2'),(1675,NULL,572,0,0,'2024-02-29',NULL,NULL,NULL,NULL,'10203ddb-d956-4a90-967d-14dd143e30e2'),(1676,NULL,572,0,0,'2024-03-30',NULL,NULL,NULL,NULL,'10203ddb-d956-4a90-967d-14dd143e30e2'),(1677,NULL,572,0,0,'2024-04-30',NULL,NULL,NULL,NULL,'10203ddb-d956-4a90-967d-14dd143e30e2'),(1678,NULL,572,0,0,'2024-05-30',NULL,NULL,NULL,NULL,'10203ddb-d956-4a90-967d-14dd143e30e2'),(1679,NULL,572,0,0,'2024-06-30',NULL,NULL,NULL,NULL,'10203ddb-d956-4a90-967d-14dd143e30e2'),(1680,NULL,572,0,0,'2024-07-30',NULL,NULL,NULL,NULL,'10203ddb-d956-4a90-967d-14dd143e30e2'),(1681,NULL,572,0,0,'2024-08-30',NULL,NULL,NULL,NULL,'10203ddb-d956-4a90-967d-14dd143e30e2'),(1682,NULL,572,0,0,'2024-09-30',NULL,NULL,NULL,NULL,'10203ddb-d956-4a90-967d-14dd143e30e2'),(1683,NULL,572,0,0,'2024-10-30',NULL,NULL,NULL,NULL,'10203ddb-d956-4a90-967d-14dd143e30e2'),(1684,NULL,572,0,0,'2024-11-30',NULL,NULL,NULL,NULL,'10203ddb-d956-4a90-967d-14dd143e30e2'),(1685,NULL,548,0,0,'2024-12-30',NULL,'2023-08-07 16:02:06',NULL,NULL,'10203ddb-d956-4a90-967d-14dd143e30e2'),(1686,NULL,105,0,0,'2023-09-15',NULL,NULL,NULL,NULL,'1b438fb4-b6d3-49db-af59-a4608f88bbe0'),(1687,NULL,245,0,0,'2023-10-15',NULL,NULL,NULL,NULL,'1b438fb4-b6d3-49db-af59-a4608f88bbe0'),(1688,NULL,245,0,0,'2023-11-15',NULL,NULL,NULL,NULL,'1b438fb4-b6d3-49db-af59-a4608f88bbe0'),(1689,NULL,245,0,0,'2023-12-15',NULL,NULL,NULL,NULL,'1b438fb4-b6d3-49db-af59-a4608f88bbe0'),(1690,NULL,245,0,0,'2024-01-15',NULL,NULL,NULL,NULL,'1b438fb4-b6d3-49db-af59-a4608f88bbe0'),(1691,NULL,150,0,0,'2023-07-30',NULL,NULL,NULL,NULL,'e3b75fa3-0a4d-4efa-bbe4-190e1c79d29f'),(1692,1000037,400,0,400,'2023-07-17',NULL,'2023-08-01 17:51:52',1001,312965,'f4249498-a63c-48a3-82c0-d612daf059dc'),(1693,NULL,394,0,0,'2023-08-17',NULL,NULL,NULL,NULL,'f4249498-a63c-48a3-82c0-d612daf059dc'),(1694,NULL,394,0,0,'2023-09-17',NULL,NULL,NULL,NULL,'f4249498-a63c-48a3-82c0-d612daf059dc'),(1695,NULL,394,0,0,'2023-10-17',NULL,NULL,NULL,NULL,'f4249498-a63c-48a3-82c0-d612daf059dc'),(1696,NULL,394,0,0,'2023-11-17',NULL,NULL,NULL,NULL,'f4249498-a63c-48a3-82c0-d612daf059dc'),(1697,NULL,394,0,0,'2023-12-17',NULL,NULL,NULL,NULL,'f4249498-a63c-48a3-82c0-d612daf059dc'),(1698,NULL,394,0,0,'2024-01-17',NULL,NULL,NULL,NULL,'f4249498-a63c-48a3-82c0-d612daf059dc'),(1699,NULL,394,0,0,'2024-02-17',NULL,NULL,NULL,NULL,'f4249498-a63c-48a3-82c0-d612daf059dc'),(1700,NULL,392,0,0,'2024-03-17',NULL,'2023-08-01 17:51:52',NULL,NULL,'f4249498-a63c-48a3-82c0-d612daf059dc'),(1701,NULL,394,0,0,'2023-08-15',NULL,NULL,NULL,NULL,'ea6c1c69-b3d8-4554-9a05-b390777fa2c1'),(1702,NULL,394,0,0,'2023-09-15',NULL,NULL,NULL,NULL,'ea6c1c69-b3d8-4554-9a05-b390777fa2c1'),(1703,NULL,394,0,0,'2023-10-15',NULL,NULL,NULL,NULL,'ea6c1c69-b3d8-4554-9a05-b390777fa2c1'),(1704,NULL,394,0,0,'2023-11-15',NULL,NULL,NULL,NULL,'ea6c1c69-b3d8-4554-9a05-b390777fa2c1'),(1705,NULL,394,0,0,'2023-12-15',NULL,NULL,NULL,NULL,'ea6c1c69-b3d8-4554-9a05-b390777fa2c1'),(1706,NULL,394,0,0,'2024-01-15',NULL,NULL,NULL,NULL,'ea6c1c69-b3d8-4554-9a05-b390777fa2c1'),(1707,NULL,394,0,0,'2024-02-15',NULL,NULL,NULL,NULL,'ea6c1c69-b3d8-4554-9a05-b390777fa2c1'),(1708,NULL,397,0,0,'2024-03-15',NULL,NULL,NULL,NULL,'ea6c1c69-b3d8-4554-9a05-b390777fa2c1'),(1709,NULL,500,0,0,'2023-07-30',NULL,NULL,NULL,NULL,'64ef1485-c417-48f7-bb1b-fb04c2285941'),(1710,1000046,250,0,250,'2023-07-15',NULL,'2023-08-02 11:22:48',1001,791950,'5c35d0ad-8972-4515-abeb-60193dcd088b'),(1711,NULL,431,0,0,'2024-02-15',NULL,NULL,NULL,NULL,'5c35d0ad-8972-4515-abeb-60193dcd088b'),(1712,NULL,431,0,0,'2024-03-15',NULL,NULL,NULL,NULL,'5c35d0ad-8972-4515-abeb-60193dcd088b'),(1713,NULL,431,0,0,'2024-04-15',NULL,NULL,NULL,NULL,'5c35d0ad-8972-4515-abeb-60193dcd088b'),(1714,NULL,431,0,0,'2024-05-15',NULL,NULL,NULL,NULL,'5c35d0ad-8972-4515-abeb-60193dcd088b'),(1715,NULL,431,0,0,'2023-12-15',NULL,NULL,NULL,NULL,'5c35d0ad-8972-4515-abeb-60193dcd088b'),(1716,NULL,431,0,0,'2023-11-15',NULL,NULL,NULL,NULL,'5c35d0ad-8972-4515-abeb-60193dcd088b'),(1717,NULL,431,0,0,'2023-10-15',NULL,NULL,NULL,NULL,'5c35d0ad-8972-4515-abeb-60193dcd088b'),(1718,NULL,431,0,0,'2023-09-15',NULL,NULL,NULL,NULL,'5c35d0ad-8972-4515-abeb-60193dcd088b'),(1719,NULL,431,0,0,'2023-08-15',NULL,NULL,NULL,NULL,'5c35d0ad-8972-4515-abeb-60193dcd088b'),(1720,NULL,440,0,0,'2024-01-15',NULL,NULL,NULL,NULL,'5c35d0ad-8972-4515-abeb-60193dcd088b'),(1721,NULL,470,0,0,'2023-07-20',NULL,NULL,NULL,NULL,'f65df03c-7925-4b52-9a1b-c4336f0bf0aa'),(1722,NULL,470,0,0,'2023-08-20',NULL,NULL,NULL,NULL,'f65df03c-7925-4b52-9a1b-c4336f0bf0aa'),(1723,NULL,470,0,0,'2023-09-20',NULL,NULL,NULL,NULL,'f65df03c-7925-4b52-9a1b-c4336f0bf0aa'),(1724,NULL,470,0,0,'2023-10-20',NULL,NULL,NULL,NULL,'f65df03c-7925-4b52-9a1b-c4336f0bf0aa'),(1725,NULL,470,0,0,'2023-11-20',NULL,NULL,NULL,NULL,'f65df03c-7925-4b52-9a1b-c4336f0bf0aa'),(1726,NULL,470,0,0,'2023-12-20',NULL,NULL,NULL,NULL,'f65df03c-7925-4b52-9a1b-c4336f0bf0aa'),(1727,NULL,470,0,0,'2024-01-20',NULL,NULL,NULL,NULL,'f65df03c-7925-4b52-9a1b-c4336f0bf0aa'),(1728,NULL,470,0,0,'2024-02-20',NULL,NULL,NULL,NULL,'f65df03c-7925-4b52-9a1b-c4336f0bf0aa'),(1729,NULL,470,0,0,'2024-03-20',NULL,NULL,NULL,NULL,'f65df03c-7925-4b52-9a1b-c4336f0bf0aa'),(1730,NULL,470,0,0,'2024-04-20',NULL,NULL,NULL,NULL,'f65df03c-7925-4b52-9a1b-c4336f0bf0aa'),(1731,NULL,470,0,0,'2024-05-20',NULL,NULL,NULL,NULL,'f65df03c-7925-4b52-9a1b-c4336f0bf0aa'),(1732,NULL,594,0,0,'2023-08-25',NULL,NULL,NULL,NULL,'9a388d52-1b0d-4838-b645-5b520a764365'),(1733,NULL,594,0,0,'2023-09-25',NULL,NULL,NULL,NULL,'9a388d52-1b0d-4838-b645-5b520a764365'),(1734,NULL,594,0,0,'2023-10-25',NULL,NULL,NULL,NULL,'9a388d52-1b0d-4838-b645-5b520a764365'),(1735,NULL,594,0,0,'2023-11-25',NULL,NULL,NULL,NULL,'9a388d52-1b0d-4838-b645-5b520a764365'),(1736,NULL,594,0,0,'2023-12-25',NULL,NULL,NULL,NULL,'9a388d52-1b0d-4838-b645-5b520a764365'),(1737,NULL,594,0,0,'2024-01-25',NULL,NULL,NULL,NULL,'9a388d52-1b0d-4838-b645-5b520a764365'),(1738,NULL,594,0,0,'2024-02-25',NULL,NULL,NULL,NULL,'9a388d52-1b0d-4838-b645-5b520a764365'),(1739,NULL,594,0,0,'2024-03-25',NULL,NULL,NULL,NULL,'9a388d52-1b0d-4838-b645-5b520a764365'),(1740,NULL,594,0,0,'2024-04-25',NULL,NULL,NULL,NULL,'9a388d52-1b0d-4838-b645-5b520a764365'),(1741,NULL,599,0,0,'2024-05-25',NULL,NULL,NULL,NULL,'9a388d52-1b0d-4838-b645-5b520a764365'),(1742,NULL,3020,0,0,'2023-08-21',NULL,NULL,NULL,NULL,'e9c01ac4-1be9-4530-9386-d54da0656cf4'),(1743,1000087,230,0,230,'2023-07-31',NULL,'2023-08-07 19:24:25',1001,791950,'3eb66cd6-dc0e-4dde-860c-45f5d538bcae'),(1744,NULL,582,0,0,'2023-08-01',NULL,NULL,NULL,NULL,'570e73b9-28f4-45a1-8b18-0a507f6645ec'),(1745,NULL,583,0,0,'2023-09-01',NULL,NULL,NULL,NULL,'570e73b9-28f4-45a1-8b18-0a507f6645ec'),(1746,1000033,395,0,395,'2023-07-30',NULL,'2023-08-01 14:36:16',1003,312965,'5ff8c1fb-b709-4d98-bd7b-9915360b2232'),(1747,NULL,395,0,0,'2023-08-30',NULL,NULL,NULL,NULL,'5ff8c1fb-b709-4d98-bd7b-9915360b2232'),(1748,NULL,395,0,0,'2023-09-30',NULL,NULL,NULL,NULL,'5ff8c1fb-b709-4d98-bd7b-9915360b2232'),(1749,NULL,395,0,0,'2023-10-30',NULL,NULL,NULL,NULL,'5ff8c1fb-b709-4d98-bd7b-9915360b2232'),(1750,NULL,395,0,0,'2023-11-30',NULL,NULL,NULL,NULL,'5ff8c1fb-b709-4d98-bd7b-9915360b2232'),(1751,NULL,395,0,0,'2023-12-30',NULL,NULL,NULL,NULL,'5ff8c1fb-b709-4d98-bd7b-9915360b2232'),(1752,NULL,395,0,0,'2024-01-30',NULL,NULL,NULL,NULL,'5ff8c1fb-b709-4d98-bd7b-9915360b2232'),(1753,NULL,395,0,0,'2024-02-29',NULL,NULL,NULL,NULL,'5ff8c1fb-b709-4d98-bd7b-9915360b2232'),(1754,NULL,395,0,0,'2024-03-30',NULL,NULL,NULL,NULL,'5ff8c1fb-b709-4d98-bd7b-9915360b2232'),(1755,1000065,125,0,125,'2023-08-03',NULL,'2023-08-04 19:32:26',1001,312965,'f89cdb03-b2f9-44d5-8cfe-b12ab98cd190'),(1756,1000062,150,0,150,'2023-08-05',NULL,'2023-08-04 14:59:02',1001,181549,'5fb717aa-54bd-4b27-a6c4-35b4e0fdd73b'),(1757,1000057,470,0,470,'2023-08-01',NULL,'2023-08-03 14:30:58',1001,312965,'a0b80595-bdd8-4a64-8c95-e34890276e79'),(1758,NULL,470,0,0,'2023-09-01',NULL,NULL,NULL,NULL,'a0b80595-bdd8-4a64-8c95-e34890276e79'),(1759,NULL,470,0,0,'2023-10-01',NULL,NULL,NULL,NULL,'a0b80595-bdd8-4a64-8c95-e34890276e79'),(1760,NULL,470,0,0,'2023-11-01',NULL,NULL,NULL,NULL,'a0b80595-bdd8-4a64-8c95-e34890276e79'),(1761,NULL,470,0,0,'2023-12-01',NULL,NULL,NULL,NULL,'a0b80595-bdd8-4a64-8c95-e34890276e79'),(1762,NULL,470,0,0,'2024-01-01',NULL,NULL,NULL,NULL,'a0b80595-bdd8-4a64-8c95-e34890276e79'),(1763,NULL,470,0,0,'2024-02-01',NULL,NULL,NULL,NULL,'a0b80595-bdd8-4a64-8c95-e34890276e79'),(1764,NULL,470,0,0,'2024-03-01',NULL,NULL,NULL,NULL,'a0b80595-bdd8-4a64-8c95-e34890276e79'),(1765,NULL,470,0,0,'2024-04-01',NULL,NULL,NULL,NULL,'a0b80595-bdd8-4a64-8c95-e34890276e79'),(1766,NULL,470,0,0,'2024-05-01',NULL,NULL,NULL,NULL,'a0b80595-bdd8-4a64-8c95-e34890276e79'),(1767,NULL,470,0,0,'2024-06-01',NULL,NULL,NULL,NULL,'a0b80595-bdd8-4a64-8c95-e34890276e79'),(1768,1000066,320,0,320,'2023-08-05',NULL,'2023-08-04 20:50:04',1001,791950,'8126b060-bf9b-479f-b44a-076a3e02daff'),(1769,NULL,320,0,0,'2023-09-05',NULL,NULL,NULL,NULL,'8126b060-bf9b-479f-b44a-076a3e02daff'),(1770,NULL,320,0,0,'2023-10-05',NULL,NULL,NULL,NULL,'8126b060-bf9b-479f-b44a-076a3e02daff'),(1771,NULL,320,0,0,'2023-11-05',NULL,NULL,NULL,NULL,'8126b060-bf9b-479f-b44a-076a3e02daff'),(1772,NULL,320,0,0,'2023-12-05',NULL,NULL,NULL,NULL,'8126b060-bf9b-479f-b44a-076a3e02daff'),(1773,NULL,320,0,0,'2024-01-05',NULL,NULL,NULL,NULL,'8126b060-bf9b-479f-b44a-076a3e02daff'),(1774,NULL,320,0,0,'2024-02-05',NULL,NULL,NULL,NULL,'8126b060-bf9b-479f-b44a-076a3e02daff'),(1775,NULL,320,0,0,'2024-03-05',NULL,NULL,NULL,NULL,'8126b060-bf9b-479f-b44a-076a3e02daff'),(1776,NULL,320,0,0,'2024-04-05',NULL,NULL,NULL,NULL,'8126b060-bf9b-479f-b44a-076a3e02daff'),(1777,NULL,135,0,0,'2023-08-06',NULL,NULL,NULL,NULL,'582641ef-e9da-48f4-a7fb-b25424a68f5d'),(1778,NULL,4000,0,0,'2023-07-31',NULL,NULL,NULL,NULL,'ca67e4dd-7246-4961-9c0a-c6c458af60d6'),(1779,NULL,250,0,0,'2023-08-08',NULL,NULL,NULL,NULL,'0ccb5f10-a049-4919-a5e0-4f5754f77b74'),(1780,1000069,900,0,900,'2023-08-10',NULL,'2023-08-05 14:35:58',1001,791950,'7d7b701b-a42b-42ac-be70-8ba3aa8531d5'),(1781,NULL,1030,0,0,'2023-08-25',NULL,NULL,NULL,NULL,'7d7b701b-a42b-42ac-be70-8ba3aa8531d5'),(1782,NULL,700,0,0,'2023-08-14',NULL,NULL,NULL,NULL,'84bd45bd-8505-4cd6-8753-61637d5d84e5'),(1783,NULL,700,0,0,'2023-09-14',NULL,NULL,NULL,NULL,'84bd45bd-8505-4cd6-8753-61637d5d84e5'),(1784,NULL,700,0,0,'2023-10-14',NULL,NULL,NULL,NULL,'84bd45bd-8505-4cd6-8753-61637d5d84e5'),(1785,NULL,700,0,0,'2023-11-14',NULL,NULL,NULL,NULL,'84bd45bd-8505-4cd6-8753-61637d5d84e5'),(1786,NULL,700,0,0,'2023-12-14',NULL,NULL,NULL,NULL,'84bd45bd-8505-4cd6-8753-61637d5d84e5'),(1787,NULL,700,0,0,'2024-01-14',NULL,NULL,NULL,NULL,'84bd45bd-8505-4cd6-8753-61637d5d84e5'),(1788,NULL,700,0,0,'2024-02-14',NULL,NULL,NULL,NULL,'84bd45bd-8505-4cd6-8753-61637d5d84e5'),(1789,NULL,700,0,0,'2024-03-14',NULL,NULL,NULL,NULL,'84bd45bd-8505-4cd6-8753-61637d5d84e5'),(1790,NULL,700,0,0,'2024-04-14',NULL,NULL,NULL,NULL,'84bd45bd-8505-4cd6-8753-61637d5d84e5'),(1791,NULL,700,0,0,'2024-05-14',NULL,NULL,NULL,NULL,'84bd45bd-8505-4cd6-8753-61637d5d84e5'),(1792,NULL,700,0,0,'2024-06-14',NULL,NULL,NULL,NULL,'84bd45bd-8505-4cd6-8753-61637d5d84e5'),(1793,NULL,640,0,0,'2023-08-28',NULL,NULL,NULL,NULL,'703a780d-fb21-42ac-9bab-45ed3a4f9560'),(1794,NULL,270,0,0,'2023-08-14',NULL,NULL,NULL,NULL,'a7d6853b-4e9a-44e3-be92-669c7b926c17'),(1795,NULL,270,0,0,'2023-09-14',NULL,NULL,NULL,NULL,'a7d6853b-4e9a-44e3-be92-669c7b926c17'),(1796,NULL,270,0,0,'2023-10-14',NULL,NULL,NULL,NULL,'a7d6853b-4e9a-44e3-be92-669c7b926c17'),(1797,NULL,270,0,0,'2023-11-14',NULL,NULL,NULL,NULL,'a7d6853b-4e9a-44e3-be92-669c7b926c17'),(1798,NULL,270,0,0,'2023-12-14',NULL,NULL,NULL,NULL,'a7d6853b-4e9a-44e3-be92-669c7b926c17'),(1799,NULL,270,0,0,'2024-01-14',NULL,NULL,NULL,NULL,'a7d6853b-4e9a-44e3-be92-669c7b926c17'),(1800,NULL,270,0,0,'2024-02-14',NULL,NULL,NULL,NULL,'a7d6853b-4e9a-44e3-be92-669c7b926c17'),(1801,NULL,270,0,0,'2024-03-14',NULL,NULL,NULL,NULL,'a7d6853b-4e9a-44e3-be92-669c7b926c17'),(1802,NULL,270,0,0,'2024-04-14',NULL,NULL,NULL,NULL,'a7d6853b-4e9a-44e3-be92-669c7b926c17'),(1803,NULL,248,0,0,'2023-08-14',NULL,NULL,NULL,NULL,'8579b058-dd6c-45c9-9198-a415a9844477'),(1804,NULL,266,0,0,'2023-08-15',NULL,NULL,NULL,NULL,'8e251307-b641-494c-871b-caf32408bd46'),(1805,NULL,266,0,0,'2023-09-15',NULL,NULL,NULL,NULL,'8e251307-b641-494c-871b-caf32408bd46'),(1806,NULL,266,0,0,'2023-10-15',NULL,NULL,NULL,NULL,'8e251307-b641-494c-871b-caf32408bd46'),(1807,NULL,266,0,0,'2023-11-15',NULL,NULL,NULL,NULL,'8e251307-b641-494c-871b-caf32408bd46'),(1808,NULL,266,0,0,'2023-12-15',NULL,NULL,NULL,NULL,'8e251307-b641-494c-871b-caf32408bd46'),(1809,NULL,266,0,0,'2024-01-15',NULL,NULL,NULL,NULL,'8e251307-b641-494c-871b-caf32408bd46'),(1810,NULL,266,0,0,'2024-02-15',NULL,NULL,NULL,NULL,'8e251307-b641-494c-871b-caf32408bd46'),(1811,NULL,266,0,0,'2024-03-15',NULL,NULL,NULL,NULL,'8e251307-b641-494c-871b-caf32408bd46'),(1812,NULL,272,0,0,'2024-04-15',NULL,NULL,NULL,NULL,'8e251307-b641-494c-871b-caf32408bd46'),(1813,NULL,470,0,0,'2023-08-15',NULL,NULL,NULL,NULL,'38125ac1-0771-4326-be25-8e1fb4ca8da3'),(1814,NULL,385,0,0,'2023-09-01',NULL,NULL,NULL,NULL,'254fa00c-a259-40ea-8007-13db8e3be3df'),(1815,NULL,385,0,0,'2023-10-01',NULL,NULL,NULL,NULL,'254fa00c-a259-40ea-8007-13db8e3be3df'),(1816,NULL,385,0,0,'2023-11-01',NULL,NULL,NULL,NULL,'254fa00c-a259-40ea-8007-13db8e3be3df'),(1817,NULL,385,0,0,'2023-12-01',NULL,NULL,NULL,NULL,'254fa00c-a259-40ea-8007-13db8e3be3df'),(1818,NULL,385,0,0,'2024-01-01',NULL,NULL,NULL,NULL,'254fa00c-a259-40ea-8007-13db8e3be3df'),(1819,NULL,385,0,0,'2024-02-01',NULL,NULL,NULL,NULL,'254fa00c-a259-40ea-8007-13db8e3be3df'),(1820,NULL,385,0,0,'2024-03-01',NULL,NULL,NULL,NULL,'254fa00c-a259-40ea-8007-13db8e3be3df'),(1821,NULL,385,0,0,'2024-04-01',NULL,NULL,NULL,NULL,'254fa00c-a259-40ea-8007-13db8e3be3df'),(1822,NULL,385,0,0,'2024-05-01',NULL,NULL,NULL,NULL,'254fa00c-a259-40ea-8007-13db8e3be3df'),(1823,NULL,385,0,0,'2024-06-01',NULL,NULL,NULL,NULL,'254fa00c-a259-40ea-8007-13db8e3be3df'),(1824,1000091,1740,0,700,'2023-07-31',NULL,'2023-08-10 13:34:07',1001,181549,'337e8c06-d1f7-44c0-b63a-4b77767a72f7'),(1825,NULL,325,0,0,'2023-08-17',NULL,NULL,NULL,NULL,'2346396f-d3b9-47eb-9ff7-fe3df2acfeaa'),(1826,NULL,425,0,0,'2023-08-17',NULL,NULL,NULL,NULL,'fe04eaef-2ed1-4ce1-9976-601c1ec015ad'),(1827,NULL,425,0,0,'2023-08-31',NULL,NULL,NULL,NULL,'fe04eaef-2ed1-4ce1-9976-601c1ec015ad'),(1828,1000076,581,0,381,'2023-07-31',NULL,'2023-08-07 10:42:22',1001,312965,'eed5a754-8e61-439e-a1d1-6aec5111a169'),(1829,NULL,581,0,0,'2023-08-31',NULL,NULL,NULL,NULL,'eed5a754-8e61-439e-a1d1-6aec5111a169'),(1830,NULL,581,0,0,'2023-09-30',NULL,NULL,NULL,NULL,'eed5a754-8e61-439e-a1d1-6aec5111a169'),(1831,NULL,581,0,0,'2023-10-31',NULL,NULL,NULL,NULL,'eed5a754-8e61-439e-a1d1-6aec5111a169'),(1832,NULL,581,0,0,'2023-11-30',NULL,NULL,NULL,NULL,'eed5a754-8e61-439e-a1d1-6aec5111a169'),(1833,NULL,581,0,0,'2023-12-31',NULL,NULL,NULL,NULL,'eed5a754-8e61-439e-a1d1-6aec5111a169'),(1834,NULL,581,0,0,'2024-01-31',NULL,NULL,NULL,NULL,'eed5a754-8e61-439e-a1d1-6aec5111a169'),(1835,NULL,581,0,0,'2024-02-29',NULL,NULL,NULL,NULL,'eed5a754-8e61-439e-a1d1-6aec5111a169'),(1836,NULL,581,0,0,'2024-03-31',NULL,NULL,NULL,NULL,'eed5a754-8e61-439e-a1d1-6aec5111a169'),(1837,NULL,581,0,0,'2024-04-30',NULL,NULL,NULL,NULL,'eed5a754-8e61-439e-a1d1-6aec5111a169'),(1838,NULL,590,0,0,'2024-05-31',NULL,NULL,NULL,NULL,'eed5a754-8e61-439e-a1d1-6aec5111a169'),(1839,NULL,245,0,0,'2023-08-18',NULL,NULL,NULL,NULL,'75820fb1-2a2c-41da-a288-eafebebace69'),(1840,NULL,345,0,0,'2023-09-18',NULL,NULL,NULL,NULL,'75820fb1-2a2c-41da-a288-eafebebace69'),(1841,NULL,345,0,0,'2023-10-18',NULL,NULL,NULL,NULL,'75820fb1-2a2c-41da-a288-eafebebace69'),(1842,NULL,345,0,0,'2023-11-18',NULL,NULL,NULL,NULL,'75820fb1-2a2c-41da-a288-eafebebace69'),(1843,NULL,345,0,0,'2023-12-18',NULL,NULL,NULL,NULL,'75820fb1-2a2c-41da-a288-eafebebace69'),(1844,NULL,345,0,0,'2024-01-18',NULL,NULL,NULL,NULL,'75820fb1-2a2c-41da-a288-eafebebace69'),(1845,NULL,345,0,0,'2024-02-18',NULL,NULL,NULL,NULL,'75820fb1-2a2c-41da-a288-eafebebace69'),(1846,NULL,345,0,0,'2024-03-18',NULL,NULL,NULL,NULL,'75820fb1-2a2c-41da-a288-eafebebace69'),(1847,NULL,345,0,0,'2024-04-18',NULL,NULL,NULL,NULL,'75820fb1-2a2c-41da-a288-eafebebace69'),(1848,NULL,345,0,0,'2024-05-18',NULL,NULL,NULL,NULL,'75820fb1-2a2c-41da-a288-eafebebace69'),(1849,NULL,350,0,0,'2024-06-18',NULL,NULL,NULL,NULL,'75820fb1-2a2c-41da-a288-eafebebace69'),(1850,NULL,475,0,0,'2023-08-20',NULL,NULL,NULL,NULL,'942031dc-944f-46f7-9341-87c10ae62119'),(1851,NULL,475,0,0,'2023-09-20',NULL,NULL,NULL,NULL,'942031dc-944f-46f7-9341-87c10ae62119'),(1852,NULL,475,0,0,'2023-10-20',NULL,NULL,NULL,NULL,'942031dc-944f-46f7-9341-87c10ae62119'),(1853,NULL,475,0,0,'2023-11-20',NULL,NULL,NULL,NULL,'942031dc-944f-46f7-9341-87c10ae62119'),(1854,NULL,475,0,0,'2023-12-20',NULL,NULL,NULL,NULL,'942031dc-944f-46f7-9341-87c10ae62119'),(1855,NULL,475,0,0,'2024-01-20',NULL,NULL,NULL,NULL,'942031dc-944f-46f7-9341-87c10ae62119'),(1856,NULL,475,0,0,'2024-02-20',NULL,NULL,NULL,NULL,'942031dc-944f-46f7-9341-87c10ae62119'),(1857,NULL,475,0,0,'2024-03-20',NULL,NULL,NULL,NULL,'942031dc-944f-46f7-9341-87c10ae62119'),(1858,NULL,475,0,0,'2024-04-20',NULL,NULL,NULL,NULL,'942031dc-944f-46f7-9341-87c10ae62119'),(1859,NULL,475,0,0,'2024-05-20',NULL,NULL,NULL,NULL,'942031dc-944f-46f7-9341-87c10ae62119'),(1860,NULL,475,0,0,'2024-06-20',NULL,NULL,NULL,NULL,'942031dc-944f-46f7-9341-87c10ae62119'),(1861,NULL,385,0,0,'2023-08-20',NULL,NULL,NULL,NULL,'7e0087e5-7ae4-4ee6-b7b3-0156602d3dd4'),(1862,NULL,385,0,0,'2023-09-20',NULL,NULL,NULL,NULL,'7e0087e5-7ae4-4ee6-b7b3-0156602d3dd4'),(1863,NULL,385,0,0,'2023-10-20',NULL,NULL,NULL,NULL,'7e0087e5-7ae4-4ee6-b7b3-0156602d3dd4'),(1864,NULL,385,0,0,'2023-11-20',NULL,NULL,NULL,NULL,'7e0087e5-7ae4-4ee6-b7b3-0156602d3dd4'),(1865,NULL,385,0,0,'2023-12-20',NULL,NULL,NULL,NULL,'7e0087e5-7ae4-4ee6-b7b3-0156602d3dd4'),(1866,NULL,385,0,0,'2024-01-20',NULL,NULL,NULL,NULL,'7e0087e5-7ae4-4ee6-b7b3-0156602d3dd4'),(1867,NULL,385,0,0,'2024-02-20',NULL,NULL,NULL,NULL,'7e0087e5-7ae4-4ee6-b7b3-0156602d3dd4'),(1868,NULL,385,0,0,'2024-03-20',NULL,NULL,NULL,NULL,'7e0087e5-7ae4-4ee6-b7b3-0156602d3dd4'),(1869,NULL,385,0,0,'2024-04-20',NULL,NULL,NULL,NULL,'7e0087e5-7ae4-4ee6-b7b3-0156602d3dd4'),(1870,NULL,385,0,0,'2024-05-20',NULL,NULL,NULL,NULL,'7e0087e5-7ae4-4ee6-b7b3-0156602d3dd4'),(1871,NULL,385,0,0,'2024-06-20',NULL,NULL,NULL,NULL,'7e0087e5-7ae4-4ee6-b7b3-0156602d3dd4'),(1872,NULL,360,0,0,'2023-08-20',NULL,NULL,NULL,NULL,'f84081f0-72ee-4eed-8a4e-eb8819affa97'),(1873,NULL,360,0,0,'2023-09-20',NULL,NULL,NULL,NULL,'f84081f0-72ee-4eed-8a4e-eb8819affa97'),(1874,NULL,360,0,0,'2023-10-20',NULL,NULL,NULL,NULL,'f84081f0-72ee-4eed-8a4e-eb8819affa97'),(1875,NULL,360,0,0,'2023-11-20',NULL,NULL,NULL,NULL,'f84081f0-72ee-4eed-8a4e-eb8819affa97'),(1876,NULL,360,0,0,'2023-12-20',NULL,NULL,NULL,NULL,'f84081f0-72ee-4eed-8a4e-eb8819affa97'),(1877,NULL,360,0,0,'2024-01-20',NULL,NULL,NULL,NULL,'f84081f0-72ee-4eed-8a4e-eb8819affa97'),(1878,NULL,360,0,0,'2024-02-20',NULL,NULL,NULL,NULL,'f84081f0-72ee-4eed-8a4e-eb8819affa97'),(1879,NULL,360,0,0,'2024-03-20',NULL,NULL,NULL,NULL,'f84081f0-72ee-4eed-8a4e-eb8819affa97'),(1880,NULL,360,0,0,'2024-04-20',NULL,NULL,NULL,NULL,'f84081f0-72ee-4eed-8a4e-eb8819affa97'),(1881,NULL,583,0,0,'2023-09-02',NULL,NULL,NULL,NULL,'5843c2eb-4a24-405b-b76f-f162480e4575'),(1882,NULL,583,0,0,'2023-10-02',NULL,NULL,NULL,NULL,'5843c2eb-4a24-405b-b76f-f162480e4575'),(1883,NULL,583,0,0,'2023-11-02',NULL,NULL,NULL,NULL,'5843c2eb-4a24-405b-b76f-f162480e4575'),(1884,NULL,583,0,0,'2023-12-02',NULL,NULL,NULL,NULL,'5843c2eb-4a24-405b-b76f-f162480e4575'),(1885,NULL,583,0,0,'2024-01-02',NULL,NULL,NULL,NULL,'5843c2eb-4a24-405b-b76f-f162480e4575'),(1886,NULL,583,0,0,'2024-02-02',NULL,NULL,NULL,NULL,'5843c2eb-4a24-405b-b76f-f162480e4575'),(1887,NULL,583,0,0,'2024-03-02',NULL,NULL,NULL,NULL,'5843c2eb-4a24-405b-b76f-f162480e4575'),(1888,NULL,583,0,0,'2024-04-02',NULL,NULL,NULL,NULL,'5843c2eb-4a24-405b-b76f-f162480e4575'),(1889,NULL,583,0,0,'2024-05-02',NULL,NULL,NULL,NULL,'5843c2eb-4a24-405b-b76f-f162480e4575'),(1890,NULL,583,0,0,'2024-06-02',NULL,NULL,NULL,NULL,'5843c2eb-4a24-405b-b76f-f162480e4575'),(1891,NULL,585,0,0,'2024-07-02',NULL,NULL,NULL,NULL,'5843c2eb-4a24-405b-b76f-f162480e4575'),(1892,1000071,395,0,100,'2023-08-30',NULL,'2023-08-05 18:31:03',1001,312965,'1b1c0a13-8836-41ad-9f6e-98f16bebc58b'),(1893,NULL,395,0,0,'2023-09-30',NULL,NULL,NULL,NULL,'1b1c0a13-8836-41ad-9f6e-98f16bebc58b'),(1894,NULL,395,0,0,'2023-10-30',NULL,NULL,NULL,NULL,'1b1c0a13-8836-41ad-9f6e-98f16bebc58b'),(1895,NULL,395,0,0,'2023-11-30',NULL,NULL,NULL,NULL,'1b1c0a13-8836-41ad-9f6e-98f16bebc58b'),(1896,NULL,395,0,0,'2023-12-30',NULL,NULL,NULL,NULL,'1b1c0a13-8836-41ad-9f6e-98f16bebc58b'),(1897,NULL,395,0,0,'2024-01-30',NULL,NULL,NULL,NULL,'1b1c0a13-8836-41ad-9f6e-98f16bebc58b'),(1898,NULL,395,0,0,'2024-02-29',NULL,NULL,NULL,NULL,'1b1c0a13-8836-41ad-9f6e-98f16bebc58b'),(1899,NULL,395,0,0,'2024-03-30',NULL,NULL,NULL,NULL,'1b1c0a13-8836-41ad-9f6e-98f16bebc58b'),(1900,NULL,395,0,0,'2024-04-30',NULL,NULL,NULL,NULL,'1b1c0a13-8836-41ad-9f6e-98f16bebc58b'),(1901,NULL,395,0,0,'2024-05-30',NULL,NULL,NULL,NULL,'1b1c0a13-8836-41ad-9f6e-98f16bebc58b'),(1902,NULL,395,0,0,'2024-06-30',NULL,NULL,NULL,NULL,'1b1c0a13-8836-41ad-9f6e-98f16bebc58b'),(1903,1000032,100,0,100,'2023-08-01',NULL,'2023-08-01 10:36:30',1001,181549,'75820fb1-2a2c-41da-a288-eafebebace69'),(1904,1000036,395,0,395,'2023-08-01',NULL,'2023-08-01 17:00:53',1001,181549,'e729e0d3-def3-4c10-a2b3-687ade04ba37'),(1905,NULL,395,0,0,'2023-09-01',NULL,NULL,NULL,NULL,'e729e0d3-def3-4c10-a2b3-687ade04ba37'),(1906,NULL,395,0,0,'2023-10-01',NULL,NULL,NULL,NULL,'e729e0d3-def3-4c10-a2b3-687ade04ba37'),(1907,NULL,395,0,0,'2023-11-01',NULL,NULL,NULL,NULL,'e729e0d3-def3-4c10-a2b3-687ade04ba37'),(1908,NULL,395,0,0,'2023-12-01',NULL,NULL,NULL,NULL,'e729e0d3-def3-4c10-a2b3-687ade04ba37'),(1909,NULL,395,0,0,'2024-01-01',NULL,NULL,NULL,NULL,'e729e0d3-def3-4c10-a2b3-687ade04ba37'),(1910,NULL,395,0,0,'2024-02-01',NULL,NULL,NULL,NULL,'e729e0d3-def3-4c10-a2b3-687ade04ba37'),(1911,NULL,395,0,0,'2024-03-01',NULL,NULL,NULL,NULL,'e729e0d3-def3-4c10-a2b3-687ade04ba37'),(1912,NULL,395,0,0,'2024-04-01',NULL,NULL,NULL,NULL,'e729e0d3-def3-4c10-a2b3-687ade04ba37'),(1913,NULL,395,0,0,'2024-05-01',NULL,NULL,NULL,NULL,'e729e0d3-def3-4c10-a2b3-687ade04ba37'),(1914,NULL,485,0,0,'2023-09-01',NULL,NULL,NULL,NULL,'37616456-cff2-48f9-83f7-0a2794011b29'),(1915,NULL,485,0,0,'2023-10-01',NULL,NULL,NULL,NULL,'37616456-cff2-48f9-83f7-0a2794011b29'),(1916,NULL,485,0,0,'2023-11-01',NULL,NULL,NULL,NULL,'37616456-cff2-48f9-83f7-0a2794011b29'),(1917,NULL,485,0,0,'2023-12-01',NULL,NULL,NULL,NULL,'37616456-cff2-48f9-83f7-0a2794011b29'),(1918,NULL,485,0,0,'2024-01-01',NULL,NULL,NULL,NULL,'37616456-cff2-48f9-83f7-0a2794011b29'),(1919,NULL,485,0,0,'2024-02-01',NULL,NULL,NULL,NULL,'37616456-cff2-48f9-83f7-0a2794011b29'),(1920,NULL,485,0,0,'2024-03-01',NULL,NULL,NULL,NULL,'37616456-cff2-48f9-83f7-0a2794011b29'),(1921,NULL,485,0,0,'2024-04-01',NULL,NULL,NULL,NULL,'37616456-cff2-48f9-83f7-0a2794011b29'),(1922,NULL,485,0,0,'2024-05-01',NULL,NULL,NULL,NULL,'37616456-cff2-48f9-83f7-0a2794011b29'),(1923,NULL,485,0,0,'2024-06-01',NULL,NULL,NULL,NULL,'37616456-cff2-48f9-83f7-0a2794011b29'),(1924,NULL,485,0,0,'2024-07-01',NULL,NULL,NULL,NULL,'37616456-cff2-48f9-83f7-0a2794011b29'),(1925,NULL,485,0,0,'2024-08-01',NULL,NULL,NULL,NULL,'37616456-cff2-48f9-83f7-0a2794011b29'),(1926,1000038,262,0,262,'2023-08-01',NULL,'2023-08-01 18:30:51',1001,312965,'26cfbb9b-822a-4bda-a717-930823c74b00'),(1927,NULL,263,0,0,'2023-09-01',NULL,NULL,NULL,NULL,'26cfbb9b-822a-4bda-a717-930823c74b00'),(1928,1000039,262.5,0,262.5,'2023-08-01',NULL,'2023-08-01 18:32:19',1001,312965,'b3426b63-e5d8-46f3-b263-96375e40d193'),(1929,NULL,262.5,0,0,'2023-09-01',NULL,NULL,NULL,NULL,'b3426b63-e5d8-46f3-b263-96375e40d193'),(1930,NULL,153,0,0,'2023-08-22',NULL,NULL,NULL,NULL,'4bbeb566-68a1-4c73-873b-656ce2b7d525'),(1931,1000044,300,0,300,'2023-08-01',NULL,'2023-08-01 20:51:17',1001,181549,'c590439b-c9c0-46a6-8263-54703adc2ef2'),(1932,NULL,300,0,0,'2023-09-01',NULL,NULL,NULL,NULL,'c590439b-c9c0-46a6-8263-54703adc2ef2'),(1933,NULL,300,0,0,'2023-10-01',NULL,NULL,NULL,NULL,'c590439b-c9c0-46a6-8263-54703adc2ef2'),(1934,NULL,300,0,0,'2023-11-01',NULL,NULL,NULL,NULL,'c590439b-c9c0-46a6-8263-54703adc2ef2'),(1935,NULL,300,0,0,'2023-12-01',NULL,NULL,NULL,NULL,'c590439b-c9c0-46a6-8263-54703adc2ef2'),(1936,NULL,300,0,0,'2024-01-01',NULL,NULL,NULL,NULL,'c590439b-c9c0-46a6-8263-54703adc2ef2'),(1937,NULL,300,0,0,'2024-02-01',NULL,NULL,NULL,NULL,'c590439b-c9c0-46a6-8263-54703adc2ef2'),(1938,NULL,300,0,0,'2024-03-01',NULL,NULL,NULL,NULL,'c590439b-c9c0-46a6-8263-54703adc2ef2'),(1939,NULL,300,0,0,'2024-04-01',NULL,NULL,NULL,NULL,'c590439b-c9c0-46a6-8263-54703adc2ef2'),(1940,NULL,300,0,0,'2024-05-01',NULL,NULL,NULL,NULL,'c590439b-c9c0-46a6-8263-54703adc2ef2'),(1941,NULL,300,0,0,'2024-06-01',NULL,NULL,NULL,NULL,'c590439b-c9c0-46a6-8263-54703adc2ef2'),(1942,NULL,300,0,0,'2024-07-01',NULL,NULL,NULL,NULL,'c590439b-c9c0-46a6-8263-54703adc2ef2'),(1943,1000045,200,0,200,'2023-08-02',NULL,'2023-08-02 10:32:20',1001,791950,'5ef1e85f-d9ee-400f-a2e4-1420d0c5a661'),(1944,NULL,250,0,0,'2023-09-02',NULL,NULL,NULL,NULL,'5ef1e85f-d9ee-400f-a2e4-1420d0c5a661'),(1945,NULL,181,0,0,'2023-08-15',NULL,NULL,NULL,NULL,'5c35d0ad-8972-4515-abeb-60193dcd088b'),(1946,1000052,1100,0,1100,'2023-08-03',NULL,'2023-08-03 11:05:25',1001,181549,'0b5b1c81-f27b-408a-ae28-39f671eceffe'),(1947,NULL,1080,0,0,'2023-09-03',NULL,NULL,NULL,NULL,'0b5b1c81-f27b-408a-ae28-39f671eceffe'),(1948,NULL,1080,0,0,'2023-09-17',NULL,NULL,NULL,NULL,'0b5b1c81-f27b-408a-ae28-39f671eceffe'),(1949,1000053,150,0,150,'2023-08-03',NULL,'2023-08-03 11:31:46',1001,181549,'31d2957f-911a-4048-914b-35f575255c4b'),(1950,NULL,125,0,0,'2023-09-03',NULL,NULL,NULL,NULL,'31d2957f-911a-4048-914b-35f575255c4b'),(1951,1000054,150,0,150,'2023-08-03',NULL,'2023-08-03 11:33:11',1001,181549,'1ee8b0ba-9e4a-4b52-9221-58ecad3e7388'),(1952,NULL,125,0,0,'2023-09-03',NULL,NULL,NULL,NULL,'1ee8b0ba-9e4a-4b52-9221-58ecad3e7388'),(1953,1000056,250,0,250,'2023-08-03',NULL,'2023-08-03 14:13:41',1001,181549,'d82870ac-4c33-40d8-b217-31d172d50e7f'),(1954,NULL,325,0,0,'2023-09-03','Pago',NULL,NULL,NULL,'d82870ac-4c33-40d8-b217-31d172d50e7f'),(1955,NULL,75,0,0,'2023-09-03',NULL,NULL,NULL,NULL,'d82870ac-4c33-40d8-b217-31d172d50e7f'),(1956,1000061,800,0,800,'2023-08-04',NULL,'2023-08-04 14:39:55',1001,181549,'30f6aed0-658d-49ff-9174-6d6b089b7e7b'),(1957,NULL,560,0,0,'2023-09-04',NULL,NULL,NULL,NULL,'30f6aed0-658d-49ff-9174-6d6b089b7e7b'),(1958,NULL,560,0,0,'2023-09-18',NULL,NULL,NULL,NULL,'30f6aed0-658d-49ff-9174-6d6b089b7e7b'),(1959,1000064,5640,0,5640,'2023-08-04',NULL,'2023-08-04 17:28:21',1001,181549,'72dae4a8-18fc-4548-803b-a27f4ba766cd'),(1960,1000067,4390,0,4390,'2023-08-05',NULL,'2023-08-05 12:12:58',1001,312965,'abaa1118-c008-4a05-9ccb-edc9f1c6a34f'),(1961,1000068,1000,0,1000,'2023-08-05',NULL,'2023-08-05 12:15:09',1001,312965,'f1685d47-a394-4ff3-9485-695c17b9ad09'),(1962,NULL,797,0,0,'2023-09-05',NULL,NULL,NULL,NULL,'f1685d47-a394-4ff3-9485-695c17b9ad09'),(1963,NULL,798,0,0,'2023-10-05',NULL,NULL,NULL,NULL,'f1685d47-a394-4ff3-9485-695c17b9ad09'),(1964,NULL,130,0,0,'2023-08-25',NULL,NULL,NULL,NULL,'7d7b701b-a42b-42ac-be70-8ba3aa8531d5'),(1965,1000072,3840,0,3840,'2023-08-05',NULL,'2023-08-05 20:45:43',1001,181549,'26ae06f6-1fbf-46f7-bda6-6db433b50766'),(1966,1000077,140,0,140,'2023-08-07',NULL,'2023-08-07 10:52:56',1001,181549,'1b438fb4-b6d3-49db-af59-a4608f88bbe0'),(1967,1000078,390,0,390,'2023-08-07',NULL,'2023-08-07 10:57:10',1001,181549,'8bbd145b-4511-4d4a-8543-a8f78209ea20'),(1968,1000079,390,0,390,'2023-08-07',NULL,'2023-08-07 10:57:16',1001,181549,'4b806663-a513-4460-b01e-e2794a110d68'),(1969,1000080,390,0,390,'2023-08-07',NULL,'2023-08-07 10:57:37',1001,181549,'6d79dd23-5220-46b2-a391-bb6522756889'),(1970,1000081,390,0,390,'2023-08-07',NULL,'2023-08-07 10:58:08',1001,181549,'c0f7acef-179f-418f-9db5-a556faa8300d'),(1971,NULL,390,0,0,'2023-09-07',NULL,NULL,NULL,NULL,'c0f7acef-179f-418f-9db5-a556faa8300d'),(1972,NULL,390,0,0,'2023-10-07',NULL,NULL,NULL,NULL,'c0f7acef-179f-418f-9db5-a556faa8300d'),(1973,NULL,390,0,0,'2023-11-07',NULL,NULL,NULL,NULL,'c0f7acef-179f-418f-9db5-a556faa8300d'),(1974,NULL,390,0,0,'2023-12-07',NULL,NULL,NULL,NULL,'c0f7acef-179f-418f-9db5-a556faa8300d'),(1975,NULL,390,0,0,'2024-01-07',NULL,NULL,NULL,NULL,'c0f7acef-179f-418f-9db5-a556faa8300d'),(1976,NULL,390,0,0,'2024-02-07',NULL,NULL,NULL,NULL,'c0f7acef-179f-418f-9db5-a556faa8300d'),(1977,NULL,390,0,0,'2024-03-07',NULL,NULL,NULL,NULL,'c0f7acef-179f-418f-9db5-a556faa8300d'),(1978,NULL,390,0,0,'2024-04-07',NULL,NULL,NULL,NULL,'c0f7acef-179f-418f-9db5-a556faa8300d'),(1979,NULL,390,0,0,'2024-05-07',NULL,NULL,NULL,NULL,'c0f7acef-179f-418f-9db5-a556faa8300d'),(1980,NULL,390,0,0,'2024-06-07',NULL,NULL,NULL,NULL,'c0f7acef-179f-418f-9db5-a556faa8300d'),(1981,NULL,390,0,0,'2024-07-07',NULL,NULL,NULL,NULL,'c0f7acef-179f-418f-9db5-a556faa8300d'),(1982,NULL,150,0,0,'2023-09-07',NULL,NULL,NULL,NULL,'a2e0dd62-8027-48ee-b6e7-c460e177000b'),(1983,NULL,530,0,0,'2023-10-07',NULL,NULL,NULL,NULL,'a2e0dd62-8027-48ee-b6e7-c460e177000b'),(1984,NULL,530,0,0,'2023-11-07',NULL,NULL,NULL,NULL,'a2e0dd62-8027-48ee-b6e7-c460e177000b'),(1985,NULL,380,0,0,'2023-08-15',NULL,NULL,NULL,NULL,'a2e0dd62-8027-48ee-b6e7-c460e177000b'),(1986,NULL,380,0,0,'2023-08-16',NULL,NULL,NULL,NULL,'fdbb1c13-f82a-4f61-b85e-b94698cfc2e6'),(1987,NULL,530,0,0,'2023-09-07',NULL,NULL,NULL,NULL,'fdbb1c13-f82a-4f61-b85e-b94698cfc2e6'),(1988,NULL,530,0,0,'2023-09-21',NULL,NULL,NULL,NULL,'fdbb1c13-f82a-4f61-b85e-b94698cfc2e6'),(1989,1000082,150,0,150,'2023-08-07',NULL,'2023-08-07 12:13:31',1001,312965,'fdbb1c13-f82a-4f61-b85e-b94698cfc2e6'),(1990,1000086,250,0,250,'2023-08-07',NULL,'2023-08-07 18:52:55',1001,181549,'fd9e77ab-b839-426e-9854-536497a916d4'),(1991,1000092,100,0,100,'2023-08-10',NULL,'2023-08-10 17:54:41',1001,181549,'5ef1e85f-d9ee-400f-a2e4-1420d0c5a661'),(1992,NULL,410,0,0,'2023-09-10',NULL,NULL,NULL,NULL,'5c44bb34-cefb-43aa-ba3d-b5523f40b541'),(1993,NULL,410,0,0,'2023-10-10',NULL,NULL,NULL,NULL,'5c44bb34-cefb-43aa-ba3d-b5523f40b541'),(1994,NULL,410,0,0,'2023-11-10',NULL,NULL,NULL,NULL,'5c44bb34-cefb-43aa-ba3d-b5523f40b541'),(1995,NULL,410,0,0,'2023-12-10',NULL,NULL,NULL,NULL,'5c44bb34-cefb-43aa-ba3d-b5523f40b541'),(1996,NULL,410,0,0,'2024-01-10',NULL,NULL,NULL,NULL,'5c44bb34-cefb-43aa-ba3d-b5523f40b541'),(1997,NULL,410,0,0,'2024-02-10',NULL,NULL,NULL,NULL,'5c44bb34-cefb-43aa-ba3d-b5523f40b541'),(1998,NULL,410,0,0,'2024-03-10',NULL,NULL,NULL,NULL,'5c44bb34-cefb-43aa-ba3d-b5523f40b541'),(1999,NULL,410,0,0,'2024-04-10',NULL,NULL,NULL,NULL,'5c44bb34-cefb-43aa-ba3d-b5523f40b541'),(2000,NULL,410,0,0,'2024-05-10',NULL,NULL,NULL,NULL,'5c44bb34-cefb-43aa-ba3d-b5523f40b541'),(2001,NULL,410,0,0,'2024-06-10',NULL,NULL,NULL,NULL,'5c44bb34-cefb-43aa-ba3d-b5523f40b541'),(2002,NULL,410,0,0,'2024-07-10',NULL,NULL,NULL,NULL,'5c44bb34-cefb-43aa-ba3d-b5523f40b541'),(2003,NULL,410,0,0,'2024-08-10',NULL,NULL,NULL,NULL,'5c44bb34-cefb-43aa-ba3d-b5523f40b541'),(2004,1000093,125,0,125,'2023-08-10',NULL,'2023-08-10 20:00:21',1001,181549,'2a4e7d44-8a32-44b5-8e7f-75a42298ba34');
/*!40000 ALTER TABLE `sp_salepayments` ENABLE KEYS */;
UNLOCK TABLES;

--
-- Table structure for table `st_states`
--

DROP TABLE IF EXISTS `st_states`;
/*!40101 SET @saved_cs_client     = @@character_set_client */;
/*!40101 SET character_set_client = utf8 */;
CREATE TABLE `st_states` (
  `st_id` int(11) NOT NULL AUTO_INCREMENT,
  `st_name` varchar(50) NOT NULL,
  `st_status` tinyint(1) NOT NULL DEFAULT 0,
  PRIMARY KEY (`st_id`)
) ENGINE=InnoDB AUTO_INCREMENT=1005 DEFAULT CHARSET=utf8mb4 COLLATE=utf8mb4_general_ci;
/*!40101 SET character_set_client = @saved_cs_client */;

--
-- Dumping data for table `st_states`
--

LOCK TABLES `st_states` WRITE;
/*!40000 ALTER TABLE `st_states` DISABLE KEYS */;
INSERT INTO `st_states` VALUES (1001,'Guatemala',1),(1002,'',0),(1003,'Sacatepequez',1),(1004,'Escuintla',1);
/*!40000 ALTER TABLE `st_states` ENABLE KEYS */;
UNLOCK TABLES;

--
-- Table structure for table `ts_typessales`
--

DROP TABLE IF EXISTS `ts_typessales`;
/*!40101 SET @saved_cs_client     = @@character_set_client */;
/*!40101 SET character_set_client = utf8 */;
CREATE TABLE `ts_typessales` (
  `ts_id` int(11) NOT NULL AUTO_INCREMENT,
  `ts_name` varchar(50) NOT NULL,
  PRIMARY KEY (`ts_id`)
) ENGINE=InnoDB AUTO_INCREMENT=1005 DEFAULT CHARSET=utf8mb4 COLLATE=utf8mb4_general_ci;
/*!40101 SET character_set_client = @saved_cs_client */;

--
-- Dumping data for table `ts_typessales`
--

LOCK TABLES `ts_typessales` WRITE;
/*!40000 ALTER TABLE `ts_typessales` DISABLE KEYS */;
INSERT INTO `ts_typessales` VALUES (1001,'De contado'),(1002,'Credito'),(1003,'Fuera de tienda de contado'),(1004,'Fuera de tienda a credito');
/*!40000 ALTER TABLE `ts_typessales` ENABLE KEYS */;
UNLOCK TABLES;

--
-- Table structure for table `us_users`
--

DROP TABLE IF EXISTS `us_users`;
/*!40101 SET @saved_cs_client     = @@character_set_client */;
/*!40101 SET character_set_client = utf8 */;
CREATE TABLE `us_users` (
  `us_id` int(11) NOT NULL,
  `us_password` varchar(70) NOT NULL,
  `us_permissions` text DEFAULT NULL,
  `us_status` tinyint(1) NOT NULL DEFAULT 0,
  `us_regdate` datetime NOT NULL DEFAULT current_timestamp(),
  `pe_id` varchar(36) NOT NULL,
  `mem_id` int(11) NOT NULL DEFAULT 665590,
  PRIMARY KEY (`us_id`),
  KEY `mem_id` (`mem_id`),
  KEY `pe_id` (`pe_id`),
  CONSTRAINT `us_users_ibfk_1` FOREIGN KEY (`mem_id`) REFERENCES `mem_memberships` (`mem_id`),
  CONSTRAINT `us_users_ibfk_2` FOREIGN KEY (`pe_id`) REFERENCES `pe_persons` (`pe_id`)
) ENGINE=InnoDB DEFAULT CHARSET=utf8mb4 COLLATE=utf8mb4_general_ci;
/*!40101 SET character_set_client = @saved_cs_client */;

--
-- Dumping data for table `us_users`
--

LOCK TABLES `us_users` WRITE;
/*!40000 ALTER TABLE `us_users` DISABLE KEYS */;
INSERT INTO `us_users` VALUES (134422,'$2b$12$W88E1W118XZikGbvS7WNauuR0fGpepuBTMqkpzIA/znpqrYwRJ40.','[\'/pos/manage/customers\', \'/pos/manage/sales\', \'/pos/manage/addresses\', \'/pos/manage/sale/payments\', \'/pos/manage/sale/payments/split\']',1,'2023-08-01 00:09:11','d574014e-cd51-460e-ba59-da0f2cbde2d3',111529),(181549,'$2b$12$OpB5dQXT2dBErSIPlg3AJuUzvdrFSqtdMUws426Pb/h6I17vs9qLy','[\'/pos/statistics\', \'/pos/manage/customers\', \'/pos/manage/products\', \'/pos/manage/providers\', \'/pos/manage/categories\', \'/pos/manage/brands\', \'/pos/manage/sales\', \'/pos/manage/addresses\', \'/pos/manage/sale/payments\', \'/pos/manage/sale/payments/edit\', \'/pos/manage/sale/payments/split\']',1,'2023-06-25 23:59:54','f98ff4d9-a90c-44a2-9a11-2c3b492dc510',111529),(206506,'$2b$12$c5QpRpxLh/OYZNM9M5KCQecnCpsKqs45WK1QHJscUN6MFpF45dsnC','[\'/pos/statistics\', \'/pos/manage/users\', \'/pos/manage/customers\', \'/pos/manage/paymentmethods\', \'/pos/manage/locations\', \'/pos/manage/products\', \'/pos/manage/providers\', \'/pos/manage/categories\', \'/pos/manage/brands\', \'/pos/manage/cities\', \'/pos/manage/states\', \'/pos/manage/sales\', \'/pos/manage/dbbackup\', \'/pos/manage/addresses\', \'/pos/manage/sale/payments\', \'/pos/manage/sale/payments/edit\', \'/pos/manage/sale/payments/split\']',1,'2023-06-21 13:15:07','86302e2b-809c-490c-819a-367f88f4af67',111529),(262761,'$2b$12$hzqLp2lxVTDoDNdCVHocnO03qz1Ecgu0Anq0mNy1RPZyPppGcgd/i','[\'/pos/manage/customers\', \'/pos/manage/sales\', \'/pos/manage/addresses\', \'/pos/manage/sale/payments\', \'/pos/manage/sale/payments/split\']',1,'2023-08-01 00:10:38','191682cc-6418-4361-a751-6ef8e2a8b33a',111529),(263899,'$2b$12$PluQojW52KsQOmZe/.F8f.f7sbJcbM9AYlOyqA1hlLptSoGqA9LaO','[\'/pos/statistics\', \'/pos/manage/users\', \'/pos/manage/customers\', \'/pos/manage/paymentmethods\', \'/pos/manage/locations\', \'/pos/manage/products\', \'/pos/manage/providers\', \'/pos/manage/categories\', \'/pos/manage/brands\', \'/pos/manage/cities\', \'/pos/manage/states\', \'/pos/manage/sales\', \'/pos/manage/dbbackup\', \'/pos/manage/addresses\', \'/pos/manage/sale/payments\', \'/pos/manage/sale/payments/edit\', \'/pos/manage/sale/payments/split\']',1,'2023-06-23 11:32:06','ea01b71f-51df-4e9a-a402-018e399e611b',111529),(312965,'$2b$12$IpfJ36L4QPu3lbjGTpx.e.9Zc8w3wuF6grG1jNA0eJF/HxEhiQEO.','[\'/pos/statistics\', \'/pos/manage/customers\', \'/pos/manage/products\', \'/pos/manage/providers\', \'/pos/manage/categories\', \'/pos/manage/brands\', \'/pos/manage/sales\', \'/pos/manage/addresses\', \'/pos/manage/sale/payments\', \'/pos/manage/sale/payments/edit\', \'/pos/manage/sale/payments/split\']',1,'2023-07-18 20:18:13','3b2bdf70-3f6c-4930-a526-7f4a6d681ae2',111529),(416231,'$2b$12$o2/peyfljvkrwc3xtpHPC.zshXJunlbdIuV92SwWlQE5gDhikPsOO','[\'/pos/statistics\', \'/pos/manage/customers\', \'/pos/manage/products\', \'/pos/manage/sales\', \'/pos/manage/addresses\', \'/pos/manage/sale/payments\', \'/pos/manage/sale/payments/split\']',1,'2023-08-05 15:38:30','0d4a7e16-7423-4ef8-a516-52e7adf0386c',111529),(791950,'$2b$12$XqVWFgumVVe1wHyMrTLfYug.lh.3gtrml1XLBSA/6wUyO3DV0caFy','[\'/pos/manage/customers\', \'/pos/manage/sales\', \'/pos/manage/addresses\', \'/pos/manage/sale/payments\', \'/pos/manage/sale/payments/edit\', \'/pos/manage/sale/payments/split\']',1,'2023-06-25 23:58:58','c70dd5a9-f7a8-4964-a0c5-f6310bc1dddd',111529);
/*!40000 ALTER TABLE `us_users` ENABLE KEYS */;
UNLOCK TABLES;
/*!40103 SET TIME_ZONE=@OLD_TIME_ZONE */;

/*!40101 SET SQL_MODE=@OLD_SQL_MODE */;
/*!40014 SET FOREIGN_KEY_CHECKS=@OLD_FOREIGN_KEY_CHECKS */;
/*!40014 SET UNIQUE_CHECKS=@OLD_UNIQUE_CHECKS */;
/*!40101 SET CHARACTER_SET_CLIENT=@OLD_CHARACTER_SET_CLIENT */;
/*!40101 SET CHARACTER_SET_RESULTS=@OLD_CHARACTER_SET_RESULTS */;
/*!40101 SET COLLATION_CONNECTION=@OLD_COLLATION_CONNECTION */;
/*!40111 SET SQL_NOTES=@OLD_SQL_NOTES */;

-- Dump completed on 2023-08-11 11:15:17
